source_file,interval_start,interval_end,week_label,week_number,area_name,area_code,forecast_min_mw,actual_min_mw,actual_max_mw,forecast_max_mw,data_year,created_at,year,month,quarter,week_of_year,season,is_winter,is_spring,is_summer,is_autumn,week_sin,week_cos,error_min_mw,error_max_mw,abs_error_min_mw,abs_error_max_mw,actual_min_mw_lag_1,actual_min_mw_lag_2,actual_min_mw_lag_3,actual_min_mw_lag_4,actual_max_mw_lag_1,actual_max_mw_lag_2,actual_max_mw_lag_3,actual_max_mw_lag_4,forecast_min_mw_lag_1,forecast_min_mw_lag_2,forecast_min_mw_lag_3,forecast_min_mw_lag_4,forecast_max_mw_lag_1,forecast_max_mw_lag_2,forecast_max_mw_lag_3,forecast_max_mw_lag_4,actual_min_mw_roll_mean_3,actual_min_mw_roll_std_3,actual_min_mw_roll_mean_4,actual_min_mw_roll_std_4,actual_min_mw_roll_mean_8,actual_min_mw_roll_std_8,actual_max_mw_roll_mean_3,actual_max_mw_roll_std_3,actual_max_mw_roll_mean_4,actual_max_mw_roll_std_4,actual_max_mw_roll_mean_8,actual_max_mw_roll_std_8,forecast_min_mw_roll_mean_3,forecast_min_mw_roll_std_3,forecast_min_mw_roll_mean_4,forecast_min_mw_roll_std_4,forecast_min_mw_roll_mean_8,forecast_min_mw_roll_std_8,forecast_max_mw_roll_mean_3,forecast_max_mw_roll_std_3,forecast_max_mw_roll_mean_4,forecast_max_mw_roll_std_4,forecast_max_mw_roll_mean_8,forecast_max_mw_roll_std_8,actual_min_mw_diff_1,actual_min_mw_pct_change_1,actual_max_mw_diff_1,actual_max_mw_pct_change_1,forecast_min_mw_diff_1,forecast_min_mw_pct_change_1,forecast_max_mw_diff_1,forecast_max_mw_pct_change_1,range_actual_mw,range_forecast_mw,range_actual_diff_1,range_forecast_diff_1
GUI_TOTAL_LOAD_YEARAHEAD_201812312300-201912312300.csv,2018-12-31,2019-12-30,Week 1,1,Poland,PL,12898.5,12992.96,24945.56,27700.0,2019,2026-07-06 20:09:35,2019,12,4,1,winter,1,0,0,0,0.12053668025532305,0.992708874098054,94.45999999999913,-2754.4399999999987,94.45999999999913,2754.4399999999987,,,,,,,,,,,,,,,,,,,,,,,,,,,,,,,,,,,,,,,,,,,,,,,,,11952.600000000002,14801.5,,
GUI_TOTAL_LOAD_YEARAHEAD_201812312300-201912312300.csv,2018-12-31,2019-12-30,Week 2,2,Poland,PL,14170.9,15513.79,25954.28,27700.0,2019,2026-07-06 20:09:35,2019,12,4,2,winter,1,0,0,0,0.23931566428755774,0.970941817426052,1342.8900000000012,-1745.7200000000012,1342.8900000000012,1745.7200000000012,12992.96,,,,24945.56,,,,12898.5,,,,27700.0,,,,,,,,,,,,,,,,,,,,,,,,,,,,2520.8300000000017,0.19401506662069323,1008.7199999999975,0.040436855296092755,1272.3999999999996,0.09864712951118348,0.0,0.0,10440.489999999998,13529.1,-1512.1100000000042,-1272.3999999999996
GUI_TOTAL_LOAD_YEARAHEAD_201812312300-201912312300.csv,2018-12-31,2019-12-30,Week 3,3,Poland,PL,15434.4,15798.93,25264.46,27700.0,2019,2026-07-06 20:09:35,2019,12,4,3,winter,1,0,0,0,0.3546048870425356,0.9350162426854148,364.53000000000065,-2435.540000000001,364.53000000000065,2435.540000000001,15513.79,12992.96,,,25954.28,24945.56,,,14170.9,12898.5,,,27700.0,27700.0,,,,,,,,,,,,,,,,,,,,,,,,,,,285.1399999999994,0.01837977695972426,-689.8199999999997,-0.026578275336476276,1263.5,0.08916159171259408,0.0,0.0,9465.529999999999,12265.6,-974.9599999999991,-1263.5
GUI_TOTAL_LOAD_YEARAHEAD_201812312300-201912312300.csv,2018-12-31,2019-12-30,Week 4,4,Poland,PL,15483.2,16055.43,26135.58,27700.0,2019,2026-07-06 20:09:35,2019,12,4,4,winter,1,0,0,0,0.4647231720437685,0.8854560256532099,572.2299999999996,-1564.4199999999983,572.2299999999996,1564.4199999999983,15798.93,15513.79,12992.96,,25264.46,25954.28,24945.56,,15434.4,14170.9,12898.5,,27700.0,27700.0,27700.0,,14768.56,1544.309789161489,,,,,25388.100000000002,515.6007629940045,,,,,14167.933333333334,1267.952602952228,,,,,27700.0,0.0,,,,,256.5,0.01623527669278868,871.1200000000026,0.03448005617377148,48.80000000000109,0.0031617685170788334,0.0,0.0,10080.150000000001,12216.8,614.6200000000026,-48.80000000000109
GUI_TOTAL_LOAD_YEARAHEAD_201812312300-201912312300.csv,2018-12-31,2019-12-30,Week 5,5,Poland,PL,15090.6,14985.68,25339.89,27700.0,2019,2026-07-06 20:09:35,2019,12,4,5,winter,1,0,0,0,0.5680647467311558,0.8229838658936564,-104.92000000000007,-2360.1100000000006,104.92000000000007,2360.1100000000006,16055.43,15798.93,15513.79,12992.96,26135.58,25264.46,25954.28,24945.56,15483.2,15434.4,14170.9,12898.5,27700.0,27700.0,27700.0,27700.0,15789.383333333333,270.94616906930895,15090.2775,1415.604846873473,,,25784.773333333334,459.63234887607445,25574.97,562.9485045721327,,,15029.5,743.9696431978896,14496.75,1226.4926158223152,,,27700.0,0.0,27700.0,0.0,,,-1069.75,-0.0666285487215229,-795.6900000000023,-0.03044470411599831,-392.60000000000036,-0.02535651544900286,0.0,0.0,10354.21,12609.4,274.0599999999977,392.60000000000036
GUI_TOTAL_LOAD_YEARAHEAD_201812312300-201912312300.csv,2018-12-31,2019-12-30,Week 6,6,Poland,PL,15084.5,15152.4,24931.56,27400.0,2019,2026-07-06 20:09:35,2019,12,4,6,winter,1,0,0,0,0.6631226582407952,0.7485107481711011,67.89999999999964,-2468.4399999999987,67.89999999999964,2468.4399999999987,14985.68,16055.43,15798.93,15513.79,25339.89,26135.58,25264.46,25954.28,15090.6,15483.2,15434.4,14170.9,27700.0,27700.0,27700.0,27700.0,15613.346666666666,558.4999067442487,15588.4575,458.7221159827239,,,25579.97666666667,482.64243414077947,25673.5525,436.25859207393773,,,15336.066666666666,213.97610458489606,15044.775,608.2163999487889,,,27700.0,0.0,27700.0,0.0,,,166.71999999999935,0.011125287607902878,-408.3299999999981,-0.016114118885283135,-6.100000000000364,-0.0004042251467801794,-300.0,-0.010830324909747335,9779.160000000002,12315.5,-575.0499999999975,-293.89999999999964
GUI_TOTAL_LOAD_YEARAHEAD_201812312300-201912312300.csv,2018-12-31,2019-12-30,Week 7,7,Poland,PL,15570.6,14766.14,24699.6,27400.0,2019,2026-07-06 20:09:35,2019,12,4,7,winter,1,0,0,0,0.7485107481711011,0.6631226582407953,-804.460000000001,-2700.4000000000015,804.460000000001,2700.4000000000015,15152.4,14985.68,16055.43,15798.93,24931.56,25339.89,26135.58,25264.46,15084.5,15090.6,15483.2,15434.4,27400.0,27700.0,27700.0,27700.0,15397.836666666668,575.5611467371077,15498.11,510.94623454919514,,,25469.01,612.3071295518314,25417.8725,510.3007507588069,,,15219.433333333334,228.44899503680793,15273.175,215.27957597814958,,,27600.0,173.20508075688772,27625.0,150.0,,,-386.2600000000002,-0.025491671286396844,-231.96000000000276,-0.009303870275265691,486.10000000000036,0.03222513175776465,0.0,0.0,9933.46,11829.4,154.29999999999745,-486.10000000000036
GUI_TOTAL_LOAD_YEARAHEAD_201812312300-201912312300.csv,2018-12-31,2019-12-30,Week 8,8,Poland,PL,15452.3,15221.48,24560.56,27400.0,2019,2026-07-06 20:09:35,2019,12,4,8,winter,1,0,0,0,0.8229838658936564,0.5680647467311559,-230.8199999999997,-2839.4399999999987,230.8199999999997,2839.4399999999987,14766.14,15152.4,14985.68,16055.43,24699.6,24931.56,25339.89,26135.58,15570.6,15084.5,15090.6,15483.2,27400.0,27400.0,27700.0,27700.0,14968.073333333334,193.73098082994758,15239.9125,566.2219165294956,,,24990.349999999995,324.1681956947733,25276.6575,630.8285168134071,,,15248.566666666666,278.9057248127532,15307.225000000002,256.16817880707225,,,27500.0,173.20508075688772,27550.0,173.20508075688772,,,455.34000000000015,0.03083676573566274,-139.03999999999724,-0.005629240959367676,-118.30000000000109,-0.00759765198515161,0.0,0.0,9339.080000000002,11947.7,-594.3799999999974,118.30000000000109
GUI_TOTAL_LOAD_YEARAHEAD_201812312300-201912312300.csv,2018-12-31,2019-12-30,Week 9,9,Poland,PL,16332.0,15023.25,24220.56,27400.0,2019,2026-07-06 20:09:35,2019,12,4,9,winter,1,0,0,0,0.8854560256532099,0.4647231720437686,-1308.75,-3179.4399999999987,1308.75,3179.4399999999987,15221.48,14766.14,15152.4,14985.68,24560.56,24699.6,24931.56,25339.89,15452.3,15570.6,15084.5,15090.6,27400.0,27400.0,27400.0,27700.0,15046.673333333332,245.39198221077643,15031.425,202.66934474656446,15060.85125,936.7087572138271,24730.573333333334,187.42934811106622,24882.9025,340.93480377486156,25228.93625,567.8729142016975,15369.133333333333,253.49718604616984,15299.5,249.4709468722399,14898.125,924.9227608678617,27400.0,0.0,27475.0,150.0,27587.5,155.26475085202958,-198.22999999999956,-0.013023043751330343,-340.0,-0.01384333256244974,879.7000000000007,0.056930036305274934,0.0,0.0,9197.310000000001,11068.0,-141.77000000000044,-879.7000000000007
GUI_TOTAL_LOAD_YEARAHEAD_201812312300-201912312300.csv,2018-12-31,2019-12-30,Week 10,10,Poland,PL,16145.4,14460.68,23769.44,26100.0,2019,2026-07-06 20:09:35,2019,12,4,10,winter,1,0,0,0,0.9350162426854148,0.35460488704253557,-1684.7199999999993,-2330.5600000000013,1684.7199999999993,2330.5600000000013,15023.25,15221.48,14766.14,15152.4,24220.56,24560.56,24699.6,24931.56,16332.0,15452.3,15570.6,15084.5,27400.0,27400.0,27400.0,27400.0,15003.623333333331,228.3035992561959,15040.8175,200.7037113716016,15314.6375,439.47095102276853,24493.573333333334,246.44520797398155,24603.07,297.40248889342814,25138.31125,668.4924365730376,15784.966666666667,477.42310724694096,15609.85,524.0406504588486,15327.3125,606.1891370038132,27400.0,0.0,27400.0,0.0,27550.0,160.35674514745466,-562.5699999999997,-0.03744662439884838,-451.1200000000026,-0.018625498336950153,-186.60000000000036,-0.011425422483468006,-1300.0,-0.04744525547445255,9308.759999999998,9954.6,111.44999999999709,-1113.3999999999996
GUI_TOTAL_LOAD_YEARAHEAD_201812312300-201912312300.csv,2018-12-31,2019-12-30,Week 11,11,Poland,PL,14443.5,14576.69,24033.24,26100.0,2019,2026-07-06 20:09:35,2019,12,4,11,winter,1,0,0,0,0.970941817426052,0.23931566428755804,133.1900000000005,-2066.7599999999984,133.1900000000005,2066.7599999999984,14460.68,15023.25,15221.48,14766.14,23769.44,24220.56,24560.56,24699.6,16145.4,16332.0,15452.3,15570.6,26100.0,27400.0,27400.0,27400.0,14901.803333333331,394.6721799586752,14867.887499999999,329.31022065068345,15182.99875,521.3847807367684,24183.52,396.85851987831546,24312.54,414.22509758182736,24865.20625,730.8984426412175,15976.566666666666,463.51541865759197,15875.075,429.45693905210175,15574.125,449.90521144538155,26966.666666666668,750.555349946514,27075.0,650.0,27350.0,526.4435935053792,116.01000000000022,0.00802244431105592,263.8000000000029,0.011098284183388651,-1701.8999999999996,-0.10541082909063881,0.0,0.0,9456.550000000001,11656.5,147.7900000000027,1701.8999999999996
GUI_TOTAL_LOAD_YEARAHEAD_201812312300-201912312300.csv,2018-12-31,2019-12-30,Week 12,12,Poland,PL,15427.4,13906.98,23912.05,26100.0,2019,2026-07-06 20:09:35,2019,12,4,12,winter,1,0,0,0,0.992708874098054,0.120536680255323,-1520.42,-2187.9500000000007,1520.42,2187.9500000000007,14576.69,14460.68,15023.25,15221.48,24033.24,23769.44,24220.56,24560.56,14443.5,16145.4,16332.0,15452.3,26100.0,26100.0,27400.0,27400.0,14686.873333333335,297.0295043145237,14820.525,360.9276330512834,15030.21875,493.44268671208664,24007.74666666667,226.63791856911374,24145.949999999997,332.6316423112434,24711.303750000003,763.7093858630758,15640.300000000001,1040.6500708691622,15593.3,854.8709727204453,15450.262499999999,603.9107501172191,26533.333333333332,750.555349946514,26750.0,750.5553499465137,27150.0,661.1677980232075,-669.710000000001,-0.04594390084443045,-121.19000000000233,-0.005042599333256903,983.8999999999996,0.06812060788590024,0.0,0.0,10005.07,10672.6,548.5199999999986,-983.8999999999996
GUI_TOTAL_LOAD_YEARAHEAD_201812312300-201912312300.csv,2018-12-31,2019-12-30,Week 13,13,Poland,PL,14832.8,14209.64,23876.78,26100.0,2019,2026-07-06 20:09:35,2019,12,4,13,winter,1,0,0,0,1.0,-1.6081226496766366e-16,-623.1599999999999,-2223.220000000001,623.1599999999999,2223.220000000001,13906.98,14576.69,14460.68,15023.25,23912.05,24033.24,23769.44,24220.56,15427.4,14443.5,16145.4,16332.0,26100.0,26100.0,26100.0,27400.0,14314.783333333335,357.8997751233294,14491.900000000001,459.21246404397243,14761.6625,437.2033365690873,23904.91,132.04485866555387,23983.8225,191.13510167333095,24433.3625,544.45217491005,15338.766666666668,854.4049410749731,15587.075,856.3293656648708,15443.2875,603.7982123607186,26100.0,0.0,26425.0,650.0,26950.0,711.1359122659225,302.65999999999985,0.021763172162468036,-35.27000000000044,-0.001474988551797174,-594.6000000000004,-0.0385418152118957,0.0,0.0,9667.14,11267.2,-337.9300000000003,594.6000000000004
GUI_TOTAL_LOAD_YEARAHEAD_201812312300-201912312300.csv,2018-12-31,2019-12-30,Week 14,14,Poland,PL,12552.9,13678.13,22650.56,24000.0,2019,2026-07-06 20:09:35,2019,12,4,14,winter,1,0,0,0,0.992708874098054,-0.12053668025532288,1125.2299999999996,-1349.4399999999987,1125.2299999999996,1349.4399999999987,14209.64,13906.98,14576.69,14460.68,23876.78,23912.05,24033.24,23769.44,14832.8,15427.4,14443.5,16145.4,26100.0,26100.0,26100.0,26100.0,14231.103333333333,335.3705071012194,14288.497500000001,296.91516098879833,14664.6575,465.5707008684531,23940.69,82.06777747695135,23897.8775,108.7277365333878,24250.47375,430.1831515906888,14901.233333333332,495.5069558879397,15212.275,742.0730663710494,15411.0625,631.5519296316244,26100.0,0.0,26100.0,0.0,26750.0,694.8792289723032,-531.5100000000002,-0.03740488851230572,-1226.2199999999975,-0.05135617114200486,-2279.8999999999996,-0.1537066501267461,-2100.0,-0.08045977011494254,8972.430000000002,11447.1,-694.7099999999973,179.89999999999964
GUI_TOTAL_LOAD_YEARAHEAD_201812312300-201912312300.csv,2018-12-31,2019-12-30,Week 15,15,Poland,PL,13308.3,14139.38,23153.55,24000.0,2019,2026-07-06 20:09:35,2019,12,4,15,winter,1,0,0,0,0.9709418174260521,-0.2393156642875575,831.0799999999999,-846.4500000000007,831.0799999999999,846.4500000000007,13678.13,14209.64,13906.98,14576.69,22650.56,23876.78,23912.05,24033.24,12552.9,14832.8,15427.4,14443.5,24000.0,26100.0,26100.0,26100.0,13931.583333333334,266.6077887709333,14092.86,389.1363876586263,14480.373749999999,531.9710384688649,23479.796666666665,718.3565133228319,23618.1575,648.5359930579571,23965.348749999997,625.7427826063383,14271.033333333333,1517.3575397161133,14314.15,1241.9147005061689,15094.6125,1198.41144072059,25400.0,1212.4355652982142,25575.0,1050.0,26325.0,1138.6081729148846,461.25,0.03372171488354048,502.98999999999796,0.022206514982410885,755.3999999999996,0.060177329541380775,0.0,0.0,9014.17,10691.7,41.73999999999796,-755.3999999999996
GUI_TOTAL_LOAD_YEARAHEAD_201812312300-201912312300.csv,2018-12-31,2019-12-30,Week 16,16,Poland,PL,12792.3,11874.89,22848.58,24000.0,2019,2026-07-06 20:09:35,2019,12,4,16,winter,1,0,0,0,0.9350162426854148,-0.35460488704253545,-917.4099999999999,-1151.4199999999983,917.4099999999999,1151.4199999999983,14139.38,13678.13,14209.64,13906.98,23153.55,22650.56,23876.78,23912.05,13308.3,12552.9,14832.8,15427.4,24000.0,24000.0,26100.0,26100.0,14009.049999999997,288.73024036285847,13983.5325,241.20808242056165,14402.02875,530.021990930228,23226.963333333333,616.3976072579577,23398.235,608.7965796279314,23772.092500000002,604.9777678264549,13564.666666666666,1161.3694086436667,14030.349999999999,1329.1462686000086,14811.825,1329.7651755640386,24700.0,1212.4355652982142,25050.0,1212.4355652982142,25900.0,1302.7443560203428,-2264.49,-0.16015482998547315,-304.9699999999975,-0.013171630268360435,-516.0,-0.038772795924348014,0.0,0.0,10973.690000000002,11207.7,1959.5200000000023,516.0
GUI_TOTAL_LOAD_YEARAHEAD_201812312300-201912312300.csv,2018-12-31,2019-12-30,Week 17,17,Poland,PL,12678.3,11399.64,22262.04,24000.0,2019,2026-07-06 20:09:35,2019,12,4,17,winter,1,0,0,0,0.8854560256532099,-0.4647231720437685,-1278.6599999999999,-1737.9599999999991,1278.6599999999999,1737.9599999999991,11874.89,14139.38,13678.13,14209.64,22848.58,23153.55,22650.56,23876.78,12792.3,13308.3,12552.9,14832.8,24000.0,24000.0,24000.0,26100.0,13230.799999999997,1196.6857719134064,13475.509999999998,1092.811280230949,13983.705,947.2844653610048,22884.23,253.3829648970171,23132.3675,537.6716720189618,23558.095,588.8028527687039,12884.5,386.04782087198805,13371.575,1023.8767027821224,14479.324999999999,1471.7215844523241,24000.0,0.0,24525.0,1050.0,25475.0,1298.0754985747174,-475.25,-0.04002142335634262,-586.5400000000009,-0.025670741901684946,-114.0,-0.008911610890926625,0.0,0.0,10862.400000000001,11321.7,-111.29000000000087,114.0
GUI_TOTAL_LOAD_YEARAHEAD_201812312300-201912312300.csv,2018-12-31,2019-12-30,Week 18,18,Poland,PL,12551.9,12554.58,21412.81,24000.0,2019,2026-07-06 20:09:35,2019,12,4,18,winter,1,0,0,0,0.8229838658936565,-0.5680647467311557,2.680000000000291,-2587.1899999999987,2.680000000000291,2587.1899999999987,11399.64,11874.89,14139.38,13678.13,22262.04,22848.58,23153.55,22650.56,12678.3,12792.3,13308.3,12552.9,24000.0,24000.0,24000.0,24000.0,12471.303333333335,1464.0100631598511,12773.009999999998,1339.0262485104643,13530.75375,1209.3005325622553,22754.72333333333,453.10520349399593,22728.682500000003,373.60681242673104,23313.280000000002,674.8804348073111,12926.299999999997,335.69629131107524,12832.949999999999,331.6396990711266,14022.6125,1378.6301114175428,24000.0,0.0,24000.0,0.0,25050.0,1122.497216032183,1154.9400000000005,0.10131372569660102,-849.2299999999996,-0.038146998208609784,-126.39999999999964,-0.009969790902565778,0.0,0.0,8858.230000000001,11448.1,-2004.17,126.39999999999964
GUI_TOTAL_LOAD_YEARAHEAD_201812312300-201912312300.csv,2018-12-31,2019-12-30,Week 19,19,Poland,PL,12371.3,12894.21,22277.66,23200.0,2019,2026-07-06 20:09:35,2019,12,4,19,winter,1,0,0,0,0.7485107481711013,-0.663122658240795,522.9099999999999,-922.3400000000001,522.9099999999999,922.3400000000001,12554.58,11399.64,11874.89,14139.38,21412.81,22262.04,22848.58,23153.55,12551.9,12678.3,12792.3,13308.3,24000.0,24000.0,24000.0,24000.0,11943.036666666667,580.4778867737407,12492.1225,1196.0841919189222,13292.49125,1187.485618252008,22174.476666666666,721.8790592844013,22419.245000000003,766.1934473964945,23018.701250000002,917.8963810713701,12674.166666666666,120.25328824337892,12832.699999999999,331.9214364875932,13573.425,1155.5431681990224,24000.0,0.0,24000.0,0.0,24787.5,1086.8532559642085,339.6299999999992,0.02705227892928308,864.8499999999985,0.04038937439784873,-180.60000000000036,-0.014388259944709603,-800.0,-0.033333333333333326,9383.45,10828.7,525.2199999999993,-619.3999999999996
GUI_TOTAL_LOAD_YEARAHEAD_201812312300-201912312300.csv,2018-12-31,2019-12-30,Week 20,20,Poland,PL,12256.7,12514.13,23215.05,23300.0,2019,2026-07-06 20:09:35,2019,12,4,20,winter,1,0,0,0,0.6631226582407952,-0.7485107481711012,257.4299999999985,-84.95000000000073,257.4299999999985,84.95000000000073,12894.21,12554.58,11399.64,11874.89,22277.66,21412.81,22262.04,22848.58,12371.3,12551.9,12678.3,12792.3,23200.0,24000.0,24000.0,24000.0,12282.81,783.4724442505794,12180.83,671.4306086260949,13082.181249999998,1070.8123625605444,21984.17,494.8739064650673,22200.272500000003,591.6654045080345,22799.25375,847.8824026940307,12533.833333333334,154.2953444966695,12598.45,180.47887226298596,13314.4,1164.8594335798664,23733.333333333332,461.8802153517001,23800.0,400.0,24425.0,1070.0467279516354,-380.0799999999999,-0.029476796174406905,937.3899999999994,0.04207757906351017,-114.59999999999854,-0.009263375716375699,100.0,0.004310344827586299,10700.92,11043.3,1317.4699999999993,214.59999999999854
GUI_TOTAL_LOAD_YEARAHEAD_201812312300-201912312300.csv,2018-12-31,2019-12-30,Week 21,21,Poland,PL,12220.7,12678.75,22271.31,23400.0,2019,2026-07-06 20:09:35,2019,12,4,21,winter,1,0,0,0,0.5680647467311558,-0.8229838658936564,458.0499999999993,-1128.6899999999987,458.0499999999993,1128.6899999999987,12514.13,12894.21,12554.58,11399.64,23215.05,22277.66,21412.81,22262.04,12256.7,12371.3,12551.9,12678.3,23300.0,23200.0,24000.0,24000.0,12654.306666666665,208.74447928823162,12340.64,650.0743159055033,12908.074999999999,1030.0041029737945,22301.84,901.3632778741311,22291.89,736.2290285411569,22712.12875,747.0108895828398,12393.300000000001,148.82459474163898,12464.55,187.27543885941097,12918.0625,836.2822044834642,23500.0,435.88989435406654,23625.0,434.93294502332935,24075.0,886.0022573334682,164.6200000000008,0.013154729893328554,-943.739999999998,-0.040652076993157316,-36.0,-0.0029371690585556776,100.0,0.0042918454935623185,9592.560000000001,11179.3,-1108.3599999999988,136.0
GUI_TOTAL_LOAD_YEARAHEAD_201812312300-201912312300.csv,2018-12-31,2019-12-30,Week 22,22,Poland,PL,12509.0,12455.64,22233.81,23500.0,2019,2026-07-06 20:09:35,2019,12,4,22,winter,1,0,0,0,0.46472317204376906,-0.8854560256532096,-53.36000000000058,-1266.1899999999987,53.36000000000058,1266.1899999999987,12678.75,12514.13,12894.21,12554.58,22271.31,23215.05,22277.66,21412.81,12220.7,12256.7,12371.3,12551.9,23400.0,23300.0,23200.0,24000.0,12695.696666666665,190.6058596510494,12660.4175,170.87678082468756,12716.713749999999,885.7542909365401,22588.006666666668,543.0447375984186,22294.2075,736.1183279145112,22511.445,588.2047481471446,12282.9,78.64426234642607,12350.150000000001,149.04204104877374,12591.550000000001,351.0773093534625,23300.0,99.99999999999636,23475.0,359.3976442141301,23737.5,366.2064211031045,-223.11000000000058,-0.017597160603371798,-37.5,-0.0016837806128152666,288.2999999999993,0.023591119984943454,100.0,0.004273504273504258,9778.170000000002,10991.0,185.61000000000058,-188.29999999999927
GUI_TOTAL_LOAD_YEARAHEAD_201812312300-201912312300.csv,2018-12-31,2019-12-30,Week 23,23,Poland,PL,12706.6,12434.49,22766.34,23700.0,2019,2026-07-06 20:09:35,2019,12,4,23,winter,1,0,0,0,0.35460488704253584,-0.9350162426854147,-272.1100000000006,-933.6599999999999,272.1100000000006,933.6599999999999,12455.64,12678.75,12514.13,12894.21,22233.81,22271.31,23215.05,22277.66,12509.0,12220.7,12256.7,12371.3,23500.0,23400.0,23300.0,23200.0,12549.506666666666,115.6855627695753,12635.682499999999,196.53802844490002,12563.9025,797.2231019115168,22573.39,556.010098109739,22499.4575,477.4538836631154,22459.35125,592.5624644454215,12328.800000000001,157.0924250242939,12339.425,130.01377811595296,12586.0625,352.10930095843565,23400.0,99.99999999999636,23350.0,129.09944487357967,23675.0,357.57117173668274,-21.149999999999636,-0.0016980259545072984,532.5299999999988,0.023951360563034374,197.60000000000036,0.01579662642897106,200.0,0.008510638297872353,10331.85,10993.4,553.6799999999985,2.399999999999636
GUI_TOTAL_LOAD_YEARAHEAD_201812312300-201912312300.csv,2018-12-31,2019-12-30,Week 24,24,Poland,PL,12732.1,13404.35,23740.4,23700.0,2019,2026-07-06 20:09:35,2019,12,4,24,winter,1,0,0,0,0.23931566428755768,-0.970941817426052,672.25,40.400000000001455,672.25,40.400000000001455,12434.49,12455.64,12678.75,12514.13,22766.34,22233.81,22271.31,23215.05,12706.6,12509.0,12220.7,12256.7,23700.0,23500.0,23400.0,23300.0,12522.96,135.33190200385,12520.752499999999,110.5862017839852,12350.79125,481.1058277830112,22423.820000000003,297.2230228296619,22621.6275,464.11806517845525,22410.95,541.360806539531,12478.766666666668,244.3567951446128,12423.25,228.3314038847578,12510.849999999999,212.3049154938881,23533.333333333332,152.75252316519277,23475.0,170.78251276599264,23637.5,333.5416016031604,969.8600000000006,0.07799756966309035,974.0600000000013,0.04278509413458642,25.5,0.0020068310956511404,0.0,0.0,10336.050000000001,10967.9,4.200000000000728,-25.5
GUI_TOTAL_LOAD_YEARAHEAD_201812312300-201912312300.csv,2018-12-31,2019-12-30,Week 25,25,Poland,PL,12799.8,12370.09,23071.29,23700.0,2019,2026-07-06 20:09:35,2019,12,4,25,winter,1,0,0,0,0.12053668025532308,-0.992708874098054,-429.7099999999991,-628.7099999999991,429.7099999999991,628.7099999999991,13404.35,12434.49,12455.64,12678.75,23740.4,22766.34,22233.81,22271.31,12732.1,12706.6,12509.0,12220.7,23700.0,23700.0,23500.0,23400.0,12764.826666666666,553.9444024749383,12743.307499999999,454.33676807519,12541.97375,562.0546206537282,22913.516666666666,764.0020192599876,22752.965,701.5982285467912,22522.4275,709.9295821769857,12649.233333333332,122.11307601295447,12542.1,236.3287399647319,12503.325,201.7063264820096,23633.333333333332,115.47005383792344,23575.0,149.99999999999963,23600.0,302.3715784073841,-1034.2600000000002,-0.07715853435638431,-669.1100000000006,-0.028184445080959075,67.69999999999891,0.005317268950133736,0.0,0.0,10701.2,10900.2,365.14999999999964,-67.69999999999891
GUI_TOTAL_LOAD_YEARAHEAD_201812312300-201912312300.csv,2018-12-31,2019-12-30,Week 26,26,Poland,PL,12197.8,12871.26,24008.78,23700.0,2019,2026-07-06 20:09:35,2019,12,4,26,winter,1,0,0,0,-3.216245299353273e-16,-1.0,673.460000000001,308.77999999999884,673.460000000001,308.77999999999884,12370.09,13404.35,12434.49,12455.64,23071.29,23740.4,22766.34,22233.81,12799.8,12732.1,12706.6,12509.0,23700.0,23700.0,23700.0,23500.0,12736.31,579.4350017042312,12666.1425,493.4813671170124,12663.279999999999,341.89257983005376,23192.676666666666,498.2461871739108,22952.96,628.7732737640791,22623.58375,725.0209632424857,12746.166666666666,48.1659976886711,12686.875,124.9345795472624,12518.5125,220.46508915409746,23700.0,0.0,23650.0,99.99999999999989,23562.5,261.52028055747127,501.1700000000001,0.04051466076641308,937.489999999998,0.04063448554458793,-602.0,-0.04703198487476368,0.0,0.0,11137.519999999999,11502.2,436.3199999999979,602.0
GUI_TOTAL_LOAD_YEARAHEAD_201812312300-201912312300.csv,2018-12-31,2019-12-30,Week 27,27,Poland,PL,12386.8,12753.3,23079.16,23800.0,2019,2026-07-06 20:09:35,2019,12,4,27,winter,1,0,0,0,-0.12053668025532283,-0.992708874098054,366.5,-720.8400000000001,366.5,720.8400000000001,12871.26,12370.09,13404.35,12434.49,24008.78,23071.29,23740.4,22766.34,12197.8,12799.8,12732.1,12706.6,23700.0,23700.0,23700.0,23700.0,12881.900000000001,517.2120881224494,12770.0475,477.8941546950282,12702.865,345.81951642851186,23606.823333333334,482.808367194831,23396.7025,576.199333007538,22948.08,685.565546225465,12576.566666666666,329.7634960594422,12609.074999999999,276.98942669348327,12474.25,246.77995403657818,23700.0,0.0,23700.0,0.0,23525.0,205.2872551885735,-117.96000000000095,-0.009164603931549942,-929.619999999999,-0.0387200015994148,189.0,0.01549459738641401,100.0,0.00421940928270037,10325.86,11413.2,-811.659999999998,-89.0
GUI_TOTAL_LOAD_YEARAHEAD_201812312300-201912312300.csv,2018-12-31,2019-12-30,Week 28,28,Poland,PL,12687.0,12495.95,21781.08,23900.0,2019,2026-07-06 20:09:35,2019,12,4,28,winter,1,0,0,0,-0.23931566428755743,-0.9709418174260521,-191.04999999999927,-2118.9199999999983,191.04999999999927,2118.9199999999983,12753.3,12871.26,12370.09,13404.35,23079.16,24008.78,23071.29,23740.4,12386.8,12197.8,12799.8,12732.1,23800.0,23700.0,23700.0,23700.0,12664.883333333333,262.02284715901135,12849.75,427.16903687729445,12685.251250000001,338.1856616643434,23386.41,539.002594520662,23474.9075,474.35193821851885,23048.2675,629.9001662338412,12461.466666666665,307.8673956971508,12529.125,285.4799861636267,12476.1875,245.9155455348933,23733.333333333332,57.7350269189631,23725.0,50.0,23600.0,177.28105208558728,-257.34999999999854,-0.02017909090196257,-1298.079999999998,-0.056244681348887826,300.2000000000007,0.024235476474957274,100.0,0.004201680672268893,9285.130000000001,11213.0,-1040.7299999999996,-200.20000000000073
GUI_TOTAL_LOAD_YEARAHEAD_201812312300-201912312300.csv,2018-12-31,2019-12-30,Week 29,29,Poland,PL,12632.8,12754.15,21947.71,23900.0,2019,2026-07-06 20:09:35,2019,12,4,29,winter,1,0,0,0,-0.3546048870425356,-0.9350162426854148,121.35000000000036,-1952.2900000000009,121.35000000000036,1952.2900000000009,12495.95,12753.3,12871.26,12370.09,21781.08,23079.16,24008.78,23071.29,12687.0,12386.8,12197.8,12799.8,23900.0,23800.0,23700.0,23700.0,12706.836666666668,191.92063472517788,12622.65,230.0114476861425,12682.97875,339.5581076482129,22956.34,1118.9170598395592,22985.0775,915.3980737862973,22869.02125,765.1641792720451,12423.866666666667,246.6974124982799,12517.849999999999,275.50779178331373,12529.974999999999,237.98066398046177,23800.0,100.00000000000045,23775.0,95.74271077563414,23675.0,158.1138830084234,258.1999999999989,0.020662694713087015,166.62999999999738,0.007650217528240022,-54.20000000000073,-0.004272089540474533,0.0,0.0,9193.56,11267.2,-91.57000000000153,54.20000000000073
GUI_TOTAL_LOAD_YEARAHEAD_201812312300-201912312300.csv,2018-12-31,2019-12-30,Week 30,30,Poland,PL,12648.6,12822.41,22309.41,24000.0,2019,2026-07-06 20:09:35,2019,12,4,30,winter,1,0,0,0,-0.46472317204376806,-0.8854560256532101,173.8099999999995,-1690.5900000000001,173.8099999999995,1690.5900000000001,12754.15,12495.95,12753.3,12871.26,21947.71,21781.08,23079.16,24008.78,12632.8,12687.0,12386.8,12197.8,23900.0,23900.0,23800.0,23700.0,12667.799999999997,148.8270724699692,12718.665,158.47815170134717,12692.40375,340.469167638558,22269.31666666667,706.2761907592111,22704.182500000003,1043.543902809874,22828.57125,808.5966334765646,12568.866666666667,159.98629107941082,12476.099999999999,226.90605985734385,12581.4875,203.5882499942582,23866.666666666668,57.7350269189631,23825.0,95.74271077563414,23737.5,130.2470180629374,68.26000000000022,0.005351983472046351,361.7000000000007,0.01648007924289141,15.800000000001091,0.0012507124311318396,100.0,0.004184100418409997,9487.0,11351.4,293.4400000000005,84.19999999999891
GUI_TOTAL_LOAD_YEARAHEAD_201812312300-201912312300.csv,2018-12-31,2019-12-30,Week 31,31,Poland,PL,13033.5,12244.63,22857.54,24000.0,2019,2026-07-06 20:09:35,2019,12,4,31,winter,1,0,0,0,-0.5680647467311556,-0.8229838658936566,-788.8700000000008,-1142.4599999999991,788.8700000000008,1142.4599999999991,12822.41,12754.15,12495.95,12753.3,22309.41,21947.71,21781.08,23079.16,12648.6,12632.8,12687.0,12386.8,24000.0,23900.0,23900.0,23800.0,12690.836666666668,172.19310826312133,12706.4525,144.0222020789681,12738.25,328.5170796603491,22012.733333333334,270.10030106118626,22279.34,577.0204276568815,22838.02125,801.0593565208724,12656.133333333333,27.87424139498083,12588.8,136.57632786584088,12598.9375,202.46723147571063,23933.333333333332,57.7350269189631,23900.0,81.64965809277241,23800.0,119.52286093344506,-577.7800000000007,-0.04506017199574808,548.130000000001,0.02456945297970692,384.89999999999964,0.03043024524453286,0.0,0.0,10612.910000000002,10966.5,1125.9100000000017,-384.89999999999964
GUI_TOTAL_LOAD_YEARAHEAD_201812312300-201912312300.csv,2018-12-31,2019-12-30,Week 32,32,Poland,PL,13098.2,12798.0,22138.26,24000.0,2019,2026-07-06 20:09:35,2019,12,4,32,winter,1,0,0,0,-0.663122658240795,-0.7485107481711013,-300.2000000000007,-1861.7400000000016,300.2000000000007,1861.7400000000016,12244.63,12822.41,12754.15,12495.95,22857.54,22309.41,21947.71,21781.08,13033.5,12648.6,12632.8,12687.0,24000.0,24000.0,23900.0,23900.0,12607.063333333332,315.7266186644936,12579.285,263.7083143045398,12714.5175,359.0362130064218,22371.553333333333,458.0873307933114,22223.935,476.5088573153675,22849.42125,800.5422937598023,12771.633333333333,226.92074240435818,12750.474999999999,190.05099973424043,12639.800000000001,253.78457118477354,23966.666666666668,57.7350269189631,23950.0,57.73502691896284,23837.5,130.24701806293723,553.3700000000008,0.04519287230402225,-719.2800000000025,-0.03146795324431251,64.70000000000073,0.004964130893466923,0.0,0.0,9340.259999999998,10901.8,-1272.6500000000033,-64.70000000000073
GUI_TOTAL_LOAD_YEARAHEAD_201812312300-201912312300.csv,2018-12-31,2019-12-30,Week 33,33,Poland,PL,12532.8,12364.28,22242.13,23900.0,2019,2026-07-06 20:09:35,2019,12,4,33,winter,1,0,0,0,-0.7485107481711011,-0.6631226582407952,-168.51999999999862,-1657.869999999999,168.51999999999862,1657.869999999999,12798.0,12244.63,12822.41,12754.15,22138.26,22857.54,22309.41,21947.71,13098.2,13033.5,12648.6,12632.8,24000.0,24000.0,24000.0,23900.0,12621.68,326.76289400723186,12654.797499999999,274.89949889309594,12638.723750000001,235.27853559662486,22435.069999999996,375.7442698165958,22313.23,391.7938828006351,22649.153749999998,744.2279188900043,12926.766666666668,243.0618096973366,12853.275,246.96179697809762,12685.5625,301.3550062989495,24000.0,0.0,23975.0,50.0,23875.0,128.1739888923363,-433.71999999999935,-0.03388967026097822,103.87000000000262,0.004691877320078586,-565.4000000000015,-0.04316623658212593,-100.0,-0.004166666666666652,9877.85,11367.2,537.590000000002,465.40000000000146
GUI_TOTAL_LOAD_YEARAHEAD_201812312300-201912312300.csv,2018-12-31,2019-12-30,Week 34,34,Poland,PL,12757.9,12953.73,22302.81,24000.0,2019,2026-07-06 20:09:35,2019,12,4,34,winter,1,0,0,0,-0.8229838658936564,-0.5680647467311559,195.82999999999993,-1697.1899999999987,195.82999999999993,1697.1899999999987,12364.28,12798.0,12244.63,12822.41,22242.13,22138.26,22857.54,22309.41,12532.8,13098.2,13033.5,12648.6,23900.0,24000.0,24000.0,24000.0,12468.970000000001,291.1607567993666,12557.329999999998,296.22010273895194,12637.997500000001,236.23323400824074,22412.64333333333,388.77632030942954,22386.835,321.60373925064596,22545.508749999997,734.7164076885546,12888.166666666666,309.4521341554212,12828.275,279.62199931333095,12652.1875,301.6807510195594,23966.666666666668,57.7350269189631,23975.0,50.0,23900.0,106.90449676497593,589.4499999999989,0.047673621108548,60.68000000000029,0.002728155981464031,225.10000000000036,0.017960870675348017,100.0,0.004184100418409997,9349.080000000002,11242.1,-528.7699999999986,-125.10000000000036
GUI_TOTAL_LOAD_YEARAHEAD_201812312300-201912312300.csv,2018-12-31,2019-12-30,Week 35,35,Poland,PL,12898.3,13472.48,23624.43,24000.0,2019,2026-07-06 20:09:35,2019,12,4,35,winter,1,0,0,0,-0.8854560256532096,-0.4647231720437691,574.1800000000003,-375.5699999999997,574.1800000000003,375.5699999999997,12953.73,12364.28,12798.0,12244.63,22302.81,22242.13,22138.26,22857.54,12757.9,12532.8,13098.2,13033.5,24000.0,23900.0,24000.0,24000.0,12705.336666666668,305.4548995077911,12590.16,339.5061932670377,12648.30625,249.3043008589662,22227.733333333337,83.21432348665756,22385.185,322.1498488281463,22332.262499999997,436.3166650086536,12796.300000000001,284.6492754250603,12855.6,260.92674578634364,12722.2,239.81304027455596,23966.666666666668,57.7350269189631,23975.0,50.0,23937.5,74.40238091429364,518.75,0.04004638046338771,1321.619999999999,0.05925800381207558,140.39999999999964,0.01100494595505519,0.0,0.0,10151.95,11101.7,802.869999999999,-140.39999999999964
GUI_TOTAL_LOAD_YEARAHEAD_201812312300-201912312300.csv,2018-12-31,2019-12-30,Week 36,36,Poland,PL,12995.2,12985.34,22153.88,24200.0,2019,2026-07-06 20:09:35,2019,12,4,36,winter,1,0,0,0,-0.9350162426854147,-0.3546048870425359,-9.860000000000582,-2046.119999999999,9.860000000000582,2046.119999999999,13472.48,12953.73,12364.28,12798.0,23624.43,22302.81,22242.13,22138.26,12898.3,12757.9,12532.8,13098.2,24000.0,24000.0,23900.0,24000.0,12930.163333333336,554.4757441343268,12897.122500000001,457.524885179311,12738.203749999999,385.2002521115198,22723.123333333333,781.143902321034,22576.9075,701.6457870072313,22400.421250000003,586.4276445548958,12729.666666666666,184.37842426201868,12821.8,237.94496562577456,12786.1375,202.97293230874863,23966.666666666668,57.7350269189631,23975.0,50.0,23962.5,51.75491695068934,-487.1399999999994,-0.03615815350996987,-1470.5499999999993,-0.062247004477991585,96.90000000000146,0.007512617941899391,200.0,0.008333333333333304,9168.54,11204.8,-983.4099999999999,103.09999999999854
GUI_TOTAL_LOAD_YEARAHEAD_201812312300-201912312300.csv,2018-12-31,2019-12-30,Week 37,37,Poland,PL,13236.2,13156.3,22177.94,24300.0,2019,2026-07-06 20:09:35,2019,12,4,37,winter,1,0,0,0,-0.970941817426052,-0.23931566428755774,-79.90000000000146,-2122.0600000000013,79.90000000000146,2122.0600000000013,12985.34,13472.48,12953.73,12364.28,22153.88,23624.43,22302.81,22242.13,12995.2,12898.3,12757.9,12532.8,24200.0,24000.0,24000.0,23900.0,13137.183333333334,290.80524244469314,12943.9575,453.56735996432604,12799.377499999999,380.05756420197196,22693.706666666665,809.4624627697897,22580.8125,698.4268207132823,22447.02125,543.4162046176585,12883.800000000001,119.31265649549064,12796.05,200.72516035610516,12824.6625,210.57457408246628,24066.666666666668,115.47005383792462,24025.0,125.83057392117894,24000.0,92.58200997726208,170.95999999999913,0.013165615994652269,24.05999999999767,0.0010860400074388377,241.0,0.01854530903718299,100.0,0.004132231404958775,9021.64,11063.8,-146.90000000000146,-141.0
GUI_TOTAL_LOAD_YEARAHEAD_201812312300-201912312300.csv,2018-12-31,2019-12-30,Week 38,38,Poland,PL,13103.8,13557.15,22710.2,24600.0,2019,2026-07-06 20:09:35,2019,12,4,38,winter,1,0,0,0,-0.992708874098054,-0.12053668025532357,453.35000000000036,-1889.7999999999993,453.35000000000036,1889.7999999999993,13156.3,12985.34,13472.48,12953.73,22177.94,22153.88,23624.43,22302.81,13236.2,12995.2,12898.3,12757.9,24300.0,24200.0,24000.0,24000.0,13204.706666666665,247.1512673107642,13141.962500000001,237.63379619001242,12849.64625,399.32779789245353,22652.083333333332,842.1628411615739,22564.765,709.452934332737,22475.800000000003,518.7313457162207,13043.233333333332,173.99569918059385,12971.900000000001,201.33747788224906,12900.0875,238.2771521779045,24166.666666666668,152.75252316519368,24125.0,149.9999999999994,24050.0,130.93073414160042,400.85000000000036,0.030468292757082294,532.260000000002,0.023999523851178317,-132.40000000000146,-0.010002870914613049,300.0,0.012345679012345734,9153.050000000001,11496.2,131.41000000000167,432.40000000000146
GUI_TOTAL_LOAD_YEARAHEAD_201812312300-201912312300.csv,2018-12-31,2019-12-30,Week 39,39,Poland,PL,13361.9,13753.91,23700.49,24800.0,2019,2026-07-06 20:09:35,2019,12,4,39,winter,1,0,0,0,-1.0,-1.8369701987210297e-16,392.0100000000002,-1099.5099999999984,392.0100000000002,1099.5099999999984,13557.15,13156.3,12985.34,13472.48,22710.2,22177.94,22153.88,23624.43,13103.8,13236.2,12995.2,12898.3,24600.0,24300.0,24200.0,24000.0,13232.93,293.5060249807208,13292.8175,267.9115060830296,12941.48875,470.34610595169437,22347.34,314.4761606227133,22666.6125,688.2367960411569,22525.89875,519.7188955974775,13111.733333333332,120.69570552982849,13058.375,145.25867443972362,12956.9875,223.5377720559248,24366.666666666668,208.16659994661168,24275.0,249.99999999999926,24125.0,231.45502494314044,196.76000000000022,0.014513374861235606,990.2900000000009,0.04360551646396771,258.10000000000036,0.01969657656557633,200.0,0.008130081300812941,9946.580000000002,11438.1,793.5300000000007,-58.100000000000364
GUI_TOTAL_LOAD_YEARAHEAD_201812312300-201912312300.csv,2018-12-31,2019-12-30,Week 40,40,Poland,PL,13764.3,14065.7,23563.65,25100.0,2019,2026-07-06 20:09:35,2019,12,4,40,winter,1,0,0,0,-0.992708874098054,0.1205366802553232,301.40000000000146,-1536.3499999999985,301.40000000000146,1536.3499999999985,13753.91,13557.15,13156.3,12985.34,23700.49,22710.2,22177.94,22153.88,13361.9,13103.8,13236.2,12995.2,24800.0,24600.0,24300.0,24200.0,13489.12,304.557857721621,13363.175,353.9570094893979,13130.148749999998,453.2822553155192,22862.876666666667,772.6721484778205,22685.6275,723.6600728415228,22631.2675,662.4211231912758,13233.966666666667,129.06449292250085,13174.275,159.24030844393639,12998.037499999999,265.7611975197945,24566.666666666668,251.66114784235629,24475.0,275.378527364304,24225.0,324.0370349203951,311.7900000000009,0.02266919007031465,-136.84000000000015,-0.005773720290171203,402.39999999999964,0.030115477589264916,300.0,0.012096774193548487,9497.95,11335.7,-448.630000000001,-102.39999999999964
GUI_TOTAL_LOAD_YEARAHEAD_201812312300-201912312300.csv,2018-12-31,2019-12-30,Week 41,41,Poland,PL,13837.8,13878.56,23956.11,25100.0,2019,2026-07-06 20:09:35,2019,12,4,41,winter,1,0,0,0,-0.9709418174260521,0.23931566428755738,40.76000000000022,-1143.8899999999994,40.76000000000022,1143.8899999999994,14065.7,13753.91,13557.15,13156.3,23563.65,23700.49,22710.2,22177.94,13764.3,13361.9,13103.8,13236.2,25100.0,24800.0,24600.0,24300.0,13792.253333333334,256.43407346395094,13633.265,380.7205229123847,13288.61125,534.8302880203448,23324.78,536.6215879928706,23038.07,721.6547989632322,22809.44125,701.4195668059212,13410.0,332.86674510982283,13366.55,285.3391958120287,13081.3,380.98887122856013,24833.333333333332,251.66114784235629,24700.0,336.65016461206795,24362.5,430.7385683749662,-187.14000000000124,-0.01330470577361964,392.4599999999991,0.01665531443558188,73.5,0.005339901048364348,0.0,0.0,10077.550000000001,11262.2,579.6000000000004,-73.5
GUI_TOTAL_LOAD_YEARAHEAD_201812312300-201912312300.csv,2018-12-31,2019-12-30,Week 42,42,Poland,PL,13465.3,13937.14,23420.48,25100.0,2019,2026-07-06 20:09:35,2019,12,4,42,winter,1,0,0,0,-0.9350162426854148,0.35460488704253557,471.84000000000015,-1679.5200000000004,471.84000000000015,1679.5200000000004,13878.56,14065.7,13753.91,13557.15,23956.11,23563.65,23700.49,22710.2,13837.8,13764.3,13361.9,13103.8,25100.0,25100.0,24800.0,24600.0,13899.39,156.93523409349714,13813.829999999998,213.7783108737034,13477.89625,415.6449097465439,23740.083333333332,199.20325532811327,23482.612500000003,540.0180966334905,23023.68875,762.4881356161217,13654.666666666666,256.1929025819012,13516.95,345.8613257747343,13244.425,391.8143720473631,25000.0,173.20508075688537,24900.0,244.94897427831648,24512.5,454.9332761123185,58.57999999999993,0.004220898998166911,-535.630000000001,-0.022358805331917475,-372.5,-0.02691901891919235,0.0,0.0,9483.34,11634.7,-594.210000000001,372.5
GUI_TOTAL_LOAD_YEARAHEAD_201812312300-201912312300.csv,2018-12-31,2019-12-30,Week 43,43,Poland,PL,14113.8,13902.13,23694.1,25100.0,2019,2026-07-06 20:09:35,2019,12,4,43,winter,1,0,0,0,-0.8854560256532101,0.464723172043768,-211.67000000000007,-1405.9000000000015,211.67000000000007,1405.9000000000015,13937.14,13878.56,14065.7,13753.91,23420.48,23956.11,23563.65,23700.49,13465.3,13837.8,13764.3,13361.9,25100.0,25100.0,25100.0,24800.0,13960.466666666667,95.72588434333471,13908.8275,129.51979549479745,13600.8225,382.5837905889741,23646.74666666667,277.3151027861977,23660.182500000003,228.01578298805802,23163.397500000003,712.274620388788,13689.133333333331,197.29820914884027,13607.324999999999,229.6115614829921,13332.85,343.12781042306483,25100.0,0.0,25025.0,149.99999999999784,24650.0,444.00772194057436,-35.01000000000022,-0.0025119931348899227,273.619999999999,0.01168293732664738,648.5,0.04816082820286227,0.0,0.0,9791.97,10986.2,308.6299999999992,-648.5
GUI_TOTAL_LOAD_YEARAHEAD_201812312300-201912312300.csv,2018-12-31,2019-12-30,Week 44,44,Poland,PL,13247.1,13539.95,24340.31,27000.0,2019,2026-07-06 20:09:35,2019,12,4,44,winter,1,0,0,0,-0.822983865893657,0.5680647467311548,292.85000000000036,-2659.6899999999987,292.85000000000036,2659.6899999999987,13902.13,13937.14,13878.56,14065.7,23694.1,23420.48,23956.11,23563.65,14113.8,13465.3,13837.8,13764.3,25100.0,25100.0,25100.0,25100.0,13905.94333333333,29.475587073266322,13945.8825,83.42514583953533,13654.52875,392.0335298501721,23690.23,267.835970138414,23658.585,227.6613611631475,23172.10625,719.109904454055,13805.633333333333,325.4444397025991,13795.3,266.5267341187243,13484.787499999999,389.23478569222164,25100.0,0.0,25100.0,0.0,24787.5,379.61446607992207,-362.1799999999985,-0.026052122948066136,646.2100000000028,0.027273034215268943,-866.6999999999989,-0.06140798367555156,1900.0,0.07569721115537842,10800.36,13752.9,1008.3900000000012,2766.699999999999
GUI_TOTAL_LOAD_YEARAHEAD_201812312300-201912312300.csv,2018-12-31,2019-12-30,Week 45,45,Poland,PL,13887.9,14204.94,24308.28,27000.0,2019,2026-07-06 20:09:35,2019,12,4,45,winter,1,0,0,0,-0.7485107481711011,0.6631226582407952,317.0400000000009,-2691.720000000001,317.0400000000009,2691.720000000001,13539.95,13902.13,13937.14,13878.56,24340.31,23694.1,23420.48,23956.11,13247.1,14113.8,13465.3,13837.8,27000.0,25100.0,25100.0,25100.0,13793.073333333334,219.90905264066345,13814.445,184.57244332062905,13723.855,293.42745392053325,23818.296666666665,472.32448193304293,23852.75,391.75894739834104,23445.41,691.8081040701494,13608.733333333332,450.8015786721911,13666.0,385.4857455211433,13516.275,352.41893799447774,25733.333333333332,1096.9655114602895,25575.0,950.0,25137.5,808.7689057185272,664.9899999999998,0.049113179886188574,-32.030000000002474,-0.0013159240782061321,640.7999999999993,0.048372851416536466,0.0,0.0,10103.339999999998,13112.1,-697.0200000000023,-640.7999999999993
GUI_TOTAL_LOAD_YEARAHEAD_201812312300-201912312300.csv,2018-12-31,2019-12-30,Week 46,46,Poland,PL,13706.6,14027.6,24288.9,27000.0,2019,2026-07-06 20:09:35,2019,12,4,46,winter,1,0,0,0,-0.6631226582407955,0.7485107481711007,321.0,-2711.0999999999985,321.0,2711.0999999999985,14204.94,13539.95,13902.13,13937.14,24308.28,24340.31,23694.1,23420.48,13887.9,13247.1,14113.8,13465.3,27000.0,27000.0,25100.0,25100.0,13882.340000000002,332.9364175033725,13896.04,273.21883549030963,13854.935000000001,231.32107031446859,24114.23,364.1955421198592,23940.792499999996,456.88933112040917,23711.702500000003,523.8538566036927,13749.6,449.596919473438,13678.525,393.65579190454173,13597.7375,353.7488573934282,26366.666666666668,1096.9655114602895,26050.0,1096.9655114602892,25475.0,958.7938851941614,-177.34000000000015,-0.01248438923360462,-19.37999999999738,-0.0007972592055052186,-181.29999999999927,-0.013054529482499078,0.0,0.0,10261.300000000001,13293.4,157.96000000000276,181.29999999999927
GUI_TOTAL_LOAD_YEARAHEAD_201812312300-201912312300.csv,2018-12-31,2019-12-30,Week 47,47,Poland,PL,15203.5,14580.35,24507.1,27000.0,2019,2026-07-06 20:09:35,2019,12,4,47,winter,1,0,0,0,-0.5680647467311559,0.8229838658936564,-623.1499999999996,-2492.9000000000015,623.1499999999996,2492.9000000000015,14027.6,14204.94,13539.95,13902.13,24288.9,24308.28,24340.31,23694.1,13706.6,13887.9,13247.1,14113.8,27000.0,27000.0,27000.0,25100.0,13924.163333333336,344.35052349795086,13918.655,281.3767740356,13913.74125,202.85038775536898,24312.496666666662,25.963093677490654,24157.8975,309.92418023067074,23909.04,366.366917330533,13613.866666666667,330.31161549866783,13738.85,367.72341508257585,13673.0875,292.385163965541,27000.0,0.0,26525.0,950.0,25775.0,1019.453635181961,552.75,0.03940445977929219,218.1999999999971,0.00898352745492792,1496.8999999999996,0.10921016152802299,0.0,0.0,9926.749999999998,11796.5,-334.5500000000029,-1496.8999999999996
GUI_TOTAL_LOAD_YEARAHEAD_201812312300-201912312300.csv,2018-12-31,2019-12-30,Week 48,48,Poland,PL,15528.3,14990.19,25298.06,27500.0,2019,2026-07-06 20:09:35,2019,12,4,48,winter,1,0,0,0,-0.4647231720437684,0.88545602565321,-538.1099999999988,-2201.9399999999987,538.1099999999988,2201.9399999999987,14580.35,14027.6,14204.94,13539.95,24507.1,24288.9,24308.28,24340.31,15203.5,13706.6,13887.9,13247.1,27000.0,27000.0,27000.0,27000.0,14270.963333333333,282.22765816501624,14088.21,432.0842017477794,14017.046250000001,297.96542742586223,24368.093333333334,120.7726630214984,24361.1475,99.58414779296567,24009.866250000003,409.25511191282425,14266.0,816.9437618343153,14011.275,839.3275339023859,13903.2875,587.9518965685763,27000.0,0.0,27000.0,0.0,26050.0,1015.5927192672129,409.84000000000015,0.02810906459721485,790.9600000000028,0.03227472854805358,324.7999999999993,0.021363501825237607,500.0,0.0185185185185186,10307.87,11971.7,381.1200000000026,175.20000000000073
GUI_TOTAL_LOAD_YEARAHEAD_201812312300-201912312300.csv,2018-12-31,2019-12-30,Week 49,49,Poland,PL,15619.9,14908.4,25523.96,27500.0,2019,2026-07-06 20:09:35,2019,12,4,49,winter,1,0,0,0,-0.35460488704253595,0.9350162426854147,-711.5,-1976.0400000000009,711.5,1976.0400000000009,14990.19,14580.35,14027.6,14204.94,25298.06,24507.1,24288.9,24308.28,15528.3,15203.5,13706.6,13887.9,27500.0,27000.0,27000.0,27000.0,14532.713333333333,483.05984725839795,14450.77,427.1105050608711,14132.6075,456.58517001604287,24698.02,530.9791061802354,24600.585000000003,475.3246515452886,24226.6675,567.7952556222515,14812.799999999997,971.6648547724668,14581.575,918.303723811825,14123.7875,815.2298649329441,27166.666666666668,288.67513459481233,27125.0,250.0,26350.0,1048.8088481701518,-81.79000000000087,-0.005456235044385749,225.89999999999782,0.00892953847053879,91.60000000000036,0.0058989071566109,0.0,0.0,10615.56,11880.1,307.6899999999987,-91.60000000000036
GUI_TOTAL_LOAD_YEARAHEAD_201812312300-201912312300.csv,2018-12-31,2019-12-30,Week 50,50,Poland,PL,14948.7,15068.19,25691.25,27500.0,2019,2026-07-06 20:09:35,2019,12,4,50,winter,1,0,0,0,-0.2393156642875578,0.970941817426052,119.48999999999978,-1808.75,119.48999999999978,1808.75,14908.4,14990.19,14580.35,14027.6,25523.96,25298.06,24507.1,24288.9,15619.9,15528.3,15203.5,13706.6,27500.0,27500.0,27000.0,27000.0,14826.313333333334,216.9006040408931,14626.635,436.86343621321816,14261.3375,516.033317023795,25109.706666666665,533.9558020410325,24904.504999999997,598.7515581329592,24422.64875,713.0655583051727,15450.566666666666,218.81291857047816,15014.574999999999,890.0979323460243,14346.55,957.0622341311017,27333.333333333332,288.67513459481233,27250.0,288.6751345948126,26650.0,981.2528434899659,159.79000000000087,0.010718118644522656,167.29000000000087,0.006554233747428029,-671.1999999999989,-0.0429708256775011,0.0,0.0,10623.06,12551.3,7.5,671.1999999999989
GUI_TOTAL_LOAD_YEARAHEAD_201812312300-201912312300.csv,2018-12-31,2019-12-30,Week 51,51,Poland,PL,15904.8,14472.91,24801.99,27500.0,2019,2026-07-06 20:09:35,2019,12,4,51,winter,1,0,0,0,-0.12053668025532363,0.992708874098054,-1431.8899999999994,-2698.0099999999984,1431.8899999999994,2698.0099999999984,15068.19,14908.4,14990.19,14580.35,25691.25,25523.96,25298.06,24507.1,14948.7,15619.9,15528.3,15203.5,27500.0,27500.0,27500.0,27000.0,14988.926666666666,79.90249078285173,14886.782500000001,214.45278071957182,14402.71875,566.9505351171774,25504.423333333336,197.3217044150719,25255.0925,524.0426456803326,24706.495,709.0934667386433,15365.633333333333,363.96798393997636,15325.1,308.0372271874571,14531.974999999999,904.1729018437725,27500.0,0.0,27375.0,250.0,26950.0,787.4007874011814,-595.2800000000007,-0.03950574023821052,-889.2599999999984,-0.034613341118084895,956.0999999999985,0.06395873888699333,0.0,0.0,10329.080000000002,11595.2,-293.97999999999774,-956.0999999999985
GUI_TOTAL_LOAD_YEARAHEAD_201812312300-201912312300.csv,2018-12-31,2019-12-30,Week 52,52,Poland,PL,12700.3,12177.41,23285.96,27500.0,2019,2026-07-06 20:09:35,2019,12,4,52,winter,1,0,0,0,6.432490598706546e-16,1.0,-522.8899999999994,-4214.040000000001,522.8899999999994,4214.040000000001,14472.91,15068.19,14908.4,14990.19,24801.99,25691.25,25523.96,25298.06,15904.8,14948.7,15619.9,15528.3,27500.0,27500.0,27500.0,27500.0,14816.5,308.0970254643352,14859.922499999999,266.12886369518395,14474.066250000002,529.6419752716496,25339.06666666667,472.58332115434746,25328.815,386.4070180953075,24844.981249999997,579.4631677543695,15491.133333333333,490.8843482260664,15500.425,401.2359686020245,14755.85,1002.2487914684742,27500.0,0.0,27500.0,0.0,27250.0,267.2612419124257,-2295.5,-0.15860666583292515,-1516.0300000000025,-0.061125337120126355,-3204.5,-0.2014800563351944,0.0,0.0,11108.55,14799.7,779.4699999999975,3204.5
GUI_TOTAL_LOAD_YEARAHEAD_201912312300-202012312300.csv,2019-12-30,2021-01-04,Week 1,1,Poland,PL,12894.5,12942.73,23120.54,27300.0,2021,2026-07-06 20:09:35,2021,1,1,1,winter,1,0,0,0,0.12053668025532305,0.992708874098054,48.22999999999956,-4179.459999999999,48.22999999999956,4179.459999999999,12177.41,14472.91,15068.19,14908.4,23285.96,24801.99,25691.25,25523.96,12700.3,15904.8,14948.7,15619.9,27500.0,27500.0,27500.0,27500.0,13906.17,1526.4494498017211,14156.7275,1343.3099140152576,14303.748749999999,936.0736165714113,24593.066666666666,1216.179146110185,24825.79,1096.6775930661302,24713.1875,791.6835935929734,14517.933333333332,1645.1063805521328,14793.425,1451.8376754421736,14687.5,1130.3036216622834,27500.0,0.0,27500.0,0.0,27312.5,258.7745847533841,765.3199999999997,0.06284751847888836,-165.41999999999825,-0.007103851419481888,194.20000000000073,0.01529097737848728,-200.0,-0.0072727272727273196,10177.810000000001,14405.5,-930.739999999998,-394.2000000000007
GUI_TOTAL_LOAD_YEARAHEAD_201912312300-202012312300.csv,2019-12-30,2021-01-04,Week 2,2,Poland,PL,15204.6,14535.99,24787.9,27300.0,2021,2026-07-06 20:09:35,2021,1,1,2,winter,1,0,0,0,0.23931566428755774,0.970941817426052,-668.6100000000006,-2512.0999999999985,668.6100000000006,2512.0999999999985,12942.73,12177.41,14472.91,15068.19,23120.54,23285.96,24801.99,25691.25,12894.5,12700.3,15904.8,14948.7,27300.0,27500.0,27500.0,27500.0,13197.683333333332,1168.794662946967,13665.31,1336.1958839431704,14145.9725,1054.0465439540312,23736.16333333333,926.731248331101,24224.935,1236.181556096568,24564.72,969.7993587630064,13833.199999999999,1796.6839816729068,14112.075,1569.4374626491694,14563.325,1275.8883367509711,27433.333333333332,115.47005383792462,27450.0,100.0,27350.0,226.77868380553767,1593.2600000000002,0.12310076776692402,1667.3600000000006,0.07211596268945275,2310.1000000000004,0.17915390282678656,0.0,0.0,10251.910000000002,12095.4,74.10000000000036,-2310.1000000000004
GUI_TOTAL_LOAD_YEARAHEAD_201912312300-202012312300.csv,2019-12-30,2021-01-04,Week 3,3,Poland,PL,15431.4,14901.26,24800.13,27300.0,2021,2026-07-06 20:09:35,2021,1,1,3,winter,1,0,0,0,0.3546048870425356,0.9350162426854148,-530.1399999999994,-2499.869999999999,530.1399999999994,2499.869999999999,14535.99,12942.73,12177.41,14472.91,24787.9,23120.54,23285.96,24801.99,15204.6,12894.5,12700.3,15904.8,27300.0,27300.0,27500.0,27500.0,13218.710000000001,1203.2658161852603,13532.259999999998,1165.5414305234574,14209.52125,1061.1915721952487,23731.466666666664,918.6291335099932,23999.097500000003,921.4615429260581,24627.095,965.5629807674732,13599.799999999997,1393.185447095976,14176.05,1619.3311510208976,14750.575,1241.6574599530904,27366.666666666668,115.47005383792462,27400.0,115.4700538379249,27387.5,180.7721533549126,365.27000000000044,0.025128663407170793,12.229999999999563,0.0004933858858555684,226.79999999999927,0.014916538416005709,0.0,0.0,9898.87,11868.6,-353.0400000000009,-226.79999999999927
GUI_TOTAL_LOAD_YEARAHEAD_201912312300-202012312300.csv,2019-12-30,2021-01-04,Week 4,4,Poland,PL,15827.0,15258.45,25250.63,27300.0,2021,2026-07-06 20:09:35,2021,1,1,4,winter,1,0,0,0,0.4647231720437685,0.8854560256532099,-568.5499999999993,-2049.369999999999,568.5499999999993,2049.369999999999,14901.26,14535.99,12942.73,12177.41,24800.13,24787.9,23120.54,23285.96,15431.4,15204.6,12894.5,12700.3,27300.0,27300.0,27300.0,27500.0,14126.659999999998,1041.4524602208076,13639.3475,1293.4357509716779,14249.635,1083.0518061214186,24236.190000000002,966.2005925789815,23998.6325,920.9216325462614,24663.72375,965.918665415578,14510.166666666666,1403.7961544801788,14057.7,1460.365285353861,14779.0625,1256.0642646633585,27300.0,0.0,27350.0,100.0,27425.0,103.50983390135634,357.1900000000005,0.0239704561896108,450.5,0.01816522735969528,395.60000000000036,0.02563604079992743,0.0,0.0,9992.18,11473.0,93.30999999999949,-395.60000000000036
GUI_TOTAL_LOAD_YEARAHEAD_201912312300-202012312300.csv,2019-12-30,2021-01-04,Week 5,5,Poland,PL,15882.6,14439.03,24912.89,27900.0,2021,2026-07-06 20:09:35,2021,1,1,5,winter,1,0,0,0,0.5680647467311558,0.8229838658936564,-1443.5699999999997,-2987.1100000000006,1443.5699999999997,2987.1100000000006,15258.45,14901.26,14535.99,12942.73,25250.63,24800.13,24787.9,23120.54,15827.0,15431.4,15204.6,12894.5,27300.0,27300.0,27300.0,27300.0,14898.566666666668,361.2375304883165,14409.6075,1021.4300280937881,14283.1675,1112.9946137047225,24946.22,263.69770438886434,24489.800000000003,937.8883294223562,24657.795,961.6048598195458,15487.666666666666,314.99189407559385,14839.375,1321.8452768131904,14816.4,1285.6096674896603,27300.0,0.0,27300.0,0.0,27400.0,106.9044967649728,-819.4200000000001,-0.05370270243701036,-337.7400000000016,-0.013375507858615854,55.600000000000364,0.0035129841410248552,600.0,0.0219780219780219,10473.859999999999,12017.4,481.6799999999985,544.3999999999996
GUI_TOTAL_LOAD_YEARAHEAD_201912312300-202012312300.csv,2019-12-30,2021-01-04,Week 6,6,Poland,PL,14921.0,15123.78,24777.18,27900.0,2021,2026-07-06 20:09:35,2021,1,1,6,winter,1,0,0,0,0.6631226582407952,0.7485107481711011,202.78000000000065,-3122.8199999999997,202.78000000000065,3122.8199999999997,14439.03,15258.45,14901.26,14535.99,24912.89,25250.63,24800.13,24787.9,15882.6,15827.0,15431.4,15204.6,27900.0,27300.0,27300.0,27300.0,14866.246666666668,410.83054199182595,14783.6825,373.8830333473464,14224.49625,1087.4043791253928,24987.88333333333,234.42602784948934,24937.8875,215.9522518790843,24581.41125,905.6129083733823,15713.666666666666,246.02579810525629,15586.4,324.2524942078519,14849.2375,1312.145968510588,27500.0,346.41016151377545,27450.0,300.0,27450.0,207.01966780270777,684.75,0.047423545764500696,-135.70999999999913,-0.005447380853847106,-961.6000000000004,-0.06054424338584363,0.0,0.0,9653.4,12979.0,-820.4599999999991,961.6000000000004
GUI_TOTAL_LOAD_YEARAHEAD_201912312300-202012312300.csv,2019-12-30,2021-01-04,Week 7,7,Poland,PL,15085.4,14986.05,24565.98,27900.0,2021,2026-07-06 20:09:35,2021,1,1,7,winter,1,0,0,0,0.7485107481711011,0.6631226582407953,-99.35000000000036,-3334.0200000000004,99.35000000000036,3334.0200000000004,15123.78,14439.03,15258.45,14901.26,24777.18,24912.89,25250.63,24800.13,14921.0,15882.6,15827.0,15431.4,27900.0,27900.0,27300.0,27300.0,14940.42,439.40636237993084,14930.630000000001,359.3076823559638,14231.445,1093.7252086594478,24980.233333333334,243.80334089854,24935.207499999997,218.48573261957932,24467.1525,796.6972928955753,15543.533333333333,539.8459533360696,15515.5,444.3338534630759,14845.775000000001,1311.8825325789396,27700.0,346.41016151377545,27600.0,346.41016151377545,27500.0,261.86146828319215,-137.73000000000138,-0.00910685027155922,-211.20000000000073,-0.008523972461757179,164.39999999999964,0.011018028282286707,0.0,0.0,9579.93,12814.6,-73.46999999999935,-164.39999999999964
GUI_TOTAL_LOAD_YEARAHEAD_201912312300-202012312300.csv,2019-12-30,2021-01-04,Week 8,8,Poland,PL,14611.6,14485.28,23977.19,27900.0,2021,2026-07-06 20:09:35,2021,1,1,8,winter,1,0,0,0,0.8229838658936564,0.5680647467311559,-126.31999999999971,-3922.8100000000013,126.31999999999971,3922.8100000000013,14986.05,15123.78,14439.03,15258.45,24565.98,24777.18,24912.89,25250.63,15085.4,14921.0,15882.6,15827.0,27900.0,27900.0,27900.0,27300.0,14849.62,362.1884858743639,14951.827500000001,359.49848181183506,14295.5875,1124.5223177452517,24752.016666666666,174.8185689030042,24876.670000000002,287.27716361262685,24437.65125,786.8358123238621,15296.333333333334,514.3328623890682,15429.0,496.7500780070523,14743.35,1247.810058805891,27900.0,0.0,27750.0,300.0,27550.0,297.60952365713916,-500.7699999999986,-0.03341574330794295,-588.7900000000009,-0.023967698418707495,-473.7999999999993,-0.03140785129993229,0.0,0.0,9491.909999999998,13288.4,-88.02000000000226,473.7999999999993
GUI_TOTAL_LOAD_YEARAHEAD_201912312300-202012312300.csv,2019-12-30,2021-01-04,Week 9,9,Poland,PL,15245.5,14606.49,24382.16,27900.0,2021,2026-07-06 20:09:35,2021,1,1,9,winter,1,0,0,0,0.8854560256532099,0.4647231720437686,-639.0100000000002,-3517.84,639.0100000000002,3517.84,14485.28,14986.05,15123.78,14439.03,23977.19,24565.98,24777.18,24912.89,14611.6,15085.4,14921.0,15882.6,27900.0,27900.0,27900.0,27900.0,14865.036666666667,336.0115066977577,14758.535,347.3320818755631,14584.07125,730.4966444322646,24440.11666666667,414.5807328293259,24558.309999999998,412.87219031235736,24524.055,671.850443838292,14872.666666666666,240.56951871202492,15125.15,541.8245072592023,14982.2625,947.619641805578,27900.0,0.0,27900.0,0.0,27600.0,320.71349029491023,121.20999999999913,0.00836780510973889,404.97000000000116,0.016889802349649763,633.8999999999996,0.04338333926469384,0.0,0.0,9775.67,12654.5,283.76000000000204,-633.8999999999996
GUI_TOTAL_LOAD_YEARAHEAD_201912312300-202012312300.csv,2019-12-30,2021-01-04,Week 10,10,Poland,PL,14895.8,14660.09,24282.56,26200.0,2021,2026-07-06 20:09:35,2021,1,1,10,winter,1,0,0,0,0.9350162426854148,0.35460488704253557,-235.70999999999913,-1917.4399999999987,235.70999999999913,1917.4399999999987,14606.49,14485.28,14986.05,15123.78,24382.16,23977.19,24565.98,24777.18,15245.5,14611.6,15085.4,14921.0,27900.0,27900.0,27900.0,27900.0,14692.606666666667,261.2560208555945,14800.4,303.2832830869735,14792.04125,315.2927815964069,24308.443333333333,301.2374914138392,24425.6275,339.74186253437597,24681.757500000003,380.0376560195787,14980.833333333334,329.63304344882437,14965.875,270.801838681614,15276.1375,431.86017888566636,27900.0,0.0,27900.0,0.0,27675.0,310.5295017040606,53.600000000000364,0.003669601663370159,-99.59999999999854,-0.004084953917126266,-349.7000000000007,-0.022937916106392064,-1700.0,-0.06093189964157708,9622.470000000001,11304.2,-153.1999999999989,-1350.2999999999993
GUI_TOTAL_LOAD_YEARAHEAD_201912312300-202012312300.csv,2019-12-30,2021-01-04,Week 11,11,Poland,PL,14252.3,14794.16,23937.33,26200.0,2021,2026-07-06 20:09:35,2021,1,1,11,winter,1,0,0,0,0.970941817426052,0.23931566428755804,541.8600000000006,-2262.6699999999983,541.8600000000006,2262.6699999999983,14660.09,14606.49,14485.28,14986.05,24282.56,24382.16,23977.19,24565.98,14895.8,15245.5,14611.6,15085.4,26200.0,27900.0,27900.0,27900.0,14583.953333333333,89.55757942966258,14684.4775,213.93333624834088,14807.553750000001,303.73638838110855,24213.97,211.01804733237998,24301.972499999996,246.2996228681577,24618.59,401.2786152146269,14917.633333333331,317.51350102528716,14959.575,272.4817348618855,15237.537499999999,452.4760165309663,27333.333333333332,981.4954576223632,27475.0,850.0,27537.5,604.5954964153428,134.0699999999997,0.009145237171122478,-345.22999999999956,-0.014217199504500289,-643.5,-0.04320009667154501,0.0,0.0,9143.170000000002,11947.7,-479.2999999999993,643.5
GUI_TOTAL_LOAD_YEARAHEAD_201912312300-202012312300.csv,2019-12-30,2021-01-04,Week 12,12,Poland,PL,14324.7,13899.85,22791.7,26200.0,2021,2026-07-06 20:09:35,2021,1,1,12,winter,1,0,0,0,0.992708874098054,0.120536680255323,-424.85000000000036,-3408.2999999999993,424.85000000000036,3408.2999999999993,14794.16,14660.09,14606.49,14485.28,23937.33,24282.56,24382.16,23977.19,14252.3,14895.8,15245.5,14611.6,26200.0,26200.0,27900.0,27900.0,14686.913333333332,96.66760384585672,14636.505,128.03808300662786,14794.16625,301.3671906940095,24200.683333333334,233.44436946155486,24144.809999999998,220.9483346848339,24510.739999999998,457.52082313266874,14797.866666666667,503.79039622975694,14751.3,421.7546601204801,15090.15,559.6513557564363,26766.666666666668,981.4954576223632,27050.0,981.4954576223635,27400.0,769.0439333539874,-894.3099999999995,-0.06045020467535833,-1145.630000000001,-0.04785955660050645,72.40000000000146,0.0050798818436323945,0.0,0.0,8891.85,11875.3,-251.32000000000153,-72.40000000000146
GUI_TOTAL_LOAD_YEARAHEAD_201912312300-202012312300.csv,2019-12-30,2021-01-04,Week 13,13,Poland,PL,13477.5,13276.03,22344.83,26200.0,2021,2026-07-06 20:09:35,2021,1,1,13,winter,1,0,0,0,1.0,-1.6081226496766366e-16,-201.46999999999935,-3855.1699999999983,201.46999999999935,3855.1699999999983,13899.85,14794.16,14660.09,14606.49,22791.7,23937.33,24282.56,24382.16,14324.7,14252.3,14895.8,15245.5,26200.0,26200.0,26200.0,27900.0,14451.366666666669,482.30868376310696,14490.1475,401.3688118073921,14624.34125,375.9318317551701,23670.53,780.4181987242276,23848.4375,729.8214558997811,24203.37375,667.3129852076712,14490.933333333334,352.4885861036284,14679.575,474.5259204370972,14902.3625,528.2477907127243,26200.0,0.0,26625.0,849.9999999999999,27262.5,879.833588161502,-623.8199999999997,-0.044879621003104275,-446.869999999999,-0.019606698929873545,-847.2000000000007,-0.059142599845023014,0.0,0.0,9068.800000000001,12722.5,176.95000000000073,847.2000000000007
GUI_TOTAL_LOAD_YEARAHEAD_201912312300-202012312300.csv,2019-12-30,2021-01-04,Week 14,14,Poland,PL,14010.6,13308.31,21290.88,26200.0,2021,2026-07-06 20:09:35,2021,1,1,14,winter,1,0,0,0,0.992708874098054,-0.12053668025532288,-702.2900000000009,-4909.119999999999,702.2900000000009,4909.119999999999,13276.03,13899.85,14794.16,14660.09,22344.83,22791.7,23937.33,24282.56,13477.5,14324.7,14252.3,14895.8,26200.0,26200.0,26200.0,26200.0,13990.013333333334,763.0706023909604,14157.532500000001,707.4144336655435,14478.96625,609.8951944377202,23024.62,821.4029810634754,23339.105000000003,919.4591702553676,23882.36625,865.493367374715,14018.166666666666,469.62833531776477,14237.575,582.746871148475,14601.724999999999,573.1647027064625,26200.0,0.0,26200.0,0.0,27050.0,908.6882225022433,32.279999999998836,0.0024314497632198506,-1053.9500000000007,-0.04716751033684308,533.1000000000004,0.0395548135781858,0.0,0.0,7982.5700000000015,12189.4,-1086.2299999999996,-533.1000000000004
GUI_TOTAL_LOAD_YEARAHEAD_201912312300-202012312300.csv,2019-12-30,2021-01-04,Week 15,15,Poland,PL,13264.4,11169.43,20126.98,24500.0,2021,2026-07-06 20:09:35,2021,1,1,15,winter,1,0,0,0,0.9709418174260521,-0.2393156642875575,-2094.9699999999993,-4373.02,2094.9699999999993,4373.02,13308.31,13276.03,13899.85,14794.16,21290.88,22344.83,22791.7,23937.33,14010.6,13477.5,14324.7,14252.3,26200.0,26200.0,26200.0,26200.0,13494.730000000001,351.2152621968103,13819.5875,710.1861409693986,14252.032500000001,670.4438727706611,22142.47,770.601936994685,22591.185000000005,1096.0225826901144,23446.57875,1173.4792443406006,13937.6,428.29161794273034,14016.275,383.4685938900374,14487.925,590.824261398564,26200.0,0.0,26200.0,0.0,26837.5,879.833588161502,-2138.879999999999,-0.16071762680610835,-1163.9000000000015,-0.05466659903207394,-746.2000000000007,-0.05325967481763816,-1700.0,-0.06488549618320616,8957.55,11235.6,974.9799999999977,-953.7999999999993
GUI_TOTAL_LOAD_YEARAHEAD_201912312300-202012312300.csv,2019-12-30,2021-01-04,Week 16,16,Poland,PL,14231.6,10768.73,20381.16,24500.0,2021,2026-07-06 20:09:35,2021,1,1,16,winter,1,0,0,0,0.9350162426854148,-0.35460488704253545,-3462.870000000001,-4118.84,3462.870000000001,4118.84,11169.43,13308.31,13276.03,13899.85,20126.98,21290.88,22344.83,22791.7,13264.4,14010.6,13477.5,14324.7,24500.0,26200.0,26200.0,26200.0,12584.590000000002,1225.6707832040313,12913.405,1197.4931298759097,13774.955,1212.3941992367254,21254.23,1109.3791383021255,21638.5975,1188.038249338689,22891.70375,1555.770885435773,13584.166666666666,384.365637555353,13769.3,485.3748036311744,14260.3,672.8452464826523,25633.333333333332,981.4954576223632,25775.0,850.0,26412.5,1089.4789055848153,-400.7000000000007,-0.03587470443881202,254.1800000000003,0.012628819624205923,967.2000000000007,0.07291698079068798,0.0,0.0,9612.43,10268.4,654.880000000001,-967.2000000000007
GUI_TOTAL_LOAD_YEARAHEAD_201912312300-202012312300.csv,2019-12-30,2021-01-04,Week 17,17,Poland,PL,11230.1,12348.14,20236.85,24500.0,2021,2026-07-06 20:09:35,2021,1,1,17,winter,1,0,0,0,0.8854560256532099,-0.4647231720437685,1118.039999999999,-4263.1500000000015,1118.039999999999,4263.1500000000015,10768.73,11169.43,13308.31,13276.03,20381.16,20126.98,21290.88,22344.83,14231.6,13264.4,14010.6,13477.5,24500.0,24500.0,26200.0,26200.0,11748.823333333334,1365.334801480328,12130.625,1351.2399728027585,13310.38625,1562.7600134554752,20599.673333333336,611.9451447093141,21035.9625,1005.5069308024449,22442.2,1709.2639137275985,13835.533333333333,506.8088528561187,13746.025000000001,450.87002099644417,14212.8,657.7458345418527,25066.666666666668,981.4954576223632,25350.0,981.4954576223635,25987.5,1089.4789055848153,1579.4099999999999,0.14666631998387913,-144.3100000000013,-0.007080558712065477,-3001.5,-0.21090390398830772,0.0,0.0,7888.709999999999,13269.9,-1723.7200000000012,3001.5
GUI_TOTAL_LOAD_YEARAHEAD_201912312300-202012312300.csv,2019-12-30,2021-01-04,Week 18,18,Poland,PL,12536.4,11159.98,20226.71,24500.0,2021,2026-07-06 20:09:35,2021,1,1,18,winter,1,0,0,0,0.8229838658936565,-0.5680647467311557,-1376.42,-4273.290000000001,1376.42,4273.290000000001,12348.14,10768.73,11169.43,13308.31,20236.85,20381.16,20126.98,21290.88,11230.1,14231.6,13264.4,14010.6,24500.0,24500.0,24500.0,26200.0,11428.766666666668,821.0210819664323,11898.6525,1154.3632574533594,13028.092499999999,1497.810155915723,20248.329999999998,127.47827618842251,20508.9675,531.5650786985187,21924.036249999997,1664.9005261485129,12908.700000000003,1532.0386516011902,13184.175000000001,1366.8604619711548,13710.875,1123.9603090984067,24500.0,0.0,24925.0,849.9999999999999,25562.5,879.8335881615019,-1188.1599999999999,-0.09622177915054408,-10.139999999999418,-0.0005010661244214676,1306.2999999999993,0.11632131503726595,0.0,0.0,9066.73,11963.6,1178.0200000000004,-1306.2999999999993
GUI_TOTAL_LOAD_YEARAHEAD_201912312300-202012312300.csv,2019-12-30,2021-01-04,Week 19,19,Poland,PL,12437.2,11699.91,21100.0,23500.0,2021,2026-07-06 20:09:35,2021,1,1,19,winter,1,0,0,0,0.7485107481711013,-0.663122658240795,-737.2900000000009,-2400.0,737.2900000000009,2400.0,11159.98,12348.14,10768.73,11169.43,20226.71,20236.85,20381.16,20126.98,12536.4,11230.1,14231.6,13264.4,24500.0,24500.0,24500.0,24500.0,11425.616666666667,822.5303131394803,11361.57,683.6997240992035,12590.57875,1463.807611445841,20281.57333333333,86.39347795583245,20242.925,104.64541732329396,21417.055,1447.4262157656458,12666.033333333333,1504.943242562099,12815.625,1264.6791856040006,13415.95,1077.19912338833,24500.0,0.0,24500.0,0.0,25350.0,908.6882225022433,539.9300000000003,0.04838091107690157,873.2900000000009,0.04317508878112175,-99.19999999999891,-0.007912957467853476,-1000.0,-0.04081632653061229,9400.09,11062.8,333.3600000000006,-900.8000000000011
GUI_TOTAL_LOAD_YEARAHEAD_201912312300-202012312300.csv,2019-12-30,2021-01-04,Week 20,20,Poland,PL,12823.4,11754.26,21033.31,23500.0,2021,2026-07-06 20:09:35,2021,1,1,20,winter,1,0,0,0,0.6631226582407952,-0.7485107481711012,-1069.1399999999994,-2466.6899999999987,1069.1399999999994,2466.6899999999987,11699.91,11159.98,12348.14,10768.73,21100.0,20226.71,20236.85,20381.16,12437.2,12536.4,11230.1,14231.6,23500.0,24500.0,24500.0,24500.0,11736.01,594.9020540391456,11494.189999999999,685.4535862235034,12203.797499999999,1179.579324368887,20521.186666666665,501.2926899859018,20486.18,415.2486494460422,21062.388750000002,1028.711479534822,12067.900000000001,727.2494688894467,12608.825,1234.0964099966682,13189.0625,1066.9818848877364,24166.666666666668,577.3502691896263,24250.0,500.0,25012.5,1039.8317171542712,54.350000000000364,0.0046453348786443804,-66.68999999999869,-0.003160663507108974,386.1999999999989,0.031052005274498917,0.0,0.0,9279.050000000001,10676.6,-121.03999999999905,-386.1999999999989
GUI_TOTAL_LOAD_YEARAHEAD_201912312300-202012312300.csv,2019-12-30,2021-01-04,Week 21,21,Poland,PL,12479.8,11932.24,20873.54,23500.0,2021,2026-07-06 20:09:35,2021,1,1,21,winter,1,0,0,0,0.5680647467311558,-0.8229838658936564,-547.5599999999995,-2626.459999999999,547.5599999999995,2626.459999999999,11754.26,11699.91,11159.98,12348.14,21033.31,21100.0,20226.71,20236.85,12823.4,12437.2,12536.4,11230.1,23500.0,23500.0,24500.0,24500.0,11538.050000000001,328.54402186008105,11740.5725,485.82119642072536,11935.598750000001,962.8749364338473,20786.673333333336,486.0875333037212,20649.2175,482.8013578672146,20842.59,758.9059237010233,12599.0,200.56589939466033,12256.775,703.7681359415647,13001.400000000001,965.9526178855853,23833.333333333332,577.3502691896263,24000.0,577.350269189626,24675.0,1037.510757259206,177.97999999999956,0.015141744354812525,-159.77000000000044,-0.007596046461541217,-343.60000000000036,-0.02679476581873763,0.0,0.0,8941.300000000001,11020.2,-337.75,343.60000000000036
GUI_TOTAL_LOAD_YEARAHEAD_201912312300-202012312300.csv,2019-12-30,2021-01-04,Week 22,22,Poland,PL,12565.3,11754.93,21031.5,23500.0,2021,2026-07-06 20:09:35,2021,1,1,22,winter,1,0,0,0,0.46472317204376906,-0.8854560256532096,-810.369999999999,-2468.5,810.369999999999,2468.5,11932.24,11754.26,11699.91,11159.98,20873.54,21033.31,21100.0,20226.71,12479.8,12823.4,12437.2,12536.4,23500.0,23500.0,23500.0,24500.0,11795.470000000001,121.52368205413175,11636.5975,332.8771874004941,11767.625,798.8769708784847,21002.283333333336,116.37449648995884,20808.39,399.25828874730064,20658.678750000003,463.71381400400645,12580.133333333331,211.74912829412594,12569.2,174.26975258679806,12876.6875,960.0908371272639,23500.0,0.0,23750.0,500.0,24337.5,900.6941767325912,-177.3099999999995,-0.01485974133942991,157.95999999999913,0.0075674753779186865,85.5,0.0068510713312712745,0.0,0.0,9276.57,10934.7,335.2699999999986,-85.5
GUI_TOTAL_LOAD_YEARAHEAD_201912312300-202012312300.csv,2019-12-30,2021-01-04,Week 23,23,Poland,PL,12406.9,11841.84,21142.48,24500.0,2021,2026-07-06 20:09:35,2021,1,1,23,winter,1,0,0,0,0.35460488704253584,-0.9350162426854147,-565.0599999999995,-3357.5200000000004,565.0599999999995,3357.5200000000004,11754.93,11932.24,11754.26,11699.91,21031.5,20873.54,21033.31,21100.0,12565.3,12479.8,12823.4,12437.2,23500.0,23500.0,23500.0,23500.0,11813.81,102.56393566938335,11785.335,101.27294686472248,11573.452500000001,506.0008636285498,20979.45,91.72521518076982,21009.5875,96.1357669743782,20626.256250000002,420.22460405750206,12622.833333333334,178.87929822459301,12576.425,173.05144466313223,12696.025,845.3667010745875,23500.0,0.0,23500.0,0.0,24000.0,534.5224838248494,86.90999999999985,0.007393493623526481,110.97999999999956,0.005276846634809651,-158.39999999999964,-0.0126061454959292,1000.0,0.042553191489361764,9300.64,12093.1,24.06999999999971,1158.3999999999996
GUI_TOTAL_LOAD_YEARAHEAD_201912312300-202012312300.csv,2019-12-30,2021-01-04,Week 24,24,Poland,PL,12311.7,11690.19,21073.93,24500.0,2021,2026-07-06 20:09:35,2021,1,1,24,winter,1,0,0,0,0.23931566428755768,-0.970941817426052,-621.5100000000002,-3426.0699999999997,621.5100000000002,3426.0699999999997,11841.84,11754.93,11932.24,11754.26,21142.48,21031.5,20873.54,21033.31,12406.9,12565.3,12479.8,12823.4,24500.0,23500.0,23500.0,23500.0,11843.003333333332,88.66072429958122,11820.8175,84.90775872477833,11657.50375,484.7000378123974,21015.84,135.15216461439888,21020.2075,110.69645564222782,20753.19375,400.78960992859504,12484.0,79.28347873288863,12568.85,181.6278337700398,12588.8375,816.8881597475455,23833.333333333332,577.3502691896263,23750.0,500.0,24000.0,534.5224838248494,-151.64999999999964,-0.012806286860825633,-68.54999999999927,-0.0032422875651294536,-95.19999999999891,-0.007673149618357411,0.0,0.0,9383.74,12188.3,83.10000000000036,95.19999999999891
GUI_TOTAL_LOAD_YEARAHEAD_201912312300-202012312300.csv,2019-12-30,2021-01-04,Week 25,25,Poland,PL,13265.2,12309.56,22173.93,24500.0,2021,2026-07-06 20:09:35,2021,1,1,25,winter,1,0,0,0,0.12053668025532308,-0.992708874098054,-955.6400000000012,-2326.0699999999997,955.6400000000012,2326.0699999999997,11690.19,11841.84,11754.93,11932.24,21073.93,21142.48,21031.5,20873.54,12311.7,12406.9,12565.3,12479.8,24500.0,24500.0,23500.0,23500.0,11762.32,76.09461019017,11804.800000000001,105.25427022215474,11772.68625,327.22915351857586,21082.636666666665,55.999952082921446,21030.362500000003,114.10967133311465,20839.79,383.38669900162176,12427.966666666667,128.10578961671123,12440.925,107.76085792159049,12348.85,476.3744655505677,24166.666666666668,577.3502691896263,24000.0,577.350269189626,24000.0,534.5224838248494,619.369999999999,0.05298203023218595,1100.0,0.052197193404362574,953.5,0.07744665643249915,0.0,0.0,9864.37,11234.8,480.630000000001,-953.5
GUI_TOTAL_LOAD_YEARAHEAD_201912312300-202012312300.csv,2019-12-30,2021-01-04,Week 26,26,Poland,PL,12291.8,12210.25,21843.34,24500.0,2021,2026-07-06 20:09:35,2021,1,1,26,winter,1,0,0,0,-3.216245299353273e-16,-1.0,-81.54999999999927,-2656.66,81.54999999999927,2656.66,12309.56,11690.19,11841.84,11754.93,22173.93,21073.93,21142.48,21031.5,13265.2,12311.7,12406.9,12565.3,24500.0,24500.0,24500.0,23500.0,11947.196666666665,322.8464335149532,11899.130000000001,280.58539555721524,11767.86375,317.6819580711379,21463.446666666667,616.2505179172488,21355.46,547.5590816828899,21081.925000000003,531.3400252460834,12661.266666666668,525.1831712205975,12637.275,431.4865496165529,12603.237500000001,306.8084974494013,24500.0,0.0,24250.0,500.0,24000.0,534.5224838248494,-99.30999999999949,-0.008067713224518158,-330.59000000000015,-0.01490894938335241,-973.4000000000015,-0.07337997165515797,0.0,0.0,9633.09,12208.2,-231.28000000000065,973.4000000000015
GUI_TOTAL_LOAD_YEARAHEAD_201912312300-202012312300.csv,2019-12-30,2021-01-04,Week 27,27,Poland,PL,12817.8,12132.34,22344.78,24500.0,2021,2026-07-06 20:09:35,2021,1,1,27,winter,1,0,0,0,-0.12053668025532283,-0.992708874098054,-685.4599999999991,-2155.220000000001,685.4599999999991,2155.220000000001,12210.25,12309.56,11690.19,11841.84,21843.34,22173.93,21073.93,21142.48,12291.8,13265.2,12311.7,12406.9,24500.0,24500.0,24500.0,24500.0,12070.0,332.6519894724672,12012.96,294.5943150616903,11899.1475,237.47250726584826,21697.066666666666,564.3996066912786,21558.42,537.8254395248242,21284.00375,462.5903916899599,12622.9,556.3371010457508,12568.9,466.9096772039156,12572.6625,326.0077998081195,24500.0,0.0,24500.0,0.0,24000.0,534.5224838248494,-77.90999999999985,-0.006380704735775233,501.4399999999987,0.022956196259363182,526.0,0.0427927561463739,0.0,0.0,10212.439999999999,11682.2,579.3499999999985,-526.0
GUI_TOTAL_LOAD_YEARAHEAD_201912312300-202012312300.csv,2019-12-30,2021-01-04,Week 28,28,Poland,PL,12720.6,11903.98,21828.68,24100.0,2021,2026-07-06 20:09:35,2021,1,1,28,winter,1,0,0,0,-0.23931566428755743,-0.9709418174260521,-816.6200000000008,-2271.3199999999997,816.6200000000008,2271.3199999999997,12132.34,12210.25,12309.56,11690.19,22344.78,21843.34,22173.93,21073.93,12817.8,12291.8,13265.2,12311.7,24500.0,24500.0,24500.0,24500.0,12217.383333333331,88.82508335668646,12085.585,273.3919036231084,11953.20125,234.8437290404602,22120.683333333334,254.9253303092029,21858.995,563.2475044182554,21439.60125,585.0071196010133,12791.6,487.22861163933237,12671.625,464.58276890847407,12620.2375,331.1458156915416,24500.0,0.0,24500.0,0.0,24125.0,517.5491695067661,-228.36000000000058,-0.018822420077248103,-516.0999999999985,-0.023097117089539432,-97.19999999999891,-0.007583204606094518,-400.0,-0.01632653061224487,9924.7,11379.4,-287.73999999999796,-302.8000000000011
GUI_TOTAL_LOAD_YEARAHEAD_201912312300-202012312300.csv,2019-12-30,2021-01-04,Week 29,29,Poland,PL,12464.3,12069.6,21523.96,24100.0,2021,2026-07-06 20:09:35,2021,1,1,29,winter,1,0,0,0,-0.3546048870425356,-0.9350162426854148,-394.6999999999989,-2576.040000000001,394.6999999999989,2576.040000000001,11903.98,12132.34,12210.25,12309.56,21828.68,22344.78,21843.34,22173.93,12720.6,12817.8,12291.8,13265.2,24100.0,24500.0,24500.0,24500.0,12082.19,159.174731348888,12139.0325,172.67119801808573,11971.916249999998,222.35882846921268,22005.600000000002,293.829939250457,22047.6825,254.24614587387384,21539.0225,573.5685690917421,12610.066666666666,279.87892620439044,12773.85,399.4012977778925,12607.3875,324.0545608271447,24366.666666666668,230.94010767585084,24400.0,200.0,24200.0,453.5573676110733,165.6200000000008,0.013912993805433205,-304.72000000000116,-0.013959616431227229,-256.3000000000011,-0.02014842067198097,0.0,0.0,9454.359999999999,11635.7,-470.34000000000196,256.3000000000011
GUI_TOTAL_LOAD_YEARAHEAD_201912312300-202012312300.csv,2019-12-30,2021-01-04,Week 30,30,Poland,PL,12699.4,12157.95,21766.58,24100.0,2021,2026-07-06 20:09:35,2021,1,1,30,winter,1,0,0,0,-0.46472317204376806,-0.8854560256532101,-541.4499999999989,-2333.4199999999983,541.4499999999989,2333.4199999999983,12069.6,11903.98,12132.34,12210.25,21523.96,21828.68,22344.78,21843.34,12464.3,12720.6,12817.8,12291.8,24100.0,24100.0,24500.0,24500.0,12035.306666666665,117.97922246448583,12079.0425,130.1179865545139,11989.08625,224.15351218924138,21899.14,414.92147064225406,21885.19,339.9288570667765,21620.324999999997,508.12617572517746,12667.566666666666,182.61972328673298,12573.625,239.86132625609216,12605.45,324.9714141274837,24233.333333333332,230.94010767585084,24300.0,230.94010767585056,24275.0,361.5443067098226,88.35000000000036,0.007320043746271709,242.62000000000262,0.011272089336720637,235.10000000000036,0.01886186949928992,0.0,0.0,9608.630000000001,11400.6,154.27000000000226,-235.10000000000036
GUI_TOTAL_LOAD_YEARAHEAD_201912312300-202012312300.csv,2019-12-30,2021-01-04,Week 31,31,Poland,PL,12712.9,11949.63,22131.44,24200.0,2021,2026-07-06 20:09:35,2021,1,1,31,winter,1,0,0,0,-0.5680647467311556,-0.8229838658936566,-763.2700000000004,-2068.5600000000013,763.2700000000004,2068.5600000000013,12157.95,12069.6,11903.98,12132.34,21766.58,21523.96,21828.68,22344.78,12699.4,12464.3,12720.6,12817.8,24100.0,24100.0,24100.0,24500.0,12043.843333333332,128.9292233487994,12065.9675,114.19170179279192,12039.463749999999,208.7706382569198,21706.406666666666,161.02543939785028,21866.0,345.2046585240784,21712.21,449.52010789279956,12628.099999999999,142.25044815391388,12675.525,149.95549061859836,12622.2125,326.0612713564551,24100.0,0.0,24200.0,199.99999999999997,24350.0,207.01966780270754,-208.32000000000153,-0.017134467570602108,364.85999999999694,0.016762394459763463,13.5,0.0010630423484574436,100.0,0.004149377593360981,10181.81,11487.1,573.1799999999985,86.5
GUI_TOTAL_LOAD_YEARAHEAD_201912312300-202012312300.csv,2019-12-30,2021-01-04,Week 32,32,Poland,PL,12127.7,12744.38,22191.05,24200.0,2021,2026-07-06 20:09:35,2021,1,1,32,winter,1,0,0,0,-0.663122658240795,-0.7485107481711013,616.6799999999985,-2008.9500000000007,616.6799999999985,2008.9500000000007,11949.63,12157.95,12069.6,11903.98,22131.44,21766.58,21523.96,21828.68,12712.9,12699.4,12464.3,12720.6,24200.0,24100.0,24100.0,24100.0,12059.06,104.55919041380884,12020.289999999999,115.32938827549772,12052.9375,197.3607561041141,21807.326666666664,305.782938917899,21812.665,249.89890295889867,21835.83,404.1542450599251,12625.533333333333,139.7952192792104,12649.3,123.64419382512355,12660.462500000001,314.95394646340503,24133.333333333332,57.7350269189631,24125.0,50.0,24312.5,203.10096011590025,794.75,0.06650833540452727,59.61000000000058,0.0026934532954023815,-585.1999999999989,-0.04603198326109692,0.0,0.0,9446.67,12072.3,-735.1399999999994,585.1999999999989
GUI_TOTAL_LOAD_YEARAHEAD_201912312300-202012312300.csv,2019-12-30,2021-01-04,Week 33,33,Poland,PL,12615.1,12085.15,22655.54,24200.0,2021,2026-07-06 20:09:35,2021,1,1,33,winter,1,0,0,0,-0.7485107481711011,-0.6631226582407952,-529.9500000000007,-1544.4599999999991,529.9500000000007,1544.4599999999991,12744.38,11949.63,12157.95,12069.6,22191.05,22131.44,21766.58,21523.96,12127.7,12712.9,12699.4,12464.3,24200.0,24200.0,24100.0,24100.0,12283.986666666666,412.0932195915393,12230.39,353.1349484262361,12184.71125,261.93000397800597,22029.690000000002,229.80098367920002,21903.2575,314.87516514494666,21975.47,275.9605505450097,12513.333333333334,334.0364700647554,12501.075,273.83932484822463,12637.4625,348.9454559813271,24166.666666666668,57.7350269189631,24150.0,57.73502691896284,24275.0,190.8627030841069,-659.2299999999996,-0.051727114226035265,464.4900000000016,0.020931411537534306,487.39999999999964,0.04018898884372146,0.0,0.0,10570.390000000001,11584.9,1123.7200000000012,-487.39999999999964
GUI_TOTAL_LOAD_YEARAHEAD_201912312300-202012312300.csv,2019-12-30,2021-01-04,Week 34,34,Poland,PL,12116.2,12965.99,22749.6,24200.0,2021,2026-07-06 20:09:35,2021,1,1,34,winter,1,0,0,0,-0.8229838658936564,-0.5680647467311559,849.789999999999,-1450.4000000000015,849.789999999999,1450.4000000000015,12085.15,12744.38,11949.63,12157.95,22655.54,22191.05,22131.44,21766.58,12615.1,12127.7,12712.9,12699.4,24200.0,24200.0,24200.0,24100.0,12259.72,425.16220939776366,12234.2775,350.85308334353743,12156.66,258.6452451856251,22326.01,286.93353533513766,22186.1525,364.8667113139348,22035.67125,363.94561750099155,12485.233333333332,313.4705302469794,12538.775,277.44553069025653,12556.199999999999,240.81928019637903,24200.0,0.0,24175.0,50.0,24237.5,168.50180160122207,880.8400000000001,0.0728861453933134,94.05999999999767,0.00415174390016726,-498.89999999999964,-0.039547843457443776,0.0,0.0,9783.609999999999,12083.8,-786.7800000000025,498.89999999999964
GUI_TOTAL_LOAD_YEARAHEAD_201912312300-202012312300.csv,2019-12-30,2021-01-04,Week 35,35,Poland,PL,12788.8,12821.18,21922.01,24200.0,2021,2026-07-06 20:09:35,2021,1,1,35,winter,1,0,0,0,-0.8854560256532096,-0.4647231720437691,32.38000000000102,-2277.9900000000016,32.38000000000102,2277.9900000000016,12965.99,12085.15,12744.38,11949.63,22749.6,22655.54,22191.05,22131.44,12116.2,12615.1,12127.7,12712.9,24200.0,24200.0,24200.0,24200.0,12598.506666666666,458.1801484496202,12436.287499999999,495.18979300028764,12251.1275,387.1197364326765,22532.063333333335,299.0474728755416,22431.9075,315.823301586562,22148.95375,430.4871724299714,12286.333333333334,284.77834070259416,12392.975,315.5242977965384,12534.25,274.0687348615082,24200.0,0.0,24200.0,0.0,24200.0,130.93073414159718,-144.8099999999995,-0.011168449150431248,-827.5900000000001,-0.03637822203467311,672.5999999999985,0.05551245439989416,0.0,0.0,9100.829999999998,11411.2,-682.7800000000007,-672.5999999999985
GUI_TOTAL_LOAD_YEARAHEAD_201912312300-202012312300.csv,2019-12-30,2021-01-04,Week 36,36,Poland,PL,13170.0,12863.89,21947.23,24400.0,2021,2026-07-06 20:09:35,2021,1,1,36,winter,1,0,0,0,-0.9350162426854147,-0.3546048870425359,-306.1100000000006,-2452.7700000000004,306.1100000000006,2452.7700000000004,12821.18,12965.99,12085.15,12744.38,21922.01,22749.6,22655.54,22191.05,12788.8,12116.2,12615.1,12127.7,24200.0,24200.0,24200.0,24200.0,12624.106666666667,472.3327221708399,12654.175,390.3185267188859,12337.2325,431.04004566197517,22442.38333333333,453.10387929618406,22379.55,390.7183914279421,22096.1075,428.9602338795115,12506.699999999999,349.15699907060264,12411.95,342.32147171919945,12530.625,269.94329430988535,24200.0,0.0,24200.0,0.0,24162.5,51.75491695068159,42.70999999999913,0.0033312066440061017,25.220000000001164,0.0011504419530874443,381.2000000000007,0.02980733141498826,200.0,0.008264462809917328,9083.34,11230.0,-17.489999999997963,-181.20000000000073
GUI_TOTAL_LOAD_YEARAHEAD_201912312300-202012312300.csv,2019-12-30,2021-01-04,Week 37,37,Poland,PL,12888.6,13011.99,22065.58,24400.0,2021,2026-07-06 20:09:35,2021,1,1,37,winter,1,0,0,0,-0.970941817426052,-0.23931566428755774,123.38999999999942,-2334.4199999999983,123.38999999999942,2334.4199999999983,12863.89,12821.18,12965.99,12085.15,21947.23,21922.01,22749.6,22655.54,13170.0,12788.8,12116.2,12615.1,24400.0,24200.0,24200.0,24200.0,12883.686666666666,74.40708993981248,12684.0525,403.8640184001726,12457.22125,426.7904536500071,22206.28,470.6978637086898,22318.594999999998,445.15497994148944,22110.92625,420.36352553257973,12691.666666666666,533.5726504735062,12672.525000000001,437.33907040190024,12586.8,350.0103100522518,24266.666666666668,115.47005383792462,24250.0,100.0,24200.0,92.58200997725774,148.10000000000036,0.011512847202518106,118.35000000000218,0.005392480053291626,-281.39999999999964,-0.021366742596810928,0.0,0.0,9053.590000000002,11511.4,-29.74999999999818,281.39999999999964
GUI_TOTAL_LOAD_YEARAHEAD_201912312300-202012312300.csv,2019-12-30,2021-01-04,Week 38,38,Poland,PL,13008.0,13211.98,22961.39,24400.0,2021,2026-07-06 20:09:35,2021,1,1,38,winter,1,0,0,0,-0.992708874098054,-0.12053668025532357,203.97999999999956,-1438.6100000000006,203.97999999999956,1438.6100000000006,13011.99,12863.89,12821.18,12965.99,22065.58,21947.23,21922.01,22749.6,12888.6,13170.0,12788.8,12116.2,24400.0,24400.0,24200.0,24200.0,12899.019999999999,100.13841270949861,12915.7625,88.35371917281213,12575.02,434.50405354018477,21978.27333333333,76.6541103481473,22171.105,390.70889645196684,22178.62875,350.0604704674543,12949.133333333331,197.6779535844187,12740.9,446.649228515321,12639.8375,360.77767169390273,24333.333333333332,115.47005383792462,24300.0,115.4700538379249,24237.5,106.06601717798448,199.98999999999978,0.015369670588434081,895.8099999999977,0.040597618553421144,119.39999999999964,0.009264000744844347,0.0,0.0,9749.41,11392.0,695.8199999999979,-119.39999999999964
GUI_TOTAL_LOAD_YEARAHEAD_201912312300-202012312300.csv,2019-12-30,2021-01-04,Week 39,39,Poland,PL,13498.5,13547.61,23222.25,24400.0,2021,2026-07-06 20:09:35,2021,1,1,39,winter,1,0,0,0,-1.0,-1.8369701987210297e-16,49.11000000000058,-1177.75,49.11000000000058,1177.75,13211.98,13011.99,12863.89,12821.18,22961.39,22065.58,21947.23,21922.01,13008.0,12888.6,13170.0,12788.8,24400.0,24400.0,24400.0,24200.0,13029.286666666667,174.68841699812154,12977.26,176.55346178047049,12706.77375,449.51635269594766,22324.733333333334,554.5272437250046,22224.052499999998,495.5268208264602,22327.98,400.40710818576304,13022.200000000003,141.23639757509576,12963.85,164.0651395025696,12678.4125,383.81829569102007,24400.0,0.0,24350.0,100.0,24275.0,103.50983390135526,335.630000000001,0.025403459587435062,260.8600000000006,0.011360810473582061,490.5,0.037707564575645725,0.0,0.0,9674.64,10901.5,-74.77000000000044,-490.5
GUI_TOTAL_LOAD_YEARAHEAD_201912312300-202012312300.csv,2019-12-30,2021-01-04,Week 40,40,Poland,PL,13675.9,13628.19,23526.83,25400.0,2021,2026-07-06 20:09:35,2021,1,1,40,winter,1,0,0,0,-0.992708874098054,0.1205366802553232,-47.70999999999913,-1873.1699999999983,47.70999999999913,1873.1699999999983,13547.61,13211.98,13011.99,12863.89,23222.25,22961.39,22065.58,21947.23,13498.5,13008.0,12888.6,13170.0,24400.0,24400.0,24400.0,24400.0,13257.193333333335,270.6573114351556,13158.8675,295.8188603830642,12906.52125,419.0126303052872,22749.74,606.6862155182839,22549.1125,637.4828241542647,22464.33125,497.8006658273858,13131.700000000003,323.2193837009018,13141.275,264.60140305749826,12776.6125,481.87484871224115,24400.0,0.0,24400.0,0.0,24300.0,106.90449676497175,80.57999999999993,0.005947912583843307,304.58000000000175,0.013115869478625086,177.39999999999964,0.013142200985294616,1000.0,0.040983606557376984,9898.640000000001,11724.1,224.00000000000182,822.6000000000004
GUI_TOTAL_LOAD_YEARAHEAD_201912312300-202012312300.csv,2019-12-30,2021-01-04,Week 41,41,Poland,PL,14191.1,13928.15,23618.41,25400.0,2021,2026-07-06 20:09:35,2021,1,1,41,winter,1,0,0,0,-0.9709418174260521,0.23931566428755738,-262.9500000000007,-1781.5900000000001,262.9500000000007,1781.5900000000001,13628.19,13547.61,13211.98,13011.99,23526.83,23222.25,22961.39,22065.58,13675.9,13498.5,13008.0,12888.6,25400.0,24400.0,24400.0,24400.0,13462.593333333332,220.7454783983216,13349.942500000001,288.5247854604541,13016.9975,481.9420646494456,23236.823333333334,283.00156348191985,22944.0125,629.5601584373641,22631.30375,605.4303010949384,13394.133333333333,345.9651764749238,13267.75,379.05882129294383,12970.137499999999,494.74939670072513,24733.333333333332,577.3502691896263,24650.0,500.0,24450.0,396.41248358604656,299.9599999999991,0.02201025961628056,91.57999999999811,0.0038925771130235987,515.2000000000007,0.03767210933101306,0.0,0.0,9690.26,11208.9,-208.38000000000102,-515.2000000000007
GUI_TOTAL_LOAD_YEARAHEAD_201912312300-202012312300.csv,2019-12-30,2021-01-04,Week 42,42,Poland,PL,13817.6,14266.14,24338.25,25400.0,2021,2026-07-06 20:09:35,2021,1,1,42,winter,1,0,0,0,-0.9350162426854148,0.35460488704253557,448.53999999999905,-1061.75,448.53999999999905,1061.75,13928.15,13628.19,13547.61,13211.98,23618.41,23526.83,23222.25,22961.39,14191.1,13675.9,13498.5,13008.0,25400.0,25400.0,24400.0,24400.0,13701.316666666666,200.53255330070573,13578.982499999998,294.4001754273717,13247.3725,407.63342526448565,23455.83,207.40404142607127,23332.22,299.6587269989983,22751.6625,699.3591423326561,13788.5,359.76764723915113,13593.375,488.45017060766963,13167.1375,628.7930114513184,25066.666666666668,577.3502691896263,24900.0,577.350269189626,24600.0,501.42653642240737,337.9899999999998,0.024266682940663253,719.8400000000001,0.030477919555126798,-373.5,-0.02631931280873223,0.0,0.0,10072.11,11582.4,381.85000000000036,373.5
GUI_TOTAL_LOAD_YEARAHEAD_201912312300-202012312300.csv,2019-12-30,2021-01-04,Week 43,43,Poland,PL,13883.4,14088.93,23636.24,25400.0,2021,2026-07-06 20:09:35,2021,1,1,43,winter,1,0,0,0,-0.8854560256532101,0.464723172043768,205.53000000000065,-1763.7599999999984,205.53000000000065,1763.7599999999984,14266.14,13928.15,13628.19,13547.61,24338.25,23618.41,23526.83,23222.25,13817.6,14191.1,13675.9,13498.5,25400.0,25400.0,25400.0,24400.0,13940.826666666666,319.1638670546804,13842.5225,326.4432866900464,13409.891249999999,522.4348791527585,23827.83,444.40202114734956,23676.435,472.5927299130211,22950.243749999998,896.4614570782026,13894.866666666667,266.14913738978805,13795.775,294.109178990831,13379.8125,496.336744667531,25400.0,0.0,25150.0,500.0,24750.0,542.4810727442151,-177.20999999999913,-0.012421720241074241,-702.0099999999984,-0.028843897979517807,65.79999999999927,0.004762042612320494,0.0,0.0,9547.310000000001,11516.6,-524.7999999999993,-65.79999999999927
GUI_TOTAL_LOAD_YEARAHEAD_201912312300-202012312300.csv,2019-12-30,2021-01-04,Week 44,44,Poland,PL,13803.2,13910.26,24166.81,25400.0,2021,2026-07-06 20:09:35,2021,1,1,44,winter,1,0,0,0,-0.822983865893657,0.5680647467311548,107.05999999999949,-1233.1899999999987,107.05999999999949,1233.1899999999987,14088.93,14266.14,13928.15,13628.19,23636.24,24338.25,23618.41,23526.83,13883.4,13817.6,14191.1,13675.9,25400.0,25400.0,25400.0,25400.0,14094.406666666668,169.06154333051802,13977.8525,270.9133293601474,13568.36,510.4873513194463,23864.300000000003,410.54954524374756,23779.932500000003,375.2849401343413,23164.522500000003,816.9197509941112,13964.033333333333,199.37869327821505,13892.0,217.3854794291935,13516.6375,459.6562533568093,25400.0,0.0,25400.0,0.0,24900.0,534.522483824849,-178.67000000000007,-0.012681587601045652,530.5699999999997,0.022447309724389353,-80.19999999999891,-0.005776682945099809,0.0,0.0,10256.550000000001,11596.8,709.2399999999998,80.19999999999891
GUI_TOTAL_LOAD_YEARAHEAD_201912312300-202012312300.csv,2019-12-30,2021-01-04,Week 45,45,Poland,PL,13414.3,14054.68,24067.11,27200.0,2021,2026-07-06 20:09:35,2021,1,1,45,winter,1,0,0,0,-0.7485107481711011,0.6631226582407952,640.380000000001,-3132.8899999999994,640.380000000001,3132.8899999999994,13910.26,14088.93,14266.14,13928.15,24166.81,23636.24,24338.25,23618.41,13803.2,13883.4,13817.6,14191.1,25400.0,25400.0,25400.0,25400.0,14088.443333333335,177.94049913748296,14048.369999999999,165.92780257288504,13699.15625,432.25946374627284,24047.100000000002,365.99504518482064,23939.9275,367.75720399691403,23441.97,714.9892543648102,13834.733333333332,42.75714365259149,13923.825,181.5711499660488,13595.7875,445.7465373233242,25400.0,0.0,25400.0,0.0,25025.0,517.5491695067659,144.42000000000007,0.010382264601811908,-99.70000000000073,-0.0041254927729394986,-388.90000000000146,-0.02817462617364097,1800.0,0.07086614173228356,10012.43,13785.7,-244.1200000000008,2188.9000000000015
GUI_TOTAL_LOAD_YEARAHEAD_201912312300-202012312300.csv,2019-12-30,2021-01-04,Week 46,46,Poland,PL,13977.9,14359.3,24192.84,27300.0,2021,2026-07-06 20:09:35,2021,1,1,46,winter,1,0,0,0,-0.6631226582407955,0.7485107481711007,381.39999999999964,-3107.16,381.39999999999964,3107.16,14054.68,13910.26,14088.93,14266.14,24067.11,24166.81,23636.24,24338.25,13414.3,13803.2,13883.4,13817.6,27200.0,25400.0,25400.0,25400.0,14017.956666666667,94.82718298724974,14080.0025,146.26530059563981,13829.4925,343.5605758918563,23956.72,281.98509765560914,24052.1025,299.0011406192654,23692.16125,474.19898353322236,13700.300000000001,250.90836972886143,13729.625,213.09582156077514,13661.5,356.3923039092367,26000.0,1039.2304845413264,25850.0,900.0,25375.0,864.7873396720972,304.619999999999,0.02167391929236384,125.72999999999956,0.00522414199295218,563.6000000000004,0.04201486473390337,100.0,0.003676470588235281,9833.54,13322.1,-178.88999999999942,-463.60000000000036
GUI_TOTAL_LOAD_YEARAHEAD_201912312300-202012312300.csv,2019-12-30,2021-01-04,Week 47,47,Poland,PL,14081.2,14862.01,24478.23,27300.0,2021,2026-07-06 20:09:35,2021,1,1,47,winter,1,0,0,0,-0.5680647467311559,0.8229838658936564,780.8099999999995,-2821.7700000000004,780.8099999999995,2821.7700000000004,14359.3,14054.68,13910.26,14088.93,24192.84,24067.11,24166.81,23636.24,13977.9,13414.3,13803.2,13883.4,27300.0,27200.0,25400.0,25400.0,14108.08,229.23328815851085,14103.2925,187.41295105995093,13972.9075,283.11241753813385,24142.25333333333,66.36475444970148,24015.75,258.7441989042924,23846.0925,396.6190480531522,13731.800000000001,288.504263400032,13769.7,247.45796949514715,13782.7375,252.01099146951503,26633.333333333332,1069.267662156363,26325.0,1068.8779163215975,25737.5,995.6153875869942,502.71000000000095,0.03500936675186117,285.3899999999994,0.01179646540050694,103.30000000000109,0.007390237446254444,0.0,0.0,9616.22,13218.8,-217.32000000000153,-103.30000000000109
GUI_TOTAL_LOAD_YEARAHEAD_201912312300-202012312300.csv,2019-12-30,2021-01-04,Week 48,48,Poland,PL,14591.7,15240.73,25235.14,27300.0,2021,2026-07-06 20:09:35,2021,1,1,48,winter,1,0,0,0,-0.4647231720437684,0.88545602565321,649.0299999999988,-2064.8600000000006,649.0299999999988,2064.8600000000006,14862.01,14359.3,14054.68,13910.26,24478.23,24192.84,24067.11,24166.81,14081.2,13977.9,13414.3,13803.2,27300.0,27300.0,27200.0,25400.0,14425.33,407.6952328639123,14296.5625,420.87354968565046,14137.2075,369.31168770913894,24246.059999999998,210.66368908720767,24226.247499999998,176.5113798737781,24003.09,361.421660944694,13824.466666666667,358.9501961739663,13819.15,293.2744391634918,13855.575,242.1372913393608,27266.666666666668,57.73502691897643,26800.0,934.5230512584128,26100.0,966.5845613735588,378.71999999999935,0.025482421287564616,756.9099999999999,0.03092176190843854,510.5,0.03625401244212134,0.0,0.0,9994.41,12708.3,378.1900000000005,-510.5
GUI_TOTAL_LOAD_YEARAHEAD_201912312300-202012312300.csv,2019-12-30,2021-01-04,Week 49,49,Poland,PL,14930.8,14920.3,26062.06,28000.0,2021,2026-07-06 20:09:35,2021,1,1,49,winter,1,0,0,0,-0.35460488704253595,0.9350162426854147,-10.5,-1937.9399999999987,10.5,1937.9399999999987,15240.73,14862.01,14359.3,14054.68,25235.14,24478.23,24192.84,24067.11,14591.7,14081.2,13977.9,13414.3,27300.0,27300.0,27300.0,27200.0,14820.679999999998,442.1660750215409,14629.18,526.3359750197582,14338.775,476.35000562311745,24635.403333333332,538.632448923336,24493.33,523.5990242541791,24216.628750000003,512.7952183707988,14216.933333333334,328.64154231218214,14016.275,482.7614067355894,13970.050000000001,341.252729973411,27300.0,3.9228370287328975e-05,27275.0,50.00000000000093,26337.5,1002.764037192058,-320.4300000000003,-0.021024583468114755,826.9200000000019,0.0327685917335907,339.09999999999854,0.023239238745313973,700.0,0.02564102564102555,11141.760000000002,13069.2,1147.3500000000022,360.90000000000146
GUI_TOTAL_LOAD_YEARAHEAD_201912312300-202012312300.csv,2019-12-30,2021-01-04,Week 50,50,Poland,PL,14752.1,15421.51,26532.36,28000.0,2021,2026-07-06 20:09:35,2021,1,1,50,winter,1,0,0,0,-0.2393156642875578,0.970941817426052,669.4099999999999,-1467.6399999999994,669.4099999999999,1467.6399999999994,14920.3,15240.73,14862.01,14359.3,26062.06,25235.14,24478.23,24192.84,14930.8,14591.7,14081.2,13977.9,28000.0,27300.0,27300.0,27300.0,15007.68,203.92071473970546,14845.585,364.4469710396829,14462.79375,483.2743271812618,25258.47666666667,792.1728455540035,24992.0675,838.0059195245772,24522.085000000003,769.232940030916,14534.566666666666,427.6718407065517,14395.4,446.5477727335783,14062.5125,481.2122977810671,27533.333333333332,404.14518843274044,27475.0,350.0,26662.5,1074.2937879635829,501.21000000000095,0.03359248808670068,470.2999999999993,0.018045388584018163,-178.6999999999989,-0.011968548235861354,0.0,0.0,11110.85,13247.9,-30.910000000001673,178.6999999999989
GUI_TOTAL_LOAD_YEARAHEAD_201912312300-202012312300.csv,2019-12-30,2021-01-04,Week 51,51,Poland,PL,16706.0,15362.8,25626.79,28000.0,2021,2026-07-06 20:09:35,2021,1,1,51,winter,1,0,0,0,-0.12053668025532363,0.992708874098054,-1343.2000000000007,-2373.209999999999,1343.2000000000007,2373.209999999999,15421.51,14920.3,15240.73,14862.01,26532.36,26062.06,25235.14,24478.23,14752.1,14930.8,14591.7,14081.2,28000.0,28000.0,27300.0,27300.0,15194.18,253.82679704859785,15111.137499999999,265.5866258398566,14607.215,579.2214846794681,25943.186666666665,656.7290797072258,25576.947500000002,907.7737777432194,24796.34875,1038.383403186195,14758.200000000003,169.63227876792172,14588.95,365.73987568578065,14179.324999999999,524.7236599256172,27766.666666666668,404.14518843274044,27650.0,404.1451884327383,26987.5,1030.1698889018262,-58.710000000000946,-0.003807020194520616,-905.5699999999997,-0.034130774646507156,1953.8999999999996,0.13244893947302416,0.0,0.0,10263.990000000002,11294.0,-846.8599999999988,-1953.8999999999996
GUI_TOTAL_LOAD_YEARAHEAD_201912312300-202012312300.csv,2019-12-30,2021-01-04,Week 52,52,Poland,PL,12700.3,12640.53,25390.59,28000.0,2021,2026-07-06 20:09:35,2021,1,1,52,winter,1,0,0,0,6.432490598706546e-16,1.0,-59.76999999999862,-2609.41,59.76999999999862,2609.41,15362.8,15421.51,14920.3,15240.73,25626.79,26532.36,26062.06,25235.14,16706.0,14752.1,14930.8,14591.7,28000.0,28000.0,28000.0,27300.0,15234.87,274.00260892909296,15236.335,223.7413790517979,14766.44875,591.3578747361883,26073.736666666668,452.89790751679845,25864.087499999998,559.066575127546,25045.1675,955.8970984032574,15462.966666666665,1080.2001311485456,15245.150000000001,983.6994544405534,14532.15,1016.1534993718892,28000.0,0.0,27825.0,350.0,27312.5,852.6220063511655,-2722.2699999999986,-0.17719881792381587,-236.20000000000073,-0.009216917140227099,-4005.7000000000007,-0.23977612833712447,0.0,0.0,12750.06,15299.7,2486.069999999998,4005.7000000000007
GUI_TOTAL_LOAD_YEARAHEAD_201912312300-202012312300.csv,2019-12-30,2021-01-04,Week 1,1,Poland,PL,12894.5,13520.11,22643.13,28000.0,2021,2026-07-06 20:09:35,2021,1,1,1,winter,1,0,0,0,0.12053668025532305,0.992708874098054,625.6100000000006,-5356.869999999999,625.6100000000006,5356.869999999999,12640.53,15362.8,15421.51,14920.3,25390.59,25626.79,26532.36,26062.06,12700.3,16706.0,14752.1,14930.8,28000.0,28000.0,28000.0,28000.0,14474.946666666665,1588.9226212227234,14586.285,1316.3212482900967,14607.7325,928.3528827175586,25849.913333333334,602.7003398315821,25902.949999999997,503.4050904919164,25198.14,890.9685707780853,14719.466666666667,2003.049381151981,14772.3,1638.8929169818618,14394.2875,1189.2514637818044,28000.0,0.0,28000.0,0.0,27637.5,388.9087296526025,879.5799999999999,0.0695841076283985,-2747.459999999999,-0.10820780454491208,194.20000000000073,0.01529097737848728,0.0,0.0,9123.02,15105.5,-3627.039999999999,-194.20000000000073
GUI_TOTAL_LOAD_YEARAHEAD_202012312300-202112312300.csv,2021-01-04,2022-01-03,Week 2,2,Poland,PL,14474.9,14722.1,24893.04,27500.0,2022,2026-07-06 20:09:35,2022,1,1,2,winter,1,0,0,0,0.23931566428755774,0.970941817426052,247.20000000000073,-2606.959999999999,247.20000000000073,2606.959999999999,13520.11,12640.53,15362.8,15421.51,22643.13,25390.59,25626.79,26532.36,12894.5,12700.3,16706.0,14752.1,28000.0,28000.0,28000.0,28000.0,13841.146666666667,1389.239682068323,14236.2375,1382.4055106317387,14540.91125,990.9741616270834,24553.503333333338,1658.6417077033732,25048.2175,1677.2089821560364,25020.1425,1227.7829797734937,14100.266666666668,2258.719341426316,14263.225,1872.8134937841485,14329.3125,1262.39264600147,28000.0,0.0,28000.0,0.0,27737.5,362.28441865473746,1201.9899999999998,0.08890386246857451,2249.91,0.09936391302792491,1580.3999999999996,0.12256388382643757,-500.0,-0.017857142857142905,10170.94,13025.1,1047.92,-2080.3999999999996
GUI_TOTAL_LOAD_YEARAHEAD_202012312300-202112312300.csv,2021-01-04,2022-01-03,Week 3,3,Poland,PL,14888.3,15991.84,26169.39,27500.0,2022,2026-07-06 20:09:35,2022,1,1,3,winter,1,0,0,0,0.3546048870425356,0.9350162426854148,1103.5400000000009,-1330.6100000000006,1103.5400000000009,1330.6100000000006,14722.1,13520.11,12640.53,15362.8,24893.04,22643.13,25390.59,25626.79,14474.9,12894.5,12700.3,16706.0,27500.0,28000.0,28000.0,28000.0,13627.580000000002,1044.9381641513369,14061.385,1216.830975676846,14586.261250000001,989.7764726072178,24308.92,1463.9095749737548,24638.3875,1364.8746572579144,25107.667500000003,1184.5793666922075,13356.566666666666,973.3604128653095,14193.925000000001,1853.724964092567,14391.4375,1254.8349463888042,27833.333333333332,288.67513459481233,27875.0,250.0,27762.5,333.54160160315996,1269.7399999999998,0.08624720658058282,1276.3499999999985,0.05127336797755522,413.39999999999964,0.02855978279642679,0.0,0.0,10177.55,12611.7,6.609999999998763,-413.39999999999964
GUI_TOTAL_LOAD_YEARAHEAD_202012312300-202112312300.csv,2021-01-04,2022-01-03,Week 4,4,Poland,PL,14764.7,15176.21,27202.61,27500.0,2022,2026-07-06 20:09:35,2022,1,1,4,winter,1,0,0,0,0.4647231720437685,0.8854560256532099,411.5099999999984,-297.3899999999994,411.5099999999984,297.3899999999994,15991.84,14722.1,13520.11,12640.53,26169.39,24893.04,22643.13,25390.59,14888.3,14474.9,12894.5,12700.3,27500.0,27500.0,28000.0,28000.0,14744.683333333334,1236.0197423315265,14218.645,1457.862081325482,14727.49,1108.2580946692883,24568.52,1785.3885626663532,24774.037500000002,1514.603793414272,25319.0625,1206.8943772196258,14085.9,1052.2834028910618,13739.499999999998,1103.7083310367789,14492.324999999999,1258.7677611174324,27666.666666666668,288.67513459481233,27750.0,288.6751345948126,27787.5,299.7022331772482,-815.630000000001,-0.05100288647210083,1033.2200000000012,0.039482005503376216,-123.59999999999854,-0.008301820892915868,0.0,0.0,12026.400000000001,12735.3,1848.8500000000022,123.59999999999854
GUI_TOTAL_LOAD_YEARAHEAD_202012312300-202112312300.csv,2021-01-04,2022-01-03,Week 5,5,Poland,PL,15213.4,15507.83,25500.53,27500.0,2022,2026-07-06 20:09:35,2022,1,1,5,winter,1,0,0,0,0.5680647467311558,0.8229838658936564,294.4300000000003,-1999.4700000000012,294.4300000000003,1999.4700000000012,15176.21,15991.84,14722.1,13520.11,27202.61,26169.39,24893.04,22643.13,14764.7,14888.3,14474.9,12894.5,27500.0,27500.0,27500.0,28000.0,15296.716666666667,643.3904797502751,14852.565,1032.01276718524,14719.425,1104.2169829340612,26088.346666666665,1156.9159056012215,25227.0425,1964.6074447137992,25564.99625,1375.967150147125,14709.300000000001,212.1950989066282,14255.6,923.792509170748,14513.949999999999,1262.200208253155,27500.0,0.0,27625.0,250.0,27812.5,258.7745847533849,331.6200000000008,0.021851305431329848,-1702.0800000000017,-0.06257046658390508,448.6999999999989,0.03039005194822786,0.0,0.0,9992.699999999999,12286.6,-2033.7000000000025,-448.6999999999989
GUI_TOTAL_LOAD_YEARAHEAD_202012312300-202112312300.csv,2021-01-04,2022-01-03,Week 6,6,Poland,PL,14401.8,16341.95,26002.14,27200.0,2022,2026-07-06 20:09:35,2022,1,1,6,winter,1,0,0,0,0.6631226582407952,0.7485107481711011,1940.1500000000015,-1197.8600000000006,1940.1500000000015,1197.8600000000006,15507.83,15176.21,15991.84,14722.1,25500.53,27202.61,26169.39,24893.04,15213.4,14764.7,14888.3,14474.9,27500.0,27500.0,27500.0,27500.0,15558.626666666669,410.1808140726326,15349.494999999999,535.8262306942477,14792.86625,1138.492032633362,26290.843333333334,857.5151693894911,25941.3925,989.2851207605344,25494.805,1361.2320166043116,14955.466666666665,231.7680809199724,14835.325,305.85461006821595,14549.275,1279.370888645786,27500.0,0.0,27500.0,0.0,27750.0,267.26124191242644,834.1200000000008,0.05378702242673539,501.6100000000006,0.019670571552826477,-811.6000000000004,-0.05334770662705246,-300.0,-0.010909090909090868,9660.189999999999,12798.2,-332.5100000000002,511.60000000000036
GUI_TOTAL_LOAD_YEARAHEAD_202012312300-202112312300.csv,2021-01-04,2022-01-03,Week 7,7,Poland,PL,15027.0,16552.59,27374.68,27200.0,2022,2026-07-06 20:09:35,2022,1,1,7,winter,1,0,0,0,0.7485107481711011,0.6631226582407953,1525.5900000000001,174.6800000000003,1525.5900000000001,174.6800000000003,16341.95,15507.83,15176.21,15991.84,26002.14,25500.53,27202.61,26169.39,14401.8,15213.4,14764.7,14888.3,27200.0,27500.0,27500.0,27500.0,15675.33,600.6493356359875,15754.4575,515.3294039980708,14907.92125,1251.9536181782632,26235.093333333334,874.6253616452533,26218.6675,714.8838466199763,25428.5275,1315.6418851295396,14793.300000000001,406.5551746073272,14817.05,335.33215871229453,14505.4875,1277.4305252984634,27400.0,173.20508075688772,27425.0,150.0,27650.0,307.05978943149705,210.63999999999942,0.01288952664767673,1372.5400000000009,0.05278565533452251,625.2000000000007,0.04341124026163401,0.0,0.0,10822.09,12173.0,1161.9000000000015,-625.2000000000007
GUI_TOTAL_LOAD_YEARAHEAD_202012312300-202112312300.csv,2021-01-04,2022-01-03,Week 8,8,Poland,PL,14642.9,15470.13,26465.06,27200.0,2022,2026-07-06 20:09:35,2022,1,1,8,winter,1,0,0,0,0.8229838658936564,0.5680647467311559,827.2299999999996,-734.9399999999987,827.2299999999996,734.9399999999987,16552.59,16341.95,15507.83,15176.21,27374.68,26002.14,25500.53,27202.61,15027.0,14401.8,15213.4,14764.7,27200.0,27200.0,27500.0,27500.0,16134.123333333331,552.5167933495597,15894.645,657.9635449627946,15056.645,1378.0309774664518,26292.45,970.216201524049,26519.989999999998,913.588597163129,25647.01375,1487.2172764782667,14880.733333333332,425.11068362642595,14851.725,351.9166508800727,14295.6125,963.63457276161,27300.0,173.20508075688772,27350.0,173.20508075688772,27550.0,307.05978943149705,-1082.460000000001,-0.06539520401339005,-909.619999999999,-0.033228516278546394,-384.10000000000036,-0.025560657483196914,0.0,0.0,10994.930000000002,12557.1,172.84000000000196,384.10000000000036
GUI_TOTAL_LOAD_YEARAHEAD_202012312300-202112312300.csv,2021-01-04,2022-01-03,Week 9,9,Poland,PL,14372.6,14847.16,24285.39,27200.0,2022,2026-07-06 20:09:35,2022,1,1,9,winter,1,0,0,0,0.8854560256532099,0.4647231720437686,474.5599999999995,-2914.6100000000006,474.5599999999995,2914.6100000000006,15470.13,16552.59,16341.95,15507.83,26465.06,27374.68,26002.14,25500.53,14642.9,15027.0,14401.8,15213.4,27200.0,27200.0,27200.0,27500.0,16121.556666666665,573.8987967693263,15968.125,560.1234905209215,15410.345,972.8686782617987,26613.960000000003,698.279972790096,26335.6025,796.8656546065351,25781.322500000002,1509.1077021656859,14690.566666666666,315.3138806543864,14821.275,366.90675813706065,14538.4375,717.5370491927979,27200.0,0.0,27275.0,150.0,27450.0,267.2612419124264,-622.9699999999993,-0.040269215578666695,-2179.670000000002,-0.08236028937776829,-270.2999999999993,-0.018459458167439435,0.0,0.0,9438.23,12827.4,-1556.7000000000025,270.2999999999993
GUI_TOTAL_LOAD_YEARAHEAD_202012312300-202112312300.csv,2021-01-04,2022-01-03,Week 10,10,Poland,PL,14553.4,15003.7,24410.35,26600.0,2022,2026-07-06 20:09:35,2022,1,1,10,winter,1,0,0,0,0.9350162426854148,0.35460488704253557,450.3000000000011,-2189.6500000000015,450.3000000000011,2189.6500000000015,14847.16,15470.13,16552.59,16341.95,24285.39,26465.06,27374.68,26002.14,14372.6,14642.9,15027.0,14401.8,27200.0,27200.0,27200.0,27200.0,15623.293333333333,862.9699451506327,15802.957499999999,790.945595658559,15576.22625,670.7533645288613,26041.710000000003,1587.5601068620258,26031.817499999997,1296.3883837382664,25986.605,1068.6625176359898,14680.833333333334,328.8450141530631,14611.074999999999,302.5848572439092,14723.2,306.10223315565526,27200.0,0.0,27200.0,0.0,27350.0,160.35674514745833,156.54000000000087,0.010543430528128006,124.95999999999913,0.005145480472003916,180.79999999999927,0.012579491532499265,-600.0,-0.022058823529411797,9406.649999999998,12046.6,-31.580000000001746,-780.7999999999993
GUI_TOTAL_LOAD_YEARAHEAD_202012312300-202112312300.csv,2021-01-04,2022-01-03,Week 11,11,Poland,PL,14493.0,14739.9,24781.51,26600.0,2022,2026-07-06 20:09:35,2022,1,1,11,winter,1,0,0,0,0.970941817426052,0.23931566428755804,246.89999999999964,-1818.4900000000016,246.89999999999964,1818.4900000000016,15003.7,14847.16,15470.13,16552.59,24410.35,24285.39,26465.06,27374.68,14553.4,14372.6,14642.9,15027.0,26600.0,27200.0,27200.0,27200.0,15106.996666666666,324.07646664528187,15468.395,769.709074152914,15611.426249999999,625.3813543051165,25053.599999999995,1223.9559833179542,25633.87,1531.52383516109,25926.26875,1149.773191763621,14522.966666666667,137.69590892008884,14648.975,275.95744086117645,14733.0125,298.1607688935029,27000.0,346.41016151377545,27050.0,300.0,27237.5,297.3093626895363,-263.8000000000011,-0.017582329692009346,371.15999999999985,0.01520502573703375,-60.399999999999636,-0.004150232935259068,0.0,0.0,10041.609999999999,12107.0,634.960000000001,60.399999999999636
GUI_TOTAL_LOAD_YEARAHEAD_202012312300-202112312300.csv,2021-01-04,2022-01-03,Week 12,12,Poland,PL,14480.0,15406.14,24776.6,26600.0,2022,2026-07-06 20:09:35,2022,1,1,12,winter,1,0,0,0,0.992708874098054,0.120536680255323,926.1399999999994,-1823.4000000000015,926.1399999999994,1823.4000000000015,14739.9,15003.7,14847.16,15470.13,24781.51,24410.35,24285.39,26465.06,14493.0,14553.4,14372.6,14642.9,26600.0,26600.0,27200.0,27200.0,14863.586666666668,132.66494085964442,15015.2225,322.0357560245945,15454.93375,671.5267286444601,24492.416666666668,258.040630392151,24985.5775,1008.573452006131,25752.78375,1210.9286306200868,14473.0,92.04433714246895,14515.475,113.42226045468851,14683.6,301.48630388227144,26800.0,346.41016151377545,26900.0,346.41016151377545,27125.0,349.48942350643205,666.2399999999998,0.04519976390613234,-4.9099999999998545,-0.00019813159085135812,-13.0,-0.0008969847512592111,0.0,0.0,9370.46,12120.0,-671.1499999999996,13.0
GUI_TOTAL_LOAD_YEARAHEAD_202012312300-202112312300.csv,2021-01-04,2022-01-03,Week 13,13,Poland,PL,13634.5,14812.58,24393.33,26600.0,2022,2026-07-06 20:09:35,2022,1,1,13,winter,1,0,0,0,1.0,-1.6081226496766366e-16,1178.08,-2206.6699999999983,1178.08,2206.6699999999983,15406.14,14739.9,15003.7,14847.16,24776.6,24781.51,24410.35,24285.39,14480.0,14493.0,14553.4,14372.6,26600.0,26600.0,26600.0,27200.0,15049.913333333332,335.51555632085245,14999.224999999999,292.1033280079705,15483.675000000001,662.7564147019425,24656.153333333332,212.8860869882554,24563.4625,254.12599176703955,25449.532499999998,1094.1196743599369,14508.800000000001,39.16784395389065,14474.75,75.23534187236524,14648.0125,307.2927707647993,26600.0,0.0,26750.0,300.0,27012.5,356.32048174962785,-593.5599999999995,-0.038527496180094434,-383.2699999999968,-0.015469031263369293,-845.5,-0.0583908839779006,0.0,0.0,9580.750000000002,12965.5,210.2900000000027,845.5
GUI_TOTAL_LOAD_YEARAHEAD_202012312300-202112312300.csv,2021-01-04,2022-01-03,Week 14,14,Poland,PL,13193.9,12989.36,23418.39,26600.0,2022,2026-07-06 20:09:35,2022,1,1,14,winter,1,0,0,0,0.992708874098054,-0.12053668025532288,-204.53999999999905,-3181.6100000000006,204.53999999999905,3181.6100000000006,14812.58,15406.14,14739.9,15003.7,24393.33,24776.6,24781.51,24410.35,13634.5,14480.0,14493.0,14553.4,26600.0,26600.0,26600.0,26600.0,14986.206666666667,365.48406112071655,14990.58,298.54464233455144,15396.768750000001,703.4695567874901,24650.48,222.7119639800187,24590.4475,217.9052167608201,25311.1325,1155.0764680160116,14202.5,491.9453729836248,14290.225,438.31822819345945,14450.65,388.5744716267669,26600.0,0.0,26600.0,0.0,26900.0,320.71349029491086,-1823.2199999999993,-0.12308591751065645,-974.9400000000023,-0.0399674829143869,-440.60000000000036,-0.03231508306135178,0.0,0.0,10429.029999999999,13406.1,848.279999999997,440.60000000000036
GUI_TOTAL_LOAD_YEARAHEAD_202012312300-202112312300.csv,2021-01-04,2022-01-03,Week 15,15,Poland,PL,12702.0,12586.85,23816.63,24200.0,2022,2026-07-06 20:09:35,2022,1,1,15,winter,1,0,0,0,0.9709418174260521,-0.2393156642875575,-115.14999999999964,-383.369999999999,115.14999999999964,383.369999999999,12989.36,14812.58,15406.14,14739.9,23418.39,24393.33,24776.6,24781.51,13193.9,13634.5,14480.0,14493.0,26600.0,26600.0,26600.0,26600.0,14402.693333333335,1259.4489674986023,14486.994999999999,1042.0660016684765,14977.695000000002,997.2356615020501,24196.10666666667,700.2545133258272,24342.4575,642.3227547670955,24988.16375,1287.851135318486,13769.466666666665,653.586492618486,13950.349999999999,644.7159503740057,14299.662499999999,591.7995894787049,26600.0,0.0,26600.0,0.0,26825.0,310.5295017040612,-402.5100000000002,-0.030987669908294158,398.2400000000016,0.017005438887985003,-491.89999999999964,-0.03728238049401611,-2400.0,-0.09022556390977443,11229.78,11498.0,800.7500000000018,-1908.1000000000004
GUI_TOTAL_LOAD_YEARAHEAD_202012312300-202112312300.csv,2021-01-04,2022-01-03,Week 16,16,Poland,PL,10631.4,14155.59,24344.8,24200.0,2022,2026-07-06 20:09:35,2022,1,1,16,winter,1,0,0,0,0.9350162426854148,-0.35460488704253545,3524.1900000000005,144.79999999999927,3524.1900000000005,144.79999999999927,12586.85,12989.36,14812.58,15406.14,23816.63,23418.39,24393.33,24776.6,12702.0,13193.9,13634.5,14480.0,24200.0,26600.0,26600.0,26600.0,13462.93,1186.0311618587311,13948.732500000002,1371.7857779642507,14481.977499999999,1084.3899922174828,23876.11666666667,490.1846575865123,24101.237500000003,602.4158785741523,24543.4075,902.733180620319,13176.799999999997,466.4851230210946,13502.599999999999,754.7547990351983,14009.037499999999,736.7292368250882,25800.0,1385.6406460551018,26000.0,1200.0,26450.0,948.6832980505146,1568.7399999999998,0.12463324819156507,528.1699999999983,0.022176521195483856,-2070.6000000000004,-0.16301369863013704,0.0,0.0,10189.21,13568.6,-1040.5700000000015,2070.6000000000004
GUI_TOTAL_LOAD_YEARAHEAD_202012312300-202112312300.csv,2021-01-04,2022-01-03,Week 17,17,Poland,PL,12240.3,13754.1,22592.43,24200.0,2022,2026-07-06 20:09:35,2022,1,1,17,winter,1,0,0,0,0.8854560256532099,-0.4647231720437685,1513.800000000001,-1607.5699999999997,1513.800000000001,1607.5699999999997,14155.59,12586.85,12989.36,14812.58,24344.8,23816.63,23418.39,24393.33,10631.4,12702.0,13193.9,13634.5,24200.0,24200.0,26600.0,26600.0,13243.933333333334,814.7649866270076,13636.095000000001,1028.4572978495416,14317.66,1010.331847676087,23859.94,464.7210874275795,23993.2875,463.7923555769401,24278.375,461.2481773250939,12175.766666666665,1359.8870185913788,12540.449999999999,1328.4718802694595,13507.6,1351.9576631156617,25000.0,1385.6406460551018,25400.0,1385.6406460551018,26075.0,1175.6457192295893,-401.4899999999998,-0.0283626468412832,-1752.369999999999,-0.07198128553120164,1608.8999999999996,0.1513347254359727,0.0,0.0,8838.33,11959.7,-1350.8799999999992,-1608.8999999999996
GUI_TOTAL_LOAD_YEARAHEAD_202012312300-202112312300.csv,2021-01-04,2022-01-03,Week 18,18,Poland,PL,11624.7,12683.14,22568.93,24800.0,2022,2026-07-06 20:09:35,2022,1,1,18,winter,1,0,0,0,0.8229838658936565,-0.5680647467311557,1058.4399999999987,-2231.0699999999997,1058.4399999999987,2231.0699999999997,13754.1,14155.59,12586.85,12989.36,22592.43,24344.8,23816.63,23418.39,12240.3,10631.4,12702.0,13193.9,24200.0,24200.0,24200.0,26600.0,13498.846666666666,814.9245333362499,13371.475,712.4807570968567,14181.0275,1002.3739821151753,23584.62,898.9280473429926,23543.0625,738.662660550555,24066.755,753.4061990339964,11857.9,1086.9767292817355,12191.9,1110.8118382516502,13241.0625,1367.1666759475402,24200.0,0.0,24800.0,1200.0,25700.0,1242.118006816238,-1070.960000000001,-0.07786478213768988,-23.5,-0.0010401714202500356,-615.5999999999985,-0.050292884978309194,600.0,0.024793388429751984,9885.79,13175.3,1047.460000000001,1215.5999999999985
GUI_TOTAL_LOAD_YEARAHEAD_202012312300-202112312300.csv,2021-01-04,2022-01-03,Week 19,19,Poland,PL,11135.1,12884.65,22690.43,24800.0,2022,2026-07-06 20:09:35,2022,1,1,19,winter,1,0,0,0,0.7485107481711013,-0.663122658240795,1749.5499999999993,-2109.5699999999997,1749.5499999999993,2109.5699999999997,12683.14,13754.1,14155.59,12586.85,22568.93,22592.43,24344.8,23816.63,11624.7,12240.3,10631.4,12702.0,24800.0,24200.0,24200.0,24200.0,13530.943333333335,761.1678028091472,13294.92,780.4351381547622,13890.9575,1064.1581032742702,23168.72,1018.5829309879035,23330.6975,892.5362552253176,23836.5775,900.389999607305,11498.800000000001,811.8053399676693,11799.599999999999,895.1393746227534,12874.975,1357.637159342874,24400.0,346.41016151377545,24350.0,300.0,25475.0,1218.6057606953946,201.51000000000022,0.015888021420563003,121.5,0.005383507326222281,-489.60000000000036,-0.042117215928152985,0.0,0.0,9805.78,13664.9,-80.01000000000022,489.60000000000036
GUI_TOTAL_LOAD_YEARAHEAD_202012312300-202112312300.csv,2021-01-04,2022-01-03,Week 20,20,Poland,PL,11460.0,12716.68,22349.11,24800.0,2022,2026-07-06 20:09:35,2022,1,1,20,winter,1,0,0,0,0.6631226582407952,-0.7485107481711012,1256.6800000000003,-2450.8899999999994,1256.6800000000003,2450.8899999999994,12884.65,12683.14,13754.1,14155.59,22690.43,22568.93,22592.43,24344.8,11135.1,11624.7,12240.3,10631.4,24800.0,24800.0,24200.0,24200.0,13107.296666666667,569.1374913264021,13369.37,700.4817753041906,13659.05125,1054.8347620963168,22617.263333333332,64.44442049762475,23049.147500000003,865.3695487429897,23575.1925,890.352640903737,11666.699999999999,553.795774631786,11407.875,687.3291514987692,12455.2375,1303.9486273157338,24600.0,346.41016151377545,24500.0,346.41016151377545,25250.0,1145.1762185046337,-167.96999999999935,-0.013036442588661656,-341.3199999999997,-0.015042465039225794,324.89999999999964,0.0291780046878789,0.0,0.0,9632.43,13340.0,-173.35000000000036,-324.89999999999964
GUI_TOTAL_LOAD_YEARAHEAD_202012312300-202112312300.csv,2021-01-04,2022-01-03,Week 21,21,Poland,PL,11641.5,12595.84,22315.93,24800.0,2022,2026-07-06 20:09:35,2022,1,1,21,winter,1,0,0,0,0.5680647467311558,-0.8229838658936564,954.3400000000001,-2484.0699999999997,954.3400000000001,2484.0699999999997,12716.68,12884.65,12683.14,13754.1,22349.11,22690.43,22568.93,22592.43,11460.0,11135.1,11624.7,12240.3,24800.0,24800.0,24800.0,24200.0,12761.49,107.970005557011,13009.6425,504.0737390749204,13322.86875,821.177700734706,22536.156666666666,173.0040581410722,22550.225000000002,144.03220045069887,23271.756250000002,834.3007876049105,11406.6,249.1299058724664,11615.025000000001,463.833011438401,12077.7375,1045.5865516370702,24800.0,0.0,24650.0,300.0,25025.0,1011.0108096073247,-120.84000000000015,-0.009502480207098096,-33.18000000000029,-0.0014846228776000947,181.5,0.015837696335078588,0.0,0.0,9720.09,13158.5,87.65999999999985,-181.5
GUI_TOTAL_LOAD_YEARAHEAD_202012312300-202112312300.csv,2021-01-04,2022-01-03,Week 22,22,Poland,PL,11851.9,12723.8,22471.99,24800.0,2022,2026-07-06 20:09:35,2022,1,1,22,winter,1,0,0,0,0.46472317204376906,-0.8854560256532096,871.8999999999996,-2328.0099999999984,871.8999999999996,2328.0099999999984,12595.84,12716.68,12884.65,12683.14,22315.93,22349.11,22690.43,22568.93,11641.5,11460.0,11135.1,11624.7,24800.0,24800.0,24800.0,24800.0,12732.39,145.04450041273935,12720.0775,120.96140717173556,13045.776249999999,587.4179431798568,22451.823333333334,207.30432733854113,22481.1,179.10485457781638,23012.08125,754.8539998746334,11412.199999999999,256.5616300229316,11465.325,234.886445969148,11828.6125,838.6252533377038,24800.0,0.0,24800.0,0.0,24800.0,785.5844048495733,127.95999999999913,0.010158909608251498,156.0600000000013,0.006993210679546058,210.39999999999964,0.018073272344629077,0.0,0.0,9748.190000000002,12948.1,28.100000000002183,-210.39999999999964
GUI_TOTAL_LOAD_YEARAHEAD_202012312300-202112312300.csv,2021-01-04,2022-01-03,Week 23,23,Poland,PL,11698.9,12240.39,21599.64,25200.0,2022,2026-07-06 20:09:35,2022,1,1,23,winter,1,0,0,0,0.35460488704253584,-0.9350162426854147,541.4899999999998,-3600.3600000000006,541.4899999999998,3600.3600000000006,12723.8,12595.84,12716.68,12884.65,22471.99,22315.93,22349.11,22690.43,11851.9,11641.5,11460.0,11135.1,24800.0,24800.0,24800.0,24800.0,12678.773333333333,71.91054813666116,12730.2425,118.50619572396434,13012.58125,598.4610654345713,22379.01,82.21428343029271,22456.865,169.56335010847332,22893.78125,756.2392446354046,11651.133333333333,196.12751804209816,11522.125,303.6718664941108,11660.862500000001,636.3352731237221,24800.0,0.0,24800.0,0.0,24575.0,310.5295017040608,-483.40999999999985,-0.03799258083277013,-872.3500000000022,-0.0388194369969016,-153.0,-0.012909322555877067,400.0,0.016129032258064502,9359.25,13501.1,-388.9400000000023,553.0
GUI_TOTAL_LOAD_YEARAHEAD_202012312300-202112312300.csv,2021-01-04,2022-01-03,Week 24,24,Poland,PL,11746.1,12380.35,22609.0,25200.0,2022,2026-07-06 20:09:35,2022,1,1,24,winter,1,0,0,0,0.23931566428755768,-0.970941817426052,634.25,-2591.0,634.25,2591.0,12240.39,12723.8,12595.84,12716.68,21599.64,22471.99,22315.93,22349.11,11698.9,11851.9,11641.5,11460.0,25200.0,24800.0,24800.0,24800.0,12520.01,250.4674603615866,12569.1775,226.9193792773774,12969.27375,644.4396725381534,22129.186666666665,465.19182606029085,22184.1675,395.42448688090127,22616.6575,775.7075795638355,11730.766666666668,108.75961260206968,11663.074999999999,161.90866509655976,11535.475,481.9842046908195,24933.333333333332,230.94010767585084,24900.0,200.0,24700.0,338.0617018914081,139.96000000000095,0.011434276195448012,1009.3600000000006,0.046730408469770834,47.20000000000073,0.004034567352486196,0.0,0.0,10228.65,13453.9,869.3999999999996,-47.20000000000073
GUI_TOTAL_LOAD_YEARAHEAD_202012312300-202112312300.csv,2021-01-04,2022-01-03,Week 25,25,Poland,PL,11629.7,13233.3,23170.15,25200.0,2022,2026-07-06 20:09:35,2022,1,1,25,winter,1,0,0,0,0.12053668025532308,-0.992708874098054,1603.5999999999985,-2029.8499999999985,1603.5999999999985,2029.8499999999985,12380.35,12240.39,12723.8,12595.84,22609.0,21599.64,22471.99,22315.93,11746.1,11698.9,11851.9,11641.5,25200.0,25200.0,24800.0,24800.0,12448.18,248.7408062622282,12485.095,216.09919335024932,12747.368750000001,455.54798193064437,22226.876666666667,547.5055360754824,22249.14,449.24844507245695,22399.682500000003,348.26358551070575,11765.633333333333,78.3480269908036,11734.6,89.13218647987433,11674.8125,315.74247841965223,25066.666666666668,230.94010767585084,25000.0,230.94010767585056,24825.0,310.5295017040608,852.9499999999989,0.06889546741408759,561.1500000000015,0.024819762041664806,-116.39999999999964,-0.009909672146499626,0.0,0.0,9936.850000000002,13570.3,-291.79999999999745,116.39999999999964
GUI_TOTAL_LOAD_YEARAHEAD_202012312300-202112312300.csv,2021-01-04,2022-01-03,Week 26,26,Poland,PL,12203.8,13043.06,23807.29,25200.0,2022,2026-07-06 20:09:35,2022,1,1,26,winter,1,0,0,0,-3.216245299353273e-16,-1.0,839.2600000000002,-1392.7099999999991,839.2600000000002,1392.7099999999991,13233.3,12380.35,12240.39,12723.8,23170.15,22609.0,21599.64,22471.99,11629.7,11746.1,11698.9,11851.9,25200.0,25200.0,25200.0,24800.0,12618.013333333334,537.4294949417234,12644.46,441.98568536393975,12682.26875,302.69858579300075,22459.596666666668,795.8432207622844,22462.695,649.832814422301,22471.8975,441.38761633049876,11691.566666666666,58.5454808960757,11731.65,93.33672017673307,11598.487500000001,218.27511105748195,25200.0,0.0,25100.0,199.99999999999997,24950.0,207.0196678027085,-190.23999999999978,-0.014375854851019776,637.1399999999994,0.027498311404975828,574.0999999999985,0.04936498791886268,0.0,0.0,10764.230000000001,12996.2,827.3799999999992,-574.0999999999985
GUI_TOTAL_LOAD_YEARAHEAD_202012312300-202112312300.csv,2021-01-04,2022-01-03,Week 27,27,Poland,PL,12043.8,13004.44,23555.03,25200.0,2022,2026-07-06 20:09:35,2022,1,1,27,winter,1,0,0,0,-0.12053668025532283,-0.992708874098054,960.6400000000012,-1644.9700000000012,960.6400000000012,1644.9700000000012,13043.06,13233.3,12380.35,12240.39,23807.29,23170.15,22609.0,21599.64,12203.8,11629.7,11746.1,11698.9,25200.0,25200.0,25200.0,25200.0,12885.57,447.7535602314981,12724.275,487.5651839155797,12727.25875,328.49479297625265,23195.48,599.5464433218692,22796.52,936.1162418204226,22626.6925,648.7270041891381,11859.866666666667,303.4877976679628,11819.625,260.53943239622816,11670.875,306.43216331563355,25200.0,0.0,25200.0,0.0,25000.0,213.80899352994157,-38.61999999999898,-0.002960961614835722,-252.26000000000204,-0.010595914108661786,-160.0,-0.013110670446909944,0.0,0.0,10550.589999999998,13156.2,-213.64000000000306,160.0
GUI_TOTAL_LOAD_YEARAHEAD_202012312300-202112312300.csv,2021-01-04,2022-01-03,Week 28,28,Poland,PL,12029.7,13079.71,23971.8,24700.0,2022,2026-07-06 20:09:35,2022,1,1,28,winter,1,0,0,0,-0.23931566428755743,-0.9709418174260521,1050.0099999999984,-728.2000000000007,1050.0099999999984,728.2000000000007,13004.44,13043.06,13233.3,12380.35,23555.03,23807.29,23170.15,22609.0,12043.8,12203.8,11629.7,11746.1,25200.0,25200.0,25200.0,25200.0,13093.6,122.51507499072127,12915.2875,370.3890112997908,12742.2325,339.24823135660193,23510.823333333334,320.86214630775174,23285.3675,521.4943359471575,22734.7675,728.03389655678,11959.1,296.27397793261537,11905.85,264.31249812803225,11784.4625,240.86331000622897,25200.0,0.0,25200.0,0.0,25050.0,207.0196678027085,75.26999999999862,0.005788023167471845,416.77000000000044,0.01769346080221501,-14.099999999998545,-0.0011707268470082521,-500.0,-0.019841269841269882,10892.09,12670.3,341.5000000000018,-485.90000000000146
GUI_TOTAL_LOAD_YEARAHEAD_202012312300-202112312300.csv,2021-01-04,2022-01-03,Week 29,29,Poland,PL,11799.4,13383.11,24316.08,24700.0,2022,2026-07-06 20:09:35,2022,1,1,29,winter,1,0,0,0,-0.3546048870425356,-0.9350162426854148,1583.710000000001,-383.91999999999825,1583.710000000001,383.91999999999825,13079.71,13004.44,13043.06,13233.3,23971.8,23555.03,23807.29,23170.15,12029.7,12043.8,12203.8,11629.7,24700.0,25200.0,25200.0,25200.0,13042.403333333334,37.639296397721154,13090.1275,100.27393525557822,12787.61125,359.04433122379106,23778.039999999997,209.91898461042163,23626.0675,348.9410882822715,22937.60375,824.8472435190747,12092.433333333332,96.70368831305143,11976.75,244.46868238422755,11855.675000000001,213.94314832286648,25033.333333333332,288.67513459481233,25075.0,250.0,25037.5,226.3846284534375,303.40000000000146,0.023196232944002748,344.2800000000025,0.014361875203364072,-230.3000000000011,-0.019144284562374825,0.0,0.0,10932.970000000001,12900.6,40.88000000000102,230.3000000000011
GUI_TOTAL_LOAD_YEARAHEAD_202012312300-202112312300.csv,2021-01-04,2022-01-03,Week 30,30,Poland,PL,11854.6,13104.9,22848.34,24700.0,2022,2026-07-06 20:09:35,2022,1,1,30,winter,1,0,0,0,-0.46472317204376806,-0.8854560256532101,1250.2999999999993,-1851.6599999999999,1250.2999999999993,1851.6599999999999,13383.11,13079.71,13004.44,13043.06,24316.08,23971.8,23555.03,23807.29,11799.4,12029.7,12043.8,12203.8,24700.0,24700.0,25200.0,25200.0,13155.753333333334,200.46117737186788,13127.58,173.1032522320343,12886.02,404.04351158897896,23947.63666666667,381.09995491103956,23912.55,318.98131679865173,23187.6225,908.3937427876048,11957.633333333333,137.21531741518498,12019.175,166.4377836710967,11875.4125,198.05521912194848,24866.666666666668,288.67513459481233,24950.0,288.6751345948126,25025.0,243.48657927227782,-278.21000000000095,-0.02078814266639073,-1467.7400000000016,-0.06036088053666555,55.20000000000073,0.0046782039764734495,0.0,0.0,9743.44,12845.4,-1189.5300000000007,-55.20000000000073
GUI_TOTAL_LOAD_YEARAHEAD_202012312300-202112312300.csv,2021-01-04,2022-01-03,Week 31,31,Poland,PL,12102.2,12851.1,23561.21,25200.0,2022,2026-07-06 20:09:35,2022,1,1,31,winter,1,0,0,0,-0.5680647467311556,-0.8229838658936566,748.8999999999996,-1638.7900000000009,748.8999999999996,1638.7900000000009,13104.9,13383.11,13079.71,13004.44,22848.34,24316.08,23971.8,23555.03,11854.6,11799.4,12029.7,12043.8,24700.0,24700.0,24700.0,25200.0,13189.24,168.36809881917117,13143.04,165.63907892354638,12933.6575,404.6509235572367,23712.073333333334,767.5666960813282,23672.8125,631.6154479520078,23234.666250000002,875.1760776297069,11894.566666666666,120.23944167098868,11931.875,123.31259397704493,11875.75,198.01172403965708,24700.0,0.0,24825.0,250.0,25012.5,258.7745847533847,-253.79999999999927,-0.019366801730650307,712.869999999999,0.031200078430205336,247.60000000000036,0.020886406964385262,500.0,0.020242914979757165,10710.109999999999,13097.8,966.6699999999983,252.39999999999964
GUI_TOTAL_LOAD_YEARAHEAD_202012312300-202112312300.csv,2021-01-04,2022-01-03,Week 32,32,Poland,PL,11905.3,12803.51,22036.38,25200.0,2022,2026-07-06 20:09:35,2022,1,1,32,winter,1,0,0,0,-0.663122658240795,-0.7485107481711013,898.210000000001,-3163.619999999999,898.210000000001,3163.619999999999,12851.1,13104.9,13383.11,13079.71,23561.21,22848.34,24316.08,23971.8,12102.2,11854.6,11799.4,12029.7,25200.0,24700.0,24700.0,24700.0,13113.036666666667,266.0983164796715,13104.705,217.90642341757723,13009.99625,298.9915588363108,23575.210000000003,733.9701471448815,23674.3575,631.2387490416089,23479.8625,574.9388218820485,11918.733333333335,161.2661568133586,11946.475,142.8854407092649,11926.1625,197.89348460728732,24866.666666666668,288.67513459481233,24825.0,250.0,25012.5,258.7745847533847,-47.590000000000146,-0.0037031849413668994,-1524.829999999998,-0.06471781372858176,-196.90000000000146,-0.016269769132885026,0.0,0.0,9232.87,13294.7,-1477.239999999998,196.90000000000146
GUI_TOTAL_LOAD_YEARAHEAD_202012312300-202112312300.csv,2021-01-04,2022-01-03,Week 33,33,Poland,PL,12613.5,12944.08,22094.05,25200.0,2022,2026-07-06 20:09:35,2022,1,1,33,winter,1,0,0,0,-0.7485107481711011,-0.6631226582407952,330.5799999999999,-3105.9500000000007,330.5799999999999,3105.9500000000007,12803.51,12851.1,13104.9,13383.11,22036.38,23561.21,22848.34,24316.08,11905.3,12102.2,11854.6,11799.4,25200.0,25200.0,24700.0,24700.0,12919.836666666664,162.026325124392,13035.654999999999,266.7531293786565,13062.891249999999,188.81994026341974,22815.309999999998,762.9514190955449,23190.5025,975.2645248811428,23408.285,716.9514895125444,11954.033333333333,130.79619005670662,11915.375,131.8444632891897,11946.0625,184.76915278650637,25033.333333333332,288.67513459481233,24950.0,288.6751345948126,25012.5,258.7745847533847,140.5699999999997,0.010979020596695754,57.669999999998254,0.002617036010451823,708.2000000000007,0.059486111227772476,0.0,0.0,9149.97,12586.5,-82.90000000000146,-708.2000000000007
GUI_TOTAL_LOAD_YEARAHEAD_202012312300-202112312300.csv,2021-01-04,2022-01-03,Week 34,34,Poland,PL,12004.1,13303.73,22601.44,25200.0,2022,2026-07-06 20:09:35,2022,1,1,34,winter,1,0,0,0,-0.8229838658936564,-0.5680647467311559,1299.6299999999992,-2598.5600000000013,1299.6299999999992,2598.5600000000013,12944.08,12803.51,12851.1,13104.9,22094.05,22036.38,23561.21,22848.34,12613.5,11905.3,12102.2,11854.6,25200.0,25200.0,25200.0,24700.0,12866.230000000001,71.49593624802667,12925.8975,132.84811436990012,13026.73875,178.96198075392172,22563.88,864.1943091110447,22634.995,719.8036136104557,23273.7725,855.5610125984788,12207.0,365.54628981842086,12118.9,346.5965473957858,12069.0375,257.28868132067055,25200.0,0.0,25075.0,250.0,25012.5,258.7745847533847,359.64999999999964,0.02778490244188836,507.3899999999994,0.022965006415754496,-609.3999999999996,-0.04831331509890191,0.0,0.0,9297.71,13195.9,147.73999999999978,609.3999999999996
GUI_TOTAL_LOAD_YEARAHEAD_202012312300-202112312300.csv,2021-01-04,2022-01-03,Week 35,35,Poland,PL,12781.0,13548.36,22742.96,25200.0,2022,2026-07-06 20:09:35,2022,1,1,35,winter,1,0,0,0,-0.8854560256532096,-0.4647231720437691,767.3600000000006,-2457.040000000001,767.3600000000006,2457.040000000001,13303.73,12944.08,12803.51,12851.1,22601.44,22094.05,22036.38,23561.21,12004.1,12613.5,11905.3,12102.2,25200.0,25200.0,25200.0,25200.0,13017.106666666667,257.98194245589315,12975.605000000001,226.4052600242285,13059.3225,204.2952685103703,22243.956666666665,310.9295859728711,22573.27,705.8615711785658,23123.04125,854.3605222526861,12174.299999999997,383.552916818545,12156.275000000001,315.2377343635735,12044.074999999999,251.97879587664468,25200.0,0.0,25200.0,0.0,25012.5,258.7745847533847,244.63000000000102,0.018388076126018893,141.52000000000044,0.006261547936768697,776.8999999999996,0.06471955415233133,0.0,0.0,9194.599999999999,12419.0,-103.11000000000058,-776.8999999999996
GUI_TOTAL_LOAD_YEARAHEAD_202012312300-202112312300.csv,2021-01-04,2022-01-03,Week 36,36,Poland,PL,12550.4,13720.25,23108.66,25200.0,2022,2026-07-06 20:09:35,2022,1,1,36,winter,1,0,0,0,-0.9350162426854147,-0.3546048870425359,1169.8500000000004,-2091.34,1169.8500000000004,2091.34,13548.36,13303.73,12944.08,12803.51,22742.96,22601.44,22094.05,22036.38,12781.0,12004.1,12613.5,11905.3,25200.0,25200.0,25200.0,25200.0,13265.39,303.95895495935673,13149.92,339.0093132446962,13127.3125,264.93135605556193,22479.483333333334,341.2127172794894,22368.707499999997,355.95302118634135,23021.532499999998,843.8803723404027,12466.200000000003,408.8598415105202,12325.974999999999,436.0005150990963,12136.225,362.44774894362575,25200.0,0.0,25200.0,0.0,25012.5,258.7745847533847,171.88999999999942,0.012687144421907881,365.7000000000007,0.01607970114708035,-230.60000000000036,-0.018042406697441504,0.0,0.0,9388.41,12649.6,193.8100000000013,230.60000000000036
GUI_TOTAL_LOAD_YEARAHEAD_202012312300-202112312300.csv,2021-01-04,2022-01-03,Week 37,37,Poland,PL,12644.2,13812.26,23020.33,24700.0,2022,2026-07-06 20:09:35,2022,1,1,37,winter,1,0,0,0,-0.970941817426052,-0.23931566428755774,1168.0599999999995,-1679.6699999999983,1168.0599999999995,1679.6699999999983,13720.25,13548.36,13303.73,12944.08,23108.66,22742.96,22601.44,22094.05,12550.4,12781.0,12004.1,12613.5,25200.0,25200.0,25200.0,25200.0,13524.113333333333,209.31591729565,13379.105,336.6280377013221,13207.38,335.8024096740045,22817.686666666665,261.73667708832863,22636.7775,420.2180764297716,22913.64,755.5882407577358,12445.166666666666,398.9974227151616,12487.25,336.47682931618806,12201.3125,386.5379095712744,25200.0,0.0,25200.0,0.0,25075.0,231.45502494313976,92.01000000000022,0.006706146025035942,-88.32999999999811,-0.0038223765462817028,93.80000000000109,0.0074738653748087636,-500.0,-0.019841269841269882,9208.070000000002,12055.8,-180.33999999999833,-593.8000000000011
GUI_TOTAL_LOAD_YEARAHEAD_202012312300-202112312300.csv,2021-01-04,2022-01-03,Week 38,38,Poland,PL,12839.8,13813.29,23307.58,24700.0,2022,2026-07-06 20:09:35,2022,1,1,38,winter,1,0,0,0,-0.992708874098054,-0.12053668025532357,973.4900000000016,-1392.4199999999983,973.4900000000016,1392.4199999999983,13812.26,13720.25,13548.36,13303.73,23020.33,23108.66,22742.96,22601.44,12644.2,12550.4,12781.0,12004.1,24700.0,25200.0,25200.0,25200.0,13693.623333333335,133.9497556299393,13596.150000000001,223.53052185323278,13261.02375,396.6503272202603,22957.316666666666,190.81963377292806,22868.3475,236.5096310054332,22751.67125,511.4501681754705,12658.533333333333,115.96625946083327,12494.925000000001,340.64086048702654,12306.9125,376.31401947046464,25033.333333333332,288.67513459481233,25075.0,250.0,25075.0,231.45502494313976,1.0300000000006548,7.45714314673851e-05,287.25,0.012478100878658083,195.59999999999854,0.015469543347938153,0.0,0.0,9494.29,11860.2,286.21999999999935,-195.59999999999854
GUI_TOTAL_LOAD_YEARAHEAD_202012312300-202112312300.csv,2021-01-04,2022-01-03,Week 39,39,Poland,PL,13121.2,14391.04,23623.4,24700.0,2022,2026-07-06 20:09:35,2022,1,1,39,winter,1,0,0,0,-1.0,-1.8369701987210297e-16,1269.8400000000001,-1076.5999999999985,1269.8400000000001,1076.5999999999985,13813.29,13812.26,13720.25,13548.36,23307.58,23020.33,23108.66,22742.96,12839.8,12644.2,12550.4,12781.0,24700.0,24700.0,25200.0,25200.0,13781.933333333334,53.42181608033446,13723.54,124.66643146137342,13349.5725,434.11925799749685,23145.523333333334,147.13028115662155,23044.8825,234.40532365609297,22809.07625,548.2955330042685,12678.133333333333,147.65396484123517,12703.85,131.07192681885462,12430.0625,368.2663629863051,24866.666666666668,288.67513459481233,24950.0,288.6751345948126,25075.0,231.45502494313976,577.75,0.0418256620978783,315.8199999999997,0.01355009829420295,281.40000000000146,0.021916229224754336,0.0,0.0,9232.36,11578.8,-261.9300000000003,-281.40000000000146
GUI_TOTAL_LOAD_YEARAHEAD_202012312300-202112312300.csv,2021-01-04,2022-01-03,Week 40,40,Poland,PL,13447.3,13744.75,23606.43,25300.0,2022,2026-07-06 20:09:35,2022,1,1,40,winter,1,0,0,0,-0.992708874098054,0.1205366802553232,297.4500000000007,-1693.5699999999997,297.4500000000007,1693.5699999999997,14391.04,13813.29,13812.26,13720.25,23623.4,23307.58,23020.33,23108.66,13121.2,12839.8,12644.2,12550.4,24700.0,24700.0,24700.0,25200.0,14005.53,333.8618506208654,13934.21,307.6610577675531,13542.065,515.3320054655595,23317.103333333333,301.6477691500777,23264.9925,267.4379807699488,22816.85,560.7814041903048,12868.4,239.7826515826353,12788.9,252.21316381189672,12557.4375,412.26255482054427,24700.0,0.0,24825.0,250.0,25012.5,258.7745847533847,-646.2900000000009,-0.04490919349817668,-16.970000000001164,-0.0007183555288401422,326.09999999999854,0.024852909794835787,600.0,0.02429149797570851,9861.68,11852.7,629.3199999999997,273.90000000000146
GUI_TOTAL_LOAD_YEARAHEAD_202012312300-202112312300.csv,2021-01-04,2022-01-03,Week 41,41,Poland,PL,13477.8,14309.45,23746.41,25300.0,2022,2026-07-06 20:09:35,2022,1,1,41,winter,1,0,0,0,-0.9709418174260521,0.23931566428755738,831.6500000000015,-1553.5900000000001,831.6500000000015,1553.5900000000001,13744.75,14391.04,13813.29,13812.26,23606.43,23623.4,23307.58,23020.33,13447.3,13121.2,12839.8,12644.2,25300.0,24700.0,24700.0,24700.0,13983.026666666667,355.00787742432163,13940.335,302.1766188285416,13659.720000000001,421.5355704360786,23512.47,177.6427012288301,23389.435,285.6368284494047,23013.10625,522.0155324984016,13136.1,304.02396287133934,13013.125,349.44496347780455,12750.1875,424.10819858517635,24900.0,346.41016151377545,24850.0,300.0,25025.0,271.24053637210926,564.7000000000007,0.04108477782426023,139.97999999999956,0.005929740329223776,30.5,0.0022681133015549637,0.0,0.0,9436.96,11822.2,-424.72000000000116,-30.5
GUI_TOTAL_LOAD_YEARAHEAD_202012312300-202112312300.csv,2021-01-04,2022-01-03,Week 42,42,Poland,PL,13805.3,14752.74,24430.4,25300.0,2022,2026-07-06 20:09:35,2022,1,1,42,winter,1,0,0,0,-0.9350162426854148,0.35460488704253557,947.4400000000005,-869.5999999999985,947.4400000000005,869.5999999999985,14309.45,13744.75,14391.04,13813.29,23746.41,23606.43,23623.4,23307.58,13477.8,13447.3,13121.2,12839.8,25300.0,25300.0,24700.0,24700.0,14148.413333333336,351.9549644959188,14064.632500000002,332.6536389274154,13830.39125,362.69324281538917,23658.74666666667,76.39136229444017,23570.955,186.33285745306847,23219.651250000003,424.1436441461795,13348.766666666665,197.66765879455795,13221.525,301.3471461620342,12858.224999999999,489.37774118920663,25100.0,346.41016151377545,25000.0,346.41016151377545,25037.5,282.5268634509461,443.28999999999905,0.030978828676154535,683.9900000000016,0.028803932889224226,327.5,0.024299217973259735,0.0,0.0,9677.660000000002,11494.7,240.70000000000255,-327.5
GUI_TOTAL_LOAD_YEARAHEAD_202012312300-202112312300.csv,2021-01-04,2022-01-03,Week 43,43,Poland,PL,14135.6,14707.51,23985.55,25300.0,2022,2026-07-06 20:09:35,2022,1,1,43,winter,1,0,0,0,-0.8854560256532101,0.464723172043768,571.9099999999999,-1314.4500000000007,571.9099999999999,1314.4500000000007,14752.74,14309.45,13744.75,14391.04,24430.4,23746.41,23606.43,23623.4,13805.3,13477.8,13447.3,13121.2,25300.0,25300.0,25300.0,24700.0,14268.980000000001,505.2121590975318,14299.495,416.99425819386755,14011.517500000002,419.4769047873977,23927.74666666667,440.901213689852,23851.66,390.835826829219,23448.27125,524.3874476659537,13576.800000000001,198.4735498749992,13462.9,279.56038107476235,13083.375,453.29198647232226,25300.0,0.0,25150.0,300.0,25050.0,292.77002188456163,-45.22999999999956,-0.0030658711534263805,-444.8500000000022,-0.018208870914925734,330.3000000000011,0.02392559379368797,0.0,0.0,9278.039999999999,11164.4,-399.6200000000026,-330.3000000000011
GUI_TOTAL_LOAD_YEARAHEAD_202012312300-202112312300.csv,2021-01-04,2022-01-03,Week 44,44,Poland,PL,13914.0,13938.16,24240.88,25300.0,2022,2026-07-06 20:09:35,2022,1,1,44,winter,1,0,0,0,-0.822983865893657,0.5680647467311548,24.159999999999854,-1059.119999999999,24.159999999999854,1059.119999999999,14707.51,14752.74,14309.45,13744.75,23985.55,24430.4,23746.41,23606.43,14135.6,13805.3,13477.8,13447.3,25300.0,25300.0,25300.0,25300.0,14589.9,243.9274279370613,14378.612500000001,467.1581003168572,14156.411250000001,436.48976677378283,24054.12,347.11232144630554,23942.1975,361.15263600257504,23603.595,466.4571828765438,13806.233333333332,328.9009932081573,13716.5,322.99462327825876,13252.7,563.7495061765572,25300.0,0.0,25300.0,0.0,25062.5,302.07614933986594,-769.3500000000004,-0.05231001032805693,255.33000000000175,0.010645159272979043,-221.60000000000036,-0.01567673109029688,0.0,0.0,10302.720000000001,11386.0,1024.680000000002,221.60000000000036
GUI_TOTAL_LOAD_YEARAHEAD_202012312300-202112312300.csv,2021-01-04,2022-01-03,Week 45,45,Poland,PL,13774.4,13478.5,24705.89,26800.0,2022,2026-07-06 20:09:35,2022,1,1,45,winter,1,0,0,0,-0.7485107481711011,0.6631226582407952,-295.89999999999964,-2094.1100000000006,295.89999999999964,2094.1100000000006,13938.16,14707.51,14752.74,14309.45,24240.88,23985.55,24430.4,23746.41,13914.0,14135.6,13805.3,13477.8,25300.0,25300.0,25300.0,25300.0,14466.136666666667,457.8001295689247,14426.965,381.91401776663764,14183.650000000001,411.46508124715956,24218.943333333333,223.2348396491156,24100.81,298.4031951347067,23745.1225,466.5997635095084,13951.633333333333,168.33515180528602,13833.175,273.89898837587833,13423.15,525.949660817758,25300.0,0.0,25300.0,0.0,25075.0,310.529501704061,-459.65999999999985,-0.03297852801230583,465.0099999999984,0.01918288444973948,-139.60000000000036,-0.01003306022710937,1500.0,0.059288537549407216,11227.39,13025.6,924.6699999999983,1639.6000000000004
GUI_TOTAL_LOAD_YEARAHEAD_202012312300-202112312300.csv,2021-01-04,2022-01-03,Week 46,46,Poland,PL,14441.2,15072.46,24956.96,26800.0,2022,2026-07-06 20:09:35,2022,1,1,46,winter,1,0,0,0,-0.6631226582407955,0.7485107481711007,631.2599999999984,-1843.0400000000009,631.2599999999984,1843.0400000000009,13478.5,13938.16,14707.51,14752.74,24705.89,24240.88,23985.55,24430.4,13774.4,13914.0,14135.6,13805.3,26800.0,25300.0,25300.0,25300.0,14041.39,620.9740088763716,14219.2275,619.3360843879414,14141.93,467.5935528701517,24310.773333333334,365.2208064077938,24340.68,304.14107439354245,23955.8175,473.0778147937169,13941.333333333334,182.1447043789874,13907.324999999999,163.5361198634571,13564.425,429.83481461739893,25800.0,866.0254037844386,25675.0,750.0,25337.5,650.1373481262038,1593.9599999999991,0.11825945023556028,251.0699999999997,0.010162353997366536,666.8000000000011,0.0484086421187131,0.0,0.0,9884.5,12358.8,-1342.8899999999994,-666.8000000000011
GUI_TOTAL_LOAD_YEARAHEAD_202012312300-202112312300.csv,2021-01-04,2022-01-03,Week 47,47,Poland,PL,14302.0,14669.83,25548.11,26800.0,2022,2026-07-06 20:09:35,2022,1,1,47,winter,1,0,0,0,-0.5680647467311559,0.8229838658936564,367.8299999999999,-1251.8899999999994,367.8299999999999,1251.8899999999994,15072.46,13478.5,13938.16,14707.51,24956.96,24705.89,24240.88,23985.55,14441.2,13774.4,13914.0,14135.6,26800.0,26800.0,25300.0,25300.0,14163.039999999999,820.4299977450792,14299.157500000001,723.0828555739565,14299.32625,546.4429534972556,24634.576666666664,363.3274490499392,24472.32,439.6742661712792,24161.99,508.3075535258537,14043.199999999999,351.6746223428325,14066.300000000001,290.83408786911457,13764.599999999999,416.858753056756,26300.0,866.0254037844386,26050.0,866.0254037844386,25600.0,769.0439333539879,-402.6299999999992,-0.026712958601316505,591.1500000000015,0.023686779159000304,-139.20000000000073,-0.009639088164418497,0.0,0.0,10878.28,12498.0,993.7800000000007,139.20000000000073
GUI_TOTAL_LOAD_YEARAHEAD_202012312300-202112312300.csv,2021-01-04,2022-01-03,Week 48,48,Poland,PL,14920.9,15669.95,26058.6,26800.0,2022,2026-07-06 20:09:35,2022,1,1,48,winter,1,0,0,0,-0.4647231720437684,0.88545602565321,749.0500000000011,-741.4000000000015,749.0500000000011,741.4000000000015,14669.83,15072.46,13478.5,13938.16,25548.11,24956.96,24705.89,24240.88,14302.0,14441.2,13774.4,13914.0,26800.0,26800.0,26800.0,25300.0,14406.93,828.8633348749298,14289.7375,716.202448212087,14334.175,561.8013685331612,25070.319999999996,432.40201121152904,24862.96,544.6469908113922,24402.57875,652.1198264218953,14172.533333333333,351.74816749103985,14107.900000000001,314.95140365881736,13912.199999999999,361.92889199009534,26800.0,0.0,26425.0,750.0,25862.5,776.3237542601496,1000.1200000000008,0.06817529582824067,510.48999999999796,0.019981517223778944,618.8999999999996,0.04327366801845889,0.0,0.0,10388.649999999998,11879.1,-489.63000000000284,-618.8999999999996
GUI_TOTAL_LOAD_YEARAHEAD_202012312300-202112312300.csv,2021-01-04,2022-01-03,Week 49,49,Poland,PL,15082.2,15786.46,26275.78,27700.0,2022,2026-07-06 20:09:35,2022,1,1,49,winter,1,0,0,0,-0.35460488704253595,0.9350162426854147,704.2599999999984,-1424.2200000000012,704.2599999999984,1424.2200000000012,15669.95,14669.83,15072.46,13478.5,26058.6,25548.11,24956.96,24705.89,14920.9,14302.0,14441.2,13774.4,26800.0,26800.0,26800.0,26800.0,15137.413333333332,503.21387623288274,14722.685,925.6427489587927,14574.824999999999,674.3164881990979,25521.22333333333,551.3119280707417,25317.39,607.3071758178788,24709.1,786.832094159889,14554.699999999999,324.6859867625389,14359.625,471.6966000513349,14096.4,454.6355243489415,26800.0,0.0,26800.0,0.0,26050.0,801.7837257372744,116.5099999999984,0.007435250272017413,217.1800000000003,0.008334292709508473,161.3000000000011,0.010810339858855711,900.0,0.033582089552238736,10489.32,12617.8,100.67000000000189,738.6999999999989
GUI_TOTAL_LOAD_YEARAHEAD_202012312300-202112312300.csv,2021-01-04,2022-01-03,Week 50,50,Poland,PL,14790.3,16540.7,27180.2,27700.0,2022,2026-07-06 20:09:35,2022,1,1,50,winter,1,0,0,0,-0.2393156642875578,0.970941817426052,1750.4000000000015,-519.7999999999993,1750.4000000000015,519.7999999999993,15786.46,15669.95,14669.83,15072.46,26275.78,26058.6,25548.11,24956.96,15082.2,14920.9,14302.0,14441.2,27700.0,26800.0,26800.0,26800.0,15375.413333333332,613.8236923036794,15299.675000000001,523.5757163008935,14759.45125,784.4797865817706,25960.83,373.5574077698325,25709.8625,587.3404766330502,25025.271249999998,850.3556669743593,14768.366666666669,411.85898476698765,14686.575,373.9581828226037,14296.95,494.8632538389151,27100.0,519.6152422706632,27025.0,450.0,26350.0,921.1793682944871,754.2400000000016,0.047777652494606304,904.4200000000019,0.034420291233980604,-291.90000000000146,-0.019353940406572123,0.0,0.0,10639.5,12909.7,150.1800000000003,291.90000000000146
GUI_TOTAL_LOAD_YEARAHEAD_202012312300-202112312300.csv,2021-01-04,2022-01-03,Week 51,51,Poland,PL,15282.6,15342.71,27008.09,27700.0,2022,2026-07-06 20:09:35,2022,1,1,51,winter,1,0,0,0,-0.12053668025532363,0.992708874098054,60.10999999999876,-691.9099999999999,60.10999999999876,691.9099999999999,16540.7,15786.46,15669.95,14669.83,27180.2,26275.78,26058.6,25548.11,14790.3,15082.2,14920.9,14302.0,27700.0,27700.0,26800.0,26800.0,15999.036666666667,472.6975989290831,15666.735,768.5438205029886,14982.946249999999,1005.7734548373122,26504.86,594.8570204676778,26265.6725,681.7227372557826,25368.99625,1095.8626367901077,14931.133333333333,146.21882003795253,14773.849999999999,336.46022548484984,14420.075,477.2875525898218,27400.0,519.6152422706632,27250.0,519.6152422706632,26650.0,921.1793682944871,-1197.9900000000016,-0.07242680176776084,-172.11000000000058,-0.006332182986144352,492.3000000000011,0.03328532889799396,0.0,0.0,11665.380000000001,12417.4,1025.880000000001,-492.3000000000011
GUI_TOTAL_LOAD_YEARAHEAD_202012312300-202112312300.csv,2021-01-04,2022-01-03,Week 52,52,Poland,PL,12114.0,14039.6,26877.26,27700.0,2022,2026-07-06 20:09:35,2022,1,1,52,winter,1,0,0,0,6.432490598706546e-16,1.0,1925.6000000000004,-822.7400000000016,1925.6000000000004,822.7400000000016,15342.71,16540.7,15786.46,15669.95,27008.09,27180.2,26275.78,26058.6,15282.6,14790.3,15082.2,14920.9,27700.0,27700.0,27700.0,26800.0,15889.956666666667,605.6638341797543,15834.955,506.6095011939654,15062.346249999999,1005.9957146449259,26821.356666666663,480.25606444166255,26630.6675,547.0039836157531,25746.81375,1071.5236627737227,15051.699999999999,247.56314346032255,15019.0,212.45117086045707,14563.449999999999,546.8345375235652,27700.0,0.0,27475.0,450.0,26950.0,801.7837257372744,-1303.1099999999988,-0.0849334961033611,-130.83000000000175,-0.004844104118432724,-3168.6000000000004,-0.2073338306309136,0.0,0.0,12837.659999999998,15586.0,1172.279999999997,3168.6000000000004
GUI_TOTAL_LOAD_YEARAHEAD_202012312300-202112312300.csv,2021-01-04,2022-01-03,Week 1,1,Poland,PL,12638.9,13267.48,25242.39,27800.0,2022,2026-07-06 20:09:35,2022,1,1,1,winter,1,0,0,0,0.12053668025532305,0.992708874098054,628.5799999999999,-2557.6100000000006,628.5799999999999,2557.6100000000006,14039.6,15342.71,16540.7,15786.46,26877.26,27008.09,27180.2,26275.78,12114.0,15282.6,14790.3,15082.2,27700.0,27700.0,27700.0,27700.0,15307.67,1250.9181242991044,15427.367499999998,1049.0507146105924,15075.026249999999,990.3188918718258,27021.849999999995,151.93802716781326,26835.332499999997,393.1223990372823,26076.36125,939.4831820807658,14062.300000000001,1705.137674793437,14317.275000000001,1482.6930439237885,14338.449999999999,1018.8379991791959,27700.0,0.0,27700.0,0.0,27250.0,481.0702354423658,-772.1200000000008,-0.05499586882817176,-1634.869999999999,-0.06082725694509039,524.8999999999996,0.04333003136866442,100.0,0.0036101083032491488,11974.91,15161.1,-862.7499999999982,-424.89999999999964
GUI_TOTAL_LOAD_YEARAHEAD_202112312300-202212312300.csv,2022-01-03,2023-01-02,Week 2,2,Poland,PL,13792.7,14222.64,24401.81,26300.0,2023,2026-07-06 20:09:35,2023,1,1,2,winter,1,0,0,0,0.23931566428755774,0.970941817426052,429.9399999999987,-1898.1899999999987,429.9399999999987,1898.1899999999987,13267.48,14039.6,15342.71,16540.7,25242.39,26877.26,27008.09,27180.2,12638.9,12114.0,15282.6,14790.3,27800.0,27700.0,27700.0,27700.0,14216.596666666666,1048.8759474949018,14797.6225,1443.5342894524506,15048.648749999998,1040.4588103392302,26375.91333333333,983.8371220039542,26576.985,898.3371206289077,26143.423749999998,841.7446264742761,13345.166666666666,1698.2685133197617,13706.45,1563.6005084419733,14196.5125,1175.6678253383275,27733.333333333332,57.7350269189631,27725.0,50.0,27375.0,477.34384133153407,955.1599999999999,0.0719925713096985,-840.5799999999981,-0.033300333288567296,1153.800000000001,0.09128959007508564,-1500.0,-0.0539568345323741,10179.170000000002,12507.3,-1795.739999999998,-2653.800000000001
GUI_TOTAL_LOAD_YEARAHEAD_202112312300-202212312300.csv,2022-01-03,2023-01-02,Week 3,3,Poland,PL,15257.5,16129.83,26426.69,26700.0,2023,2026-07-06 20:09:35,2023,1,1,3,winter,1,0,0,0,0.3546048870425356,0.9350162426854148,872.3299999999999,-273.3100000000013,872.3299999999999,273.3100000000013,14222.64,13267.48,14039.6,15342.71,24401.81,25242.39,26877.26,27008.09,13792.7,12638.9,12114.0,15282.6,26300.0,27800.0,27700.0,27700.0,13843.24,506.9522596852661,14218.1075,856.4089556348958,14942.42125,1080.2996262603444,25507.153333333335,1258.784291542074,25882.3875,1272.619862498168,26074.03,967.0822388726605,12848.533333333335,858.7595841289466,13457.05,1404.5695010690408,14115.45,1178.7394829102254,27266.666666666668,838.6497083606089,27375.0,718.2153808805078,27312.5,584.1660722773978,1907.1900000000005,0.13409535782386395,2024.8799999999974,0.08298072970816506,1464.7999999999993,0.10620110638236158,400.0,0.015209125475285079,10296.859999999999,11442.5,117.68999999999687,-1064.7999999999993
GUI_TOTAL_LOAD_YEARAHEAD_202112312300-202212312300.csv,2022-01-03,2023-01-02,Week 4,4,Poland,PL,16461.1,16080.68,25849.05,27200.0,2023,2026-07-06 20:09:35,2023,1,1,4,winter,1,0,0,0,0.4647231720437685,0.8854560256532099,-380.41999999999825,-1350.9500000000007,380.41999999999825,1350.9500000000007,16129.83,14222.64,13267.48,14039.6,26426.69,24401.81,25242.39,26877.26,15257.5,13792.7,12638.9,12114.0,26700.0,26300.0,27800.0,27700.0,14539.983333333332,1457.3235653187419,14414.8875,1215.9182481119587,15124.92125,1148.8201728909091,25356.963333333333,1017.2905387022403,25737.0375,1125.9420568683183,26183.8525,948.534642363889,13896.366666666669,1312.3744028794938,13450.775,1393.7092412575398,14234.8875,1246.786850195921,26933.333333333332,776.7453465154036,27125.0,741.0578025138569,27300.0,597.6143046671984,-49.149999999999636,-0.003047149287996209,-577.6399999999994,-0.021858204716519558,1203.5999999999985,0.07888579387186612,500.0,0.01872659176029967,9768.369999999999,10738.900000000001,-528.4899999999998,-703.5999999999985
GUI_TOTAL_LOAD_YEARAHEAD_202112312300-202212312300.csv,2022-01-03,2023-01-02,Week 5,5,Poland,PL,15105.6,15228.38,25907.4,26600.0,2023,2026-07-06 20:09:35,2023,1,1,5,winter,1,0,0,0,0.5680647467311558,0.8229838658936564,122.77999999999884,-692.5999999999985,122.77999999999884,692.5999999999985,16080.68,16129.83,14222.64,13267.48,25849.05,26426.69,24401.81,25242.39,16461.1,15257.5,13792.7,12638.9,27200.0,26700.0,26300.0,27800.0,15477.716666666665,1087.206056841723,14925.157500000001,1417.4970443326006,15176.2625,1185.2573913199608,25559.183333333334,1043.0971991780443,25479.984999999997,866.289413898844,26157.65875,955.3564330573342,15170.433333333334,1336.3289614961172,14537.55,1671.1319467155538,14427.412499999999,1467.2726929701078,26733.333333333332,450.9249752822904,27000.0,648.0740698407858,27350.0,565.6854249492397,-852.3000000000011,-0.05300148998674192,58.35000000000218,0.0022573363431153126,-1355.4999999999982,-0.08234565126267368,-600.0,-0.022058823529411797,10679.020000000002,11494.4,910.6500000000033,755.4999999999982
GUI_TOTAL_LOAD_YEARAHEAD_202112312300-202212312300.csv,2022-01-03,2023-01-02,Week 6,6,Poland,PL,15904.7,15432.71,25865.41,26700.0,2023,2026-07-06 20:09:35,2023,1,1,6,winter,1,0,0,0,0.6631226582407952,0.7485107481711011,-471.9900000000016,-834.5900000000001,471.9900000000016,834.5900000000001,15228.38,16080.68,16129.83,14222.64,25907.4,25849.05,26426.69,24401.81,15105.6,16461.1,15257.5,13792.7,26600.0,27200.0,26700.0,26300.0,15812.963333333333,506.8601245248308,15415.3825,896.4114754722455,15106.502499999999,1160.3748882981242,26061.046666666665,317.99758809313124,25646.2375,869.2994629920098,26111.61125,957.7246273991746,15608.066666666666,742.6424464931216,15154.225,1091.5894691534183,14430.3375,1468.787024275,26833.333333333332,321.4550253664335,26700.0,374.1657386773932,27212.5,601.040764008567,204.32999999999993,0.013417710879292555,-41.9900000000016,-0.0016207724433946469,799.1000000000004,0.05290091092045346,100.0,0.003759398496240518,10432.7,10795.3,-246.32000000000153,-699.1000000000004
GUI_TOTAL_LOAD_YEARAHEAD_202112312300-202212312300.csv,2022-01-03,2023-01-02,Week 7,7,Poland,PL,16211.6,15481.16,25269.21,27500.0,2023,2026-07-06 20:09:35,2023,1,1,7,winter,1,0,0,0,0.7485107481711011,0.6631226582407953,-730.4400000000005,-2230.790000000001,730.4400000000005,2230.790000000001,15432.71,15228.38,16080.68,16129.83,25865.41,25907.4,25849.05,26426.69,15904.7,15105.6,16461.1,15257.5,26700.0,26600.0,27200.0,26700.0,15580.589999999998,444.97774472437754,15717.9,455.43342718776785,14968.00375,1022.6941173605893,25873.953333333335,30.09853871969464,26012.137499999997,277.45883242657504,25947.262499999997,855.5119001719429,15823.800000000001,681.3616293863003,15682.225,624.2406340239589,14569.637499999999,1557.9420087662477,26833.333333333332,321.4550253664335,26800.0,270.80128015453096,27087.5,589.0367439424194,48.45000000000073,0.003139435653232603,-596.2000000000007,-0.02305008890251503,306.89999999999964,0.019296182889334546,800.0,0.029962546816479474,9788.05,11288.4,-644.6500000000015,493.10000000000036
GUI_TOTAL_LOAD_YEARAHEAD_202112312300-202212312300.csv,2022-01-03,2023-01-02,Week 8,8,Poland,PL,16484.6,14945.03,24537.99,26700.0,2023,2026-07-06 20:09:35,2023,1,1,8,winter,1,0,0,0,0.8229838658936564,0.5680647467311559,-1539.569999999998,-2162.0099999999984,1539.569999999998,2162.0099999999984,15481.16,15432.71,15228.38,16080.68,25269.21,25865.41,25907.4,25849.05,16211.6,15904.7,15105.6,16461.1,27500.0,26700.0,26600.0,27200.0,15380.75,134.16151944574978,15555.7325,366.7083901753474,14985.310000000001,1031.0778906839043,25680.67333333333,356.95566395992614,25722.767499999998,303.36870772190997,25729.9025,763.42662951333,15740.633333333333,570.9618230085872,15920.75,589.1516414868333,14685.7625,1650.546589931879,26933.333333333332,493.288286231626,27000.0,424.26406871192813,27062.5,562.9958132298032,-536.1299999999992,-0.03463112583294792,-731.2199999999975,-0.028937192733765604,272.9999999999982,0.01683979372794786,-800.0,-0.029090909090909056,9592.960000000001,10215.400000000001,-195.08999999999833,-1072.9999999999982
GUI_TOTAL_LOAD_YEARAHEAD_202112312300-202212312300.csv,2022-01-03,2023-01-02,Week 9,9,Poland,PL,15430.4,15528.45,24939.5,26700.0,2023,2026-07-06 20:09:35,2023,1,1,9,winter,1,0,0,0,0.8854560256532099,0.4647231720437686,98.05000000000109,-1760.5,98.05000000000109,1760.5,14945.03,15481.16,15432.71,15228.38,24537.99,25269.21,25865.41,25907.4,16484.6,16211.6,15904.7,15105.6,26700.0,27500.0,26700.0,26600.0,15286.300000000001,296.5396437240587,15271.82,243.84938343164532,15098.48875,959.6599811010213,25224.203333333335,664.8534907279161,25395.002500000002,641.3861531284192,25437.49375,707.1011938883164,16200.300000000001,290.11509784902796,15926.625,596.4085868764496,15232.087500000001,1378.623240190336,26966.666666666668,461.8802153517026,26875.0,419.3248541803036,26937.5,509.7268175909822,583.4200000000001,0.039037726923264904,401.5099999999984,0.01636279092134263,-1054.199999999999,-0.06395059631413558,0.0,0.0,9411.05,11269.6,-181.91000000000167,1054.199999999999
GUI_TOTAL_LOAD_YEARAHEAD_202112312300-202212312300.csv,2022-01-03,2023-01-02,Week 10,10,Poland,PL,14797.6,16239.29,25535.99,26700.0,2023,2026-07-06 20:09:35,2023,1,1,10,winter,1,0,0,0,0.9350162426854148,0.35460488704253557,1441.6900000000005,-1164.0099999999984,1441.6900000000005,1164.0099999999984,15528.45,14945.03,15481.16,15432.71,24939.5,24537.99,25269.21,25865.41,15430.4,16484.6,16211.6,15904.7,26700.0,26700.0,27500.0,26700.0,15318.213333333333,324.0500520495643,15346.8375,270.708322415462,15381.11,614.1086946136072,24915.566666666666,366.19704454448146,25153.0275,561.2047514869649,25399.6325,726.8728712338769,16042.199999999999,547.1349742065049,16007.825,451.9930115609781,15581.025,898.0026785674596,26966.666666666668,461.8802153517026,26900.0,399.9999999999994,26800.0,374.1657386773966,710.8400000000001,0.04577662290827478,596.4900000000016,0.02391748030233165,-632.7999999999993,-0.04100995437577759,0.0,0.0,9296.7,11902.4,-114.34999999999854,632.7999999999993
GUI_TOTAL_LOAD_YEARAHEAD_202112312300-202212312300.csv,2022-01-03,2023-01-02,Week 11,11,Poland,PL,14767.8,15809.93,25227.15,25500.0,2023,2026-07-06 20:09:35,2023,1,1,11,winter,1,0,0,0,0.970941817426052,0.23931566428755804,1042.130000000001,-272.84999999999854,1042.130000000001,272.84999999999854,16239.29,15528.45,14945.03,15481.16,25535.99,24939.5,24537.99,25269.21,14797.6,15430.4,16484.6,16211.6,26700.0,26700.0,26700.0,27500.0,15570.923333333334,648.1745327713252,15548.4825,531.1319804201158,15633.19125,466.8996435894535,25004.493333333336,502.16441533934886,25070.6725,430.84969740991534,25541.405,604.8089767852941,15570.866666666667,852.2267382177638,15731.05,766.0472635549111,15706.6375,647.4435550411586,26700.0,0.0,26900.0,399.9999999999994,26850.0,320.713490294912,-429.3600000000006,-0.026439579562899662,-308.84000000000015,-0.012094302981791594,-29.80000000000109,-0.002013840082175533,-1200.0,-0.0449438202247191,9417.220000000001,10732.2,120.52000000000044,-1170.199999999999
GUI_TOTAL_LOAD_YEARAHEAD_202112312300-202212312300.csv,2022-01-03,2023-01-02,Week 12,12,Poland,PL,14364.8,15011.71,24503.89,25400.0,2023,2026-07-06 20:09:35,2023,1,1,12,winter,1,0,0,0,0.992708874098054,0.120536680255323,646.9099999999999,-896.1100000000006,646.9099999999999,896.1100000000006,15809.93,16239.29,15528.45,14945.03,25227.15,25535.99,24939.5,24537.99,14767.8,14797.6,15430.4,16484.6,25500.0,26700.0,26700.0,26700.0,15859.223333333333,357.9745115693653,15630.675000000001,542.556783479844,15593.20375,430.5746122148385,25234.213333333333,298.307723723506,25060.1575,424.8608374023384,25391.4625,492.1849153302431,14998.6,374.2464963095328,15370.099999999999,803.3819929937691,15645.425,715.5415227045409,26300.0,692.8203230275509,26400.0,600.0,26700.0,578.1744669956605,-798.2200000000012,-0.05048852208706811,-723.260000000002,-0.028669905240980564,-403.0,-0.02728910196508616,-100.0,-0.0039215686274509665,9492.18,11035.2,74.95999999999913,303.0
GUI_TOTAL_LOAD_YEARAHEAD_202112312300-202212312300.csv,2022-01-03,2023-01-02,Week 13,13,Poland,PL,14979.6,15120.53,24209.94,25400.0,2023,2026-07-06 20:09:35,2023,1,1,13,winter,1,0,0,0,1.0,-1.6081226496766366e-16,140.9300000000003,-1190.0600000000013,140.9300000000003,1190.0600000000013,15011.71,15809.93,16239.29,15528.45,24503.89,25227.15,25535.99,24939.5,14364.8,14767.8,14797.6,15430.4,25400.0,25500.0,26700.0,26700.0,15686.976666666667,622.9577078207855,15647.345,514.7817140950731,15459.5825,423.4933388159232,25089.01,529.7354030077429,25051.6325,438.9396786479326,25223.3175,540.8906188012529,14643.4,241.73431696795666,14840.15,440.22634708369065,15383.387499999999,756.8131651631925,25866.666666666668,723.4178138070238,26075.0,722.841614740048,26475.0,694.3650748294148,108.82000000000153,0.007249007608060687,-293.9500000000007,-0.01199605450399921,614.8000000000011,0.042799064379594576,0.0,0.0,9089.409999999998,10420.4,-402.77000000000226,-614.8000000000011
GUI_TOTAL_LOAD_YEARAHEAD_202112312300-202212312300.csv,2022-01-03,2023-01-02,Week 14,14,Poland,PL,14740.3,15314.48,24882.06,24800.0,2023,2026-07-06 20:09:35,2023,1,1,14,winter,1,0,0,0,0.992708874098054,-0.12053668025532288,574.1800000000003,82.06000000000131,574.1800000000003,82.06000000000131,15120.53,15011.71,15809.93,16239.29,24209.94,24503.89,25227.15,25535.99,14979.6,14364.8,14767.8,14797.6,25400.0,25400.0,25500.0,26700.0,15314.056666666665,432.8720597743942,15545.365,582.1795201653825,15446.101250000002,433.50305734425365,24646.993333333332,523.4863599303571,24869.2425,616.6609665704123,25011.135,566.5348829003444,14704.066666666666,312.31588709717835,14727.449999999999,259.2577803396688,15367.6375,764.690144414278,25433.333333333332,57.735026918972395,25750.0,635.0852961085886,26325.0,786.94708480667,193.9499999999989,0.01282693133111068,672.1200000000026,0.027762150587733903,-239.3000000000011,-0.015975059414136683,-600.0,-0.023622047244094446,9567.580000000002,10059.7,478.1700000000037,-360.6999999999989
GUI_TOTAL_LOAD_YEARAHEAD_202112312300-202212312300.csv,2022-01-03,2023-01-02,Week 15,15,Poland,PL,12482.5,15121.41,24399.16,24500.0,2023,2026-07-06 20:09:35,2023,1,1,15,winter,1,0,0,0,0.9709418174260521,-0.2393156642875575,2638.91,-100.84000000000015,2638.91,100.84000000000015,15314.48,15120.53,15011.71,15809.93,24882.06,24209.94,24503.89,25227.15,14740.3,14979.6,14364.8,14767.8,24800.0,25400.0,25400.0,25500.0,15148.906666666668,153.36669988405782,15314.1625,353.43862016621176,15431.3225,436.0327381795032,24531.963333333333,336.93828460586315,24705.760000000002,443.2900447786876,24888.216249999998,449.2429889726894,14694.9,309.90422714116727,14713.125,255.64758783656086,15222.0875,758.6543452296016,25200.0,346.41016151377704,25275.0,320.15621187164214,26087.5,931.1091696005833,-193.0699999999997,-0.012607022895978148,-482.90000000000146,-0.019407557091334127,-2257.7999999999993,-0.153171916446748,-300.0,-0.012096774193548376,9277.75,12017.5,-289.83000000000175,1957.7999999999993
GUI_TOTAL_LOAD_YEARAHEAD_202112312300-202212312300.csv,2022-01-03,2023-01-02,Week 16,16,Poland,PL,13537.5,13292.81,24183.06,24700.0,2023,2026-07-06 20:09:35,2023,1,1,16,winter,1,0,0,0,0.9350162426854148,-0.35460488704253545,-244.6900000000005,-516.9399999999987,244.6900000000005,516.9399999999987,15121.41,15314.48,15120.53,15011.71,24399.16,24882.06,24209.94,24503.89,12482.5,14740.3,14979.6,14364.8,24500.0,24800.0,25400.0,25400.0,15185.473333333333,111.72391701567923,15142.0325,125.97584328617627,15386.35375,448.5303485173559,24497.053333333333,346.5885920412614,24498.7625,283.0090453646815,24779.46,449.1470081960568,14067.466666666667,1377.826412627259,14141.8,1134.771134047151,14755.949999999999,1122.2952399945027,24900.0,458.2575694955852,25025.0,449.99999999999983,25712.5,883.8834764831856,-1828.6000000000004,-0.1209278764348034,-216.09999999999854,-0.008856862285422928,1055.0,0.08451832565591832,200.0,0.008163265306122547,10890.250000000002,11162.5,1612.5000000000018,-855.0
GUI_TOTAL_LOAD_YEARAHEAD_202112312300-202212312300.csv,2022-01-03,2023-01-02,Week 17,17,Poland,PL,13754.7,13004.56,23890.39,23600.0,2023,2026-07-06 20:09:35,2023,1,1,17,winter,1,0,0,0,0.8854560256532099,-0.4647231720437685,-750.1400000000012,290.3899999999994,750.1400000000012,290.3899999999994,13292.81,15121.41,15314.48,15120.53,24183.06,24399.16,24882.06,24209.94,13537.5,12482.5,14740.3,14979.6,24700.0,24500.0,24800.0,25400.0,14576.233333333332,1115.6615058490308,14712.307499999999,950.7182087374777,15179.82625,866.4530512042186,24488.093333333334,357.8856009022209,24418.555,323.6207473260892,24735.09375,491.9014899619882,13586.766666666668,1129.7059853489777,13934.975,1155.7767586490593,14387.5625,943.211915194201,24666.666666666668,152.75252316519808,24850.0,387.2983346207415,25462.5,846.7374361124517,-288.25,-0.021684655087976124,-292.6700000000019,-0.012102273244163575,217.20000000000073,0.016044321329639954,-1100.0,-0.04453441295546556,10885.83,9845.3,-4.420000000001892,-1317.2000000000007
GUI_TOTAL_LOAD_YEARAHEAD_202112312300-202212312300.csv,2022-01-03,2023-01-02,Week 18,18,Poland,PL,13587.6,13531.4,23436.79,23500.0,2023,2026-07-06 20:09:35,2023,1,1,18,winter,1,0,0,0,0.8229838658936565,-0.5680647467311557,-56.20000000000073,-63.20999999999913,56.20000000000073,63.20999999999913,13004.56,13292.81,15121.41,15314.48,23890.39,24183.06,24399.16,24882.06,13754.7,13537.5,12482.5,14740.3,23600.0,24700.0,24500.0,24800.0,13806.26,1148.0360000888454,14183.315,1203.0543062416866,14864.34,1138.2429051205063,24157.536666666667,255.34351104573898,24338.6675,417.97175449811454,24603.955,564.1596869935007,13258.233333333332,680.525982849522,13628.75,926.2149552524658,14178.1,861.0251033340735,24266.666666666668,585.946527708233,24400.0,547.7225575051665,25075.0,906.7209367511373,526.8400000000001,0.04051194350289444,-453.59999999999854,-0.018986713904628583,-167.10000000000036,-0.012148574669022305,-100.0,-0.004237288135593209,9905.390000000001,9912.4,-980.4399999999987,67.10000000000036
GUI_TOTAL_LOAD_YEARAHEAD_202112312300-202212312300.csv,2022-01-03,2023-01-02,Week 19,19,Poland,PL,12575.1,13410.75,22248.81,23300.0,2023,2026-07-06 20:09:35,2023,1,1,19,winter,1,0,0,0,0.7485107481711013,-0.663122658240795,835.6499999999996,-1051.1899999999987,835.6499999999996,1051.1899999999987,13531.4,13004.56,13292.81,15121.41,23436.79,23890.39,24183.06,24399.16,13587.6,13754.7,13537.5,12482.5,23500.0,23600.0,24700.0,24500.0,13276.256666666668,263.809791390179,13737.544999999998,947.3883979480995,14525.853749999998,1071.6366913003192,23836.746666666662,376.0158688582008,23977.35,416.33617642466396,24341.555,556.8646774576588,13626.6,113.73086652256121,13340.575,579.5380423233643,14026.85,842.7376392279208,23933.333333333332,665.8328118479404,24075.0,613.0524719249847,24675.0,785.1296526234208,-120.64999999999964,-0.008916298387454336,-1187.9799999999996,-0.050688682195812684,-1012.5,-0.07451647089993818,-200.0,-0.008510638297872353,8838.060000000001,10724.9,-1067.33,812.5
GUI_TOTAL_LOAD_YEARAHEAD_202112312300-202212312300.csv,2022-01-03,2023-01-02,Week 20,20,Poland,PL,13070.1,13049.31,22283.68,23200.0,2023,2026-07-06 20:09:35,2023,1,1,20,winter,1,0,0,0,0.6631226582407952,-0.7485107481711012,-20.790000000000873,-916.3199999999997,20.790000000000873,916.3199999999997,13410.75,13531.4,13004.56,13292.81,22248.81,23436.79,23890.39,24183.06,12575.1,13587.6,13754.7,13537.5,23300.0,23500.0,23600.0,24700.0,13315.57,276.0154356190904,13309.880000000001,225.65279716118425,14225.95625,993.8333332813368,23191.99666666667,847.7258142425728,23439.7625,851.2604400289368,23969.2625,815.66601792208,13305.800000000001,638.2965376687976,13363.725,533.8878182727126,13752.7625,920.3280935739411,23466.666666666668,152.75252316519803,23775.0,629.1528696058962,24400.0,838.3657572069277,-361.4400000000005,-0.026951512778927378,34.86999999999898,0.0015672748340247455,495.0,0.03936350406756217,-100.0,-0.0042918454935622075,9234.37,10129.9,396.3099999999995,-595.0
GUI_TOTAL_LOAD_YEARAHEAD_202112312300-202212312300.csv,2022-01-03,2023-01-02,Week 21,21,Poland,PL,12580.1,12881.73,21925.91,23600.0,2023,2026-07-06 20:09:35,2023,1,1,21,winter,1,0,0,0,0.5680647467311558,-0.8229838658936564,301.6299999999992,-1674.0900000000001,301.6299999999992,1674.0900000000001,13049.31,13410.75,13531.4,13004.56,22283.68,22248.81,23436.79,23890.39,13070.1,12575.1,13587.6,13754.7,23200.0,23300.0,23500.0,23600.0,13330.486666666666,250.86718405030447,13249.005000000001,261.7504104422122,13980.65625,1014.1600030417599,22656.426666666666,676.0393318685493,22964.9175,827.8601909893594,23691.73625,970.7414408281255,13077.6,506.2916649521067,13246.875,534.3253713796473,13590.925,911.116565774427,23333.333333333332,152.75252316519803,23400.0,182.57418583505756,24125.0,824.1879119992705,-167.57999999999993,-0.012842058315727045,-357.77000000000044,-0.01605524760721755,-490.0,-0.03749014927200256,400.0,0.01724137931034475,9044.18,11019.9,-190.1900000000005,890.0
GUI_TOTAL_LOAD_YEARAHEAD_202112312300-202212312300.csv,2022-01-03,2023-01-02,Week 22,22,Poland,PL,12502.1,13031.88,22511.2,23200.0,2023,2026-07-06 20:09:35,2023,1,1,22,winter,1,0,0,0,0.46472317204376906,-0.8854560256532096,529.7799999999988,-688.7999999999993,529.7799999999988,688.7999999999993,12881.73,13049.31,13410.75,13531.4,21925.91,22283.68,22248.81,23436.79,12580.1,13070.1,12575.1,13587.6,23600.0,23200.0,23300.0,23500.0,13113.93,270.3652129990049,13218.297499999999,303.812221322645,13700.80625,962.2475282518541,22152.8,197.26450086110006,22473.7975,661.8910551530514,23406.232500000002,1120.833918062151,12741.766666666668,284.35599753356894,12953.225,482.456280402691,13290.9875,773.1736700814071,23366.666666666668,208.16659994661487,23400.0,182.57418583505756,23900.0,654.653670707979,150.14999999999964,0.011656043093590585,585.2900000000009,0.02669398898380959,-78.0,-0.006200268678309362,-400.0,-0.016949152542372836,9479.320000000002,10697.9,435.14000000000124,-322.0
GUI_TOTAL_LOAD_YEARAHEAD_202112312300-202212312300.csv,2022-01-03,2023-01-02,Week 23,23,Poland,PL,12619.5,12852.49,22085.53,23300.0,2023,2026-07-06 20:09:35,2023,1,1,23,winter,1,0,0,0,0.35460488704253584,-0.9350162426854147,232.98999999999978,-1214.4700000000012,232.98999999999978,1214.4700000000012,13031.88,12881.73,13049.31,13410.75,22511.2,21925.91,22283.68,22248.81,12502.1,12580.1,13070.1,12575.1,23200.0,23600.0,23200.0,23300.0,12987.64,92.13385534100972,13093.4175,224.53199376703432,13415.481249999999,724.4385659537228,22240.263333333336,295.0505909726434,22242.399999999998,240.94569692490109,23109.875,979.3784418847181,12717.433333333334,307.8982515918385,12681.850000000002,261.2768327528004,13011.212500000001,545.1378631332029,23333.333333333332,230.94010767585135,23325.0,189.29694486001148,23700.0,580.6400409400472,-179.38999999999942,-0.013765473592451727,-425.6700000000019,-0.018909254060201275,117.39999999999964,0.009390422409035315,100.0,0.004310344827586299,9233.039999999999,10680.5,-246.28000000000247,-17.399999999999636
GUI_TOTAL_LOAD_YEARAHEAD_202112312300-202212312300.csv,2022-01-03,2023-01-02,Week 24,24,Poland,PL,12056.8,12947.16,22646.29,23800.0,2023,2026-07-06 20:09:35,2023,1,1,24,winter,1,0,0,0,0.23931566428755768,-0.970941817426052,890.3600000000006,-1153.7099999999991,890.3600000000006,1153.7099999999991,12852.49,13031.88,12881.73,13049.31,22085.53,22511.2,21925.91,22283.68,12619.5,12502.1,12580.1,13070.1,23300.0,23200.0,23600.0,23200.0,12922.033333333333,96.24688064208658,12953.852499999999,101.12110969030834,13131.86625,249.84142187383935,22174.213333333333,302.555195350057,22201.579999999998,253.02602356271697,22820.67125,880.9241351061128,12567.233333333332,59.74824962550306,12692.95,256.1222819930644,13028.337500000001,528.0398630447252,23366.666666666668,208.16659994661487,23325.0,189.29694486001148,23550.0,492.80538030458393,94.67000000000007,0.007365887855193876,560.760000000002,0.025390380036159454,-562.7000000000007,-0.04458972225523994,500.0,0.02145922746781115,9699.130000000001,11743.2,466.09000000000196,1062.7000000000007
GUI_TOTAL_LOAD_YEARAHEAD_202112312300-202212312300.csv,2022-01-03,2023-01-02,Week 25,25,Poland,PL,12228.3,12877.94,22034.65,24600.0,2023,2026-07-06 20:09:35,2023,1,1,25,winter,1,0,0,0,0.12053668025532308,-0.992708874098054,649.6400000000012,-2565.3499999999985,649.6400000000012,2565.3499999999985,12947.16,12852.49,13031.88,12881.73,22646.29,22085.53,22511.2,21925.91,12056.8,12619.5,12502.1,12580.1,23800.0,23300.0,23200.0,23600.0,12943.843333333332,89.74097856237043,12928.314999999999,79.58315588112451,13088.66,247.9125480602529,22414.34,292.65908340586276,22292.232500000002,341.67312686975947,22628.575,687.7799983382971,12392.800000000001,296.8462396594897,12439.625,259.83735136941004,12843.25,580.9305687552427,23433.333333333332,321.4550253664337,23475.0,275.3785273643064,23437.5,219.98376563478487,-69.21999999999935,-0.005346346225735932,-611.6399999999994,-0.027008397401958484,171.5,0.014224338132837966,800.0,0.03361344537815136,9156.710000000001,12371.7,-542.4200000000001,628.5
GUI_TOTAL_LOAD_YEARAHEAD_202112312300-202212312300.csv,2022-01-03,2023-01-02,Week 26,26,Poland,PL,13011.4,13525.13,23049.5,24400.0,2023,2026-07-06 20:09:35,2023,1,1,26,winter,1,0,0,0,-3.216245299353273e-16,-1.0,513.7299999999996,-1350.5,513.7299999999996,1350.5,12877.94,12947.16,12852.49,13031.88,22034.65,22646.29,22085.53,22511.2,12228.3,12056.8,12619.5,12502.1,24600.0,23800.0,23300.0,23200.0,12892.529999999999,48.992380019743884,12927.3675,80.34161120904925,13072.8325,257.8899130443313,22255.49,339.39751560665843,22319.4175,305.1895860362177,22396.6075,484.2354394520894,12301.533333333333,288.40971435323195,12351.675,255.94958325160658,12652.449999999999,480.8545310174395,23900.0,655.7438524302012,23725.0,639.661368746517,23562.5,468.8511795564041,647.1899999999987,0.050255708599356685,1014.8499999999985,0.046057005670614215,783.1000000000004,0.06403997284986462,-200.0,-0.008130081300813052,9524.37,11388.6,367.65999999999985,-983.1000000000004
GUI_TOTAL_LOAD_YEARAHEAD_202112312300-202212312300.csv,2022-01-03,2023-01-02,Week 27,27,Poland,PL,12853.7,13035.93,23513.79,24600.0,2023,2026-07-06 20:09:35,2023,1,1,27,winter,1,0,0,0,-0.12053668025532283,-0.992708874098054,182.22999999999956,-1086.2099999999991,182.22999999999956,1086.2099999999991,13525.13,12877.94,12947.16,12852.49,23049.5,22034.65,22646.29,22085.53,13011.4,12228.3,12056.8,12619.5,24400.0,24600.0,23800.0,23300.0,13116.743333333334,355.3626376440417,13050.679999999998,318.81947692489814,13072.04875,256.30183464244686,22576.813333333335,510.97982938006334,22453.9925,484.1557109287827,22348.19625,371.66181171039807,12432.166666666666,508.90716573193583,12478.999999999998,425.9473128608008,12580.425000000001,344.6294770163634,24266.666666666668,416.3331998932281,24025.0,590.9032633745287,23675.0,552.2680508593655,-489.1999999999989,-0.036169707795784545,464.2900000000009,0.02014317013384237,-157.6999999999989,-0.012120140799606438,200.0,0.008196721311475308,10477.86,11746.3,953.4899999999998,357.6999999999989
GUI_TOTAL_LOAD_YEARAHEAD_202112312300-202212312300.csv,2022-01-03,2023-01-02,Week 28,28,Poland,PL,12863.9,12797.23,22778.24,24300.0,2023,2026-07-06 20:09:35,2023,1,1,28,winter,1,0,0,0,-0.23931566428755743,-0.9709418174260521,-66.67000000000007,-1521.7599999999984,66.67000000000007,1521.7599999999984,13035.93,13525.13,12877.94,12947.16,23513.79,23049.5,22034.65,22646.29,12853.7,13011.4,12228.3,12056.8,24600.0,24400.0,24600.0,23800.0,13146.333333333334,337.42465237935744,13096.539999999999,292.9523878266437,13025.19625,216.74843429574122,22865.98,756.4545443712541,22811.057500000003,627.3342350706004,22506.31875,549.7579830235757,12697.800000000001,414.17388860233257,12537.550000000001,465.9187232411571,12615.25,357.83774455550736,24533.333333333332,115.47005383792907,24350.0,378.59388972001904,23837.5,613.9741734912704,-238.70000000000073,-0.01831092986844829,-735.5499999999993,-0.03128164366527042,10.199999999998909,0.0007935458272714246,-300.0,-0.012195121951219523,9981.010000000002,11436.1,-496.84999999999854,-310.1999999999989
GUI_TOTAL_LOAD_YEARAHEAD_202112312300-202212312300.csv,2022-01-03,2023-01-02,Week 29,29,Poland,PL,12925.9,12743.34,21969.31,24600.0,2023,2026-07-06 20:09:35,2023,1,1,29,winter,1,0,0,0,-0.3546048870425356,-0.9350162426854148,-182.5599999999995,-2630.6899999999987,182.5599999999995,2630.6899999999987,12797.23,13035.93,13525.13,12877.94,22778.24,23513.79,23049.5,22034.65,12863.9,12853.7,13011.4,12228.3,24300.0,24600.0,24400.0,24600.0,13119.43,371.06440141840244,13059.0575,326.1470246555466,12993.68625,230.6212986656404,23113.843333333334,371.97244391652805,22844.045,619.1985912182091,22568.13875,548.9517716634487,12909.666666666666,88.25113785843995,12739.325,348.22020212312185,12589.474999999999,326.44370658879205,24433.333333333332,152.75252316519703,24475.0,150.00000000000256,23975.0,572.5881092523193,-53.88999999999942,-0.004211067551337266,-808.9300000000003,-0.0355132793402827,62.0,0.004819689207782973,300.0,0.012345679012345734,9225.970000000001,11674.1,-755.0400000000009,238.0
GUI_TOTAL_LOAD_YEARAHEAD_202112312300-202212312300.csv,2022-01-03,2023-01-02,Week 30,30,Poland,PL,13285.1,13298.38,23078.09,24300.0,2023,2026-07-06 20:09:35,2023,1,1,30,winter,1,0,0,0,-0.46472317204376806,-0.8854560256532101,13.279999999998836,-1221.9099999999999,13.279999999998836,1221.9099999999999,12743.34,12797.23,13035.93,13525.13,21969.31,22778.24,23513.79,23049.5,12925.9,12863.9,12853.7,13011.4,24600.0,24300.0,24600.0,24400.0,12858.833333333334,155.71915435595199,13025.4075,356.58582233687565,12976.387499999999,244.963073820783,22753.780000000002,772.5304759683785,22827.710000000003,647.8668616827191,22573.56375,541.8670096180788,12881.166666666666,39.074458835786,12913.724999999999,72.51245295348953,12632.7,347.2555954501378,24500.0,173.2050807568899,24475.0,150.00000000000256,24100.0,587.9747322073364,555.039999999999,0.04355530025880183,1108.7799999999988,0.05046949585580962,359.2000000000007,0.02778916748543625,-300.0,-0.012195121951219523,9779.710000000001,11014.9,553.7399999999998,-659.2000000000007
GUI_TOTAL_LOAD_YEARAHEAD_202112312300-202212312300.csv,2022-01-03,2023-01-02,Week 31,31,Poland,PL,13016.0,13051.91,22285.53,24000.0,2023,2026-07-06 20:09:35,2023,1,1,31,winter,1,0,0,0,-0.5680647467311556,-0.8229838658936566,35.909999999999854,-1714.4700000000012,35.909999999999854,1714.4700000000012,13298.38,12743.34,12797.23,13035.93,23078.09,21969.31,22778.24,23513.79,13285.1,12925.9,12863.9,12853.7,24300.0,24600.0,24300.0,24600.0,12946.316666666666,306.08409960880306,12968.720000000001,253.90146658365887,13009.7,270.38869481863793,22608.546666666665,573.5373942763229,22834.857500000002,651.2780780063271,22644.425000000003,568.9370990087698,13024.966666666667,227.40495450475424,12982.150000000001,204.47104929548718,12730.574999999999,409.8847250839499,24400.0,173.2050807568899,24450.0,173.20508075688997,24237.5,462.71713049891093,-246.46999999999935,-0.01853383645225959,-792.5600000000013,-0.034342530079395694,-269.10000000000036,-0.020255775267028486,-300.0,-0.012345679012345734,9233.619999999999,10984.0,-546.090000000002,-30.899999999999636
GUI_TOTAL_LOAD_YEARAHEAD_202112312300-202212312300.csv,2022-01-03,2023-01-02,Week 32,32,Poland,PL,12797.4,12759.91,21904.35,23900.0,2023,2026-07-06 20:09:35,2023,1,1,32,winter,1,0,0,0,-0.663122658240795,-0.7485107481711013,-37.48999999999978,-1995.6500000000015,37.48999999999978,1995.6500000000015,13051.91,13298.38,12743.34,12797.23,22285.53,23078.09,21969.31,22778.24,13016.0,13285.1,12925.9,12863.9,24000.0,24300.0,24600.0,24300.0,13031.21,278.0983960759169,12972.715,255.43258477857944,13034.627499999999,262.91388648596563,22444.309999999998,571.1887502393181,22527.7925,495.3601755204177,22669.425000000003,544.7500027403938,13075.666666666666,186.88564239477893,13022.724999999999,185.72948742727115,12780.137499999999,418.41822187000884,24300.0,300.00000000000125,24300.0,244.9489742783194,24325.0,296.40705601781156,-292.0,-0.02237220452791966,-381.1800000000003,-0.017104372209231777,-218.60000000000036,-0.016794714197910343,-100.0,-0.004166666666666652,9144.439999999999,11102.6,-89.18000000000029,118.60000000000036
GUI_TOTAL_LOAD_YEARAHEAD_202112312300-202212312300.csv,2022-01-03,2023-01-02,Week 33,33,Poland,PL,12637.1,12976.59,21490.76,23700.0,2023,2026-07-06 20:09:35,2023,1,1,33,winter,1,0,0,0,-0.7485107481711011,-0.6631226582407952,339.4899999999998,-2209.2400000000016,339.4899999999998,2209.2400000000016,12759.91,13051.91,13298.38,12743.34,21904.35,22285.53,23078.09,21969.31,12797.4,13016.0,13285.1,12925.9,23900.0,24000.0,24300.0,24600.0,13036.733333333332,269.55562252220005,12963.384999999998,264.4996555133223,13011.221249999999,279.6176733857412,22422.656666666666,598.7647191788203,22309.32,538.8817984183742,22576.682500000003,608.6593130279482,13032.833333333334,244.28537273711058,13006.1,206.4999919289681,12872.7125,300.95952949335356,24066.666666666668,208.16659994661546,24200.0,316.22776601683915,24337.5,272.226271430856,216.6800000000003,0.016981310996707633,-413.59000000000015,-0.018881637665577822,-160.29999999999927,-0.012525981840061151,-200.0,-0.008368200836820106,8514.169999999998,11062.9,-630.2700000000004,-39.70000000000073
GUI_TOTAL_LOAD_YEARAHEAD_202112312300-202212312300.csv,2022-01-03,2023-01-02,Week 34,34,Poland,PL,12780.0,12748.98,23375.1,23400.0,2023,2026-07-06 20:09:35,2023,1,1,34,winter,1,0,0,0,-0.8229838658936564,-0.5680647467311559,-31.020000000000437,-24.900000000001455,31.020000000000437,24.900000000001455,12976.59,12759.91,13051.91,13298.38,21490.76,21904.35,22285.53,23078.09,12637.1,12797.4,13016.0,13285.1,23700.0,23900.0,24000.0,24300.0,12929.470000000001,151.59558304910607,13021.6975,222.13613144120916,13023.552499999998,275.0379861946569,21893.546666666665,397.49512227615696,22189.6825,675.3670423986425,22508.69625,701.1943401681622,12816.833333333334,190.19606550427858,12933.900000000001,280.95334132200395,12923.8125,190.2601860423274,23866.666666666668,152.75252316519882,23975.0,250.0000000000021,24225.0,328.41611235922346,-227.61000000000058,-0.017540047115613633,1884.3400000000001,0.0876814035427318,142.89999999999964,0.011307974139636467,-300.0,-0.012658227848101222,10626.119999999999,10620.0,2111.9500000000007,-442.89999999999964
GUI_TOTAL_LOAD_YEARAHEAD_202112312300-202212312300.csv,2022-01-03,2023-01-02,Week 35,35,Poland,PL,13092.8,13717.33,23134.39,23500.0,2023,2026-07-06 20:09:35,2023,1,1,35,winter,1,0,0,0,-0.8854560256532096,-0.4647231720437691,624.5300000000007,-365.6100000000006,624.5300000000007,365.6100000000006,12748.98,12976.59,12759.91,13051.91,23375.1,21490.76,21904.35,22285.53,12780.0,12637.1,12797.4,13016.0,23400.0,23700.0,23900.0,24000.0,12828.493333333332,128.3718553006561,12884.3475,153.1828119981695,12926.53375,199.2952667302536,22256.736666666664,990.3618434861586,22263.934999999998,808.7552069074766,22549.39625,745.1413442895122,12738.166666666666,87.95762237184181,12807.625,156.38265835230607,12894.887499999999,192.61723285537255,23666.666666666668,251.66114784236157,23750.0,264.5751311064616,24100.0,427.61798705988275,968.3500000000004,0.07595509601552441,-240.70999999999913,-0.010297709956320955,312.7999999999993,0.024475743348982837,100.0,0.004273504273504258,9417.06,10407.2,-1209.0599999999995,-212.79999999999927
GUI_TOTAL_LOAD_YEARAHEAD_202112312300-202212312300.csv,2022-01-03,2023-01-02,Week 36,36,Poland,PL,13235.8,12987.08,22245.4,24100.0,2023,2026-07-06 20:09:35,2023,1,1,36,winter,1,0,0,0,-0.9350162426854147,-0.3546048870425359,-248.71999999999935,-1854.5999999999985,248.71999999999935,1854.5999999999985,13717.33,12748.98,12976.59,12759.91,23134.39,23375.1,21490.76,21904.35,13092.8,12780.0,12637.1,12797.4,23500.0,23400.0,23700.0,23900.0,13147.633333333333,506.32726277905533,13050.7025,456.6112976683048,13011.70875,345.04309210953966,22666.75,1025.5241031296787,22476.149999999998,920.0253062099005,22501.97125,684.6081985118042,12836.633333333331,233.06892399740337,12826.824999999999,191.30837888951302,12924.775,203.55295379827797,23533.333333333332,152.7525231652006,23625.0,221.73557826083783,23962.5,420.671232335049,-730.25,-0.0532355786439489,-888.989999999998,-0.038427207287505705,143.0,0.010922033484052296,600.0,0.025531914893617058,9258.320000000002,10864.2,-158.73999999999796,457.0
GUI_TOTAL_LOAD_YEARAHEAD_202112312300-202212312300.csv,2022-01-03,2023-01-02,Week 37,37,Poland,PL,13486.4,13157.19,22128.28,23600.0,2023,2026-07-06 20:09:35,2023,1,1,37,winter,1,0,0,0,-0.970941817426052,-0.23931566428755774,-329.2099999999991,-1471.7200000000012,329.2099999999991,1471.7200000000012,12987.08,13717.33,12748.98,12976.59,22245.4,23134.39,23375.1,21490.76,13235.8,13092.8,12780.0,12637.1,24100.0,23500.0,23400.0,23700.0,13151.13,504.58867654753925,13107.494999999999,421.1364085028349,13035.439999999999,334.55369229554753,22918.296666666665,595.0443420731267,22561.412500000002,863.4333093479889,22435.36625,679.793379762978,13036.199999999999,233.11173286639652,12936.425,275.76727355990636,12971.2625,228.59156300829594,23666.666666666668,378.5938897200199,23675.0,309.56959368344764,23937.5,403.3343171967574,170.11000000000058,0.013098402412243582,-117.12000000000262,-0.005264908700225779,250.60000000000036,0.01893349854183346,-500.0,-0.020746887966805017,8971.089999999998,10113.6,-287.2300000000032,-750.6000000000004
GUI_TOTAL_LOAD_YEARAHEAD_202112312300-202212312300.csv,2022-01-03,2023-01-02,Week 38,38,Poland,PL,13677.4,13293.41,22187.7,23900.0,2023,2026-07-06 20:09:35,2023,1,1,38,winter,1,0,0,0,-0.992708874098054,-0.12053668025532357,-383.9899999999998,-1712.2999999999993,383.9899999999998,1712.2999999999993,13157.19,12987.08,13717.33,12748.98,22128.28,22245.4,23134.39,23375.1,13486.4,13235.8,13092.8,12780.0,23600.0,24100.0,23500.0,23400.0,13287.199999999999,382.0905857254225,13152.645,412.00607103132194,13087.17125,314.31896581284377,22502.69,550.1935487625675,22720.7925,626.1656565358338,22455.2375,666.4155587222392,13271.666666666666,199.23617476077965,13148.749999999998,294.78364382485546,13041.324999999999,290.27513426305325,23733.333333333332,321.45502536643323,23650.0,310.912635102963,23812.5,313.67635732209726,136.21999999999935,0.010353274521383238,59.42000000000189,0.002685251632752461,191.0,0.01416241547039987,300.0,0.012711864406779627,8894.29,10222.6,-76.79999999999745,109.0
GUI_TOTAL_LOAD_YEARAHEAD_202112312300-202212312300.csv,2022-01-03,2023-01-02,Week 39,39,Poland,PL,13689.8,13570.64,22765.19,24100.0,2023,2026-07-06 20:09:35,2023,1,1,39,winter,1,0,0,0,-1.0,-1.8369701987210297e-16,-119.15999999999985,-1334.8100000000013,119.15999999999985,1334.8100000000013,13293.41,13157.19,12987.08,13717.33,22187.7,22128.28,22245.4,23134.39,13677.4,13486.4,13235.8,13092.8,23900.0,23600.0,24100.0,23500.0,13145.893333333333,153.47712609157793,13288.7525,311.99110803301176,13086.55,313.8464329208725,22187.126666666667,58.56210492555213,22423.9425,476.03918160688795,22343.938749999998,620.2879125842591,13466.533333333333,221.46930562339358,13373.1,260.0351001948013,13090.3625,361.69152578051086,23866.666666666668,251.66114784236046,23775.0,275.3785273643082,23762.5,250.35688811888969,277.22999999999956,0.020854694168012555,577.489999999998,0.02602748369592156,12.399999999999636,0.0009066050565165185,200.0,0.008368200836819994,9194.55,10410.2,300.2599999999984,187.60000000000036
GUI_TOTAL_LOAD_YEARAHEAD_202112312300-202212312300.csv,2022-01-03,2023-01-02,Week 40,40,Poland,PL,14201.3,13348.03,23060.58,24200.0,2023,2026-07-06 20:09:35,2023,1,1,40,winter,1,0,0,0,-0.992708874098054,0.1205366802553232,-853.2699999999986,-1139.4199999999983,853.2699999999986,1139.4199999999983,13570.64,13293.41,13157.19,12987.08,22765.19,22187.7,22128.28,22245.4,13689.8,13677.4,13486.4,13235.8,24100.0,23900.0,23600.0,24100.0,13340.413333333332,210.6945908971769,13252.08,246.58856056192008,13151.391249999999,356.3716320856226,22360.39,351.8237685261763,22331.6425,292.96015273689244,22403.896249999998,636.797958605283,13617.866666666667,114.02216158847357,13522.349999999999,212.5114193009787,13174.5875,416.23998035989547,23866.666666666668,251.66114784236046,23925.0,236.29078131263367,23775.0,265.9215781283808,-222.60999999999876,-0.016403795252103004,295.39000000000306,0.012975512174508763,511.5,0.037363584566611596,100.0,0.004149377593360981,9712.550000000001,9998.7,518.0000000000018,-411.5
GUI_TOTAL_LOAD_YEARAHEAD_202112312300-202212312300.csv,2022-01-03,2023-01-02,Week 41,41,Poland,PL,13608.8,13566.06,23189.51,24600.0,2023,2026-07-06 20:09:35,2023,1,1,41,winter,1,0,0,0,-0.9709418174260521,0.23931566428755738,-42.73999999999978,-1410.4900000000016,42.73999999999978,1410.4900000000016,13348.03,13570.64,13293.41,13157.19,23060.58,22765.19,22187.7,22128.28,14201.3,13689.8,13677.4,13486.4,24200.0,24100.0,23900.0,23600.0,13404.026666666667,146.85311788766472,13342.317500000001,172.07356128024534,13224.90625,323.1936103036154,22671.156666666666,443.9724928790776,22535.4375,452.86475364243233,22548.425000000003,638.4311234356967,13856.166666666666,298.95853112648865,13763.724999999999,306.2123160488103,13350.074999999999,518.0032122073671,24066.666666666668,152.75252316519698,23950.0,264.57513110646187,23812.5,304.43155458752,218.02999999999884,0.016334245577811712,128.92999999999665,0.0055909261605733285,-592.5,-0.041721532535753725,400.0,0.016528925619834656,9623.449999999999,10991.2,-89.10000000000218,992.5
GUI_TOTAL_LOAD_YEARAHEAD_202112312300-202212312300.csv,2022-01-03,2023-01-02,Week 42,42,Poland,PL,14468.8,13630.05,23421.18,24900.0,2023,2026-07-06 20:09:35,2023,1,1,42,winter,1,0,0,0,-0.9350162426854148,0.35460488704253557,-838.75,-1478.8199999999997,838.75,1478.8199999999997,13566.06,13348.03,13570.64,13293.41,23189.51,23060.58,22765.19,22187.7,13608.8,14201.3,13689.8,13677.4,24600.0,24200.0,24100.0,23900.0,13494.910000000002,127.22242294499215,13444.535,144.70979844732705,13298.59,325.6793623006926,23005.093333333334,217.53377492524572,22800.745,445.62345184391006,22760.76875,504.9435435609402,13833.299999999997,321.2604083916573,13794.325,273.6452128212289,13471.5375,434.062447572773,24300.0,264.5751311064601,24200.0,294.39202887759694,23925.0,406.2019202318016,63.98999999999978,0.0047169185452518025,231.6700000000019,0.009990293024734198,860.0,0.06319440362118622,300.0,0.012195121951219523,9791.130000000001,10431.2,167.6800000000021,-560.0
GUI_TOTAL_LOAD_YEARAHEAD_202112312300-202212312300.csv,2022-01-03,2023-01-02,Week 43,43,Poland,PL,14647.8,13890.58,23294.18,24800.0,2023,2026-07-06 20:09:35,2023,1,1,43,winter,1,0,0,0,-0.8854560256532101,0.464723172043768,-757.2199999999993,-1505.8199999999997,757.2199999999993,1505.8199999999997,13630.05,13566.06,13348.03,13570.64,23421.18,23189.51,23060.58,22765.19,14468.8,13608.8,14201.3,13689.8,24900.0,24600.0,24200.0,24100.0,13514.713333333333,147.85526785788753,13528.695,123.91960364149662,13408.72375,254.45414001280875,23223.756666666664,182.72305720189036,23109.114999999998,273.549491012645,22766.528749999998,513.1486263239582,14092.966666666665,440.1159884999725,13992.175,412.03223478263385,13682.6375,459.6076212768084,24566.666666666668,351.18845842842495,24450.0,369.6845502136489,24112.5,470.37219305567254,260.53000000000065,0.01911438329279802,-127.0,-0.00542244242177381,179.0,0.012371447528475077,-100.0,-0.004016064257028162,9403.6,10152.2,-387.53000000000065,-279.0
GUI_TOTAL_LOAD_YEARAHEAD_202112312300-202212312300.csv,2022-01-03,2023-01-02,Week 44,44,Poland,PL,14649.7,13389.65,23422.8,25000.0,2023,2026-07-06 20:09:35,2023,1,1,44,winter,1,0,0,0,-0.822983865893657,0.5680647467311548,-1260.050000000001,-1577.2000000000007,1260.050000000001,1577.2000000000007,13890.58,13630.05,13566.06,13348.03,23294.18,23421.18,23189.51,23060.58,14647.8,14468.8,13608.8,14201.3,24800.0,24900.0,24600.0,24200.0,13695.563333333334,171.89329606859863,13608.68,223.36754001719262,13430.38,289.4388779296214,23301.623333333333,116.0142216850918,23241.3625,153.2916780463789,22786.502500000002,532.2664378122868,14241.799999999997,555.452068139074,14231.675,453.97657336765013,13877.012499999999,501.43385958242663,24766.666666666668,152.75252316519428,24625.0,309.5695936834468,24275.0,452.76925690687403,-500.9300000000003,-0.03606256902159599,128.61999999999898,0.005521550876656622,1.9000000000014552,0.00012971231174652154,200.0,0.008064516129032251,10033.15,10350.3,629.5499999999993,198.09999999999854
GUI_TOTAL_LOAD_YEARAHEAD_202112312300-202212312300.csv,2022-01-03,2023-01-02,Week 45,45,Poland,PL,13407.4,13325.18,23488.98,25400.0,2023,2026-07-06 20:09:35,2023,1,1,45,winter,1,0,0,0,-0.7485107481711011,0.6631226582407952,-82.21999999999935,-1911.0200000000004,82.21999999999935,1911.0200000000004,13389.65,13890.58,13630.05,13566.06,23422.8,23294.18,23421.18,23189.51,14649.7,14647.8,14468.8,13608.8,25000.0,24800.0,24900.0,24600.0,13636.76,250.53240169685424,13619.085000000001,207.5908123368314,13480.701249999998,230.31353340535333,23379.38666666667,73.7955834260352,23331.9175,112.44470889407647,22933.677499999998,523.9890502876851,14588.766666666668,103.89852421140507,14343.775,497.2728317198031,14053.75,492.2332141809145,24900.0,99.99999999999865,24825.0,170.7825127659955,24387.5,511.1262075065246,-64.46999999999935,-0.004814913011168986,66.18000000000029,0.002825452123571992,-1242.300000000001,-0.08480037133866225,400.0,0.016000000000000014,10163.8,11992.6,130.64999999999964,1642.300000000001
GUI_TOTAL_LOAD_YEARAHEAD_202112312300-202212312300.csv,2022-01-03,2023-01-02,Week 46,46,Poland,PL,14721.7,13885.2,23622.48,25500.0,2023,2026-07-06 20:09:35,2023,1,1,46,winter,1,0,0,0,-0.6631226582407955,0.7485107481711007,-836.5,-1877.5200000000004,836.5,1877.5200000000004,13325.18,13389.65,13890.58,13630.05,23488.98,23422.8,23294.18,23421.18,13407.4,14649.7,14647.8,14468.8,25400.0,25000.0,24800.0,24900.0,13535.136666666665,309.506167359114,13558.865,257.1280750261729,13501.7,202.59389921716857,23401.986666666664,99.05380423379293,23406.785,81.44446021639091,23103.765,439.189081636308,14234.966666666667,716.6943862856109,14293.425000000001,596.7440008076877,14043.875,505.84539351749953,25066.666666666668,305.5050463303884,25025.0,262.9955639676598,24612.5,511.1262075065246,560.0200000000004,0.042027199632575396,133.5,0.005683516270182931,1314.300000000001,0.09802795471157721,100.0,0.003937007874015741,9737.279999999999,10778.3,-426.52000000000044,-1214.300000000001
GUI_TOTAL_LOAD_YEARAHEAD_202112312300-202212312300.csv,2022-01-03,2023-01-02,Week 47,47,Poland,PL,14969.4,14595.58,25581.79,26100.0,2023,2026-07-06 20:09:35,2023,1,1,47,winter,1,0,0,0,-0.5680647467311559,0.8229838658936564,-373.8199999999997,-518.2099999999991,373.8199999999997,518.2099999999991,13885.2,13325.18,13389.65,13890.58,23622.48,23488.98,23422.8,23294.18,14721.7,13407.4,14649.7,14647.8,25500.0,25400.0,25000.0,24800.0,13533.343333333332,306.4170860662443,13622.6525,307.40656481549917,13575.67375,222.71718658027152,23511.42,101.71376897864961,23457.109999999997,136.73123856653498,23283.1125,273.280417716175,14259.6,738.9043442827873,14356.65,633.7674889105347,14174.4125,531.8403934519843,25300.0,264.5751311064575,25175.0,330.4037933599844,24812.5,505.50540480366504,710.3799999999992,0.05116094834788121,1959.3100000000013,0.08294260382483132,247.6999999999989,0.016825502489522304,600.0,0.0235294117647058,10986.210000000001,11130.6,1248.930000000002,352.3000000000011
GUI_TOTAL_LOAD_YEARAHEAD_202112312300-202212312300.csv,2022-01-03,2023-01-02,Week 48,48,Poland,PL,14526.4,15367.01,26521.86,26600.0,2023,2026-07-06 20:09:35,2023,1,1,48,winter,1,0,0,0,-0.4647231720437684,0.88545602565321,840.6100000000006,-78.13999999999942,840.6100000000006,78.13999999999942,14595.58,13885.2,13325.18,13389.65,25581.79,23622.48,23488.98,23422.8,14969.4,14721.7,13407.4,14649.7,26100.0,25500.0,25400.0,25000.0,13935.32,636.6812788200947,13798.9025,587.0953679698611,13703.79125,423.60549134570124,24231.083333333332,1171.649238054248,24029.0125,1038.511006886751,23635.1875,805.9418088662358,14366.166666666666,839.5022116309814,14437.050000000001,699.957448706679,14334.3625,557.0923568917124,25666.666666666668,378.59388972001665,25500.0,454.60605656619583,25062.5,590.2481318419062,771.4300000000003,0.05285367213909975,940.0699999999997,0.03674762399347342,-443.0,-0.02959370449049392,500.0,0.019157088122605304,11154.85,12073.6,168.63999999999942,943.0
GUI_TOTAL_LOAD_YEARAHEAD_202112312300-202212312300.csv,2022-01-03,2023-01-02,Week 49,49,Poland,PL,15815.5,15481.43,26537.04,26900.0,2023,2026-07-06 20:09:35,2023,1,1,49,winter,1,0,0,0,-0.35460488704253595,0.9350162426854147,-334.0699999999997,-362.9599999999991,334.0699999999997,362.9599999999991,15367.01,14595.58,13885.2,13325.18,26521.86,25581.79,23622.48,23488.98,14526.4,14969.4,14721.7,13407.4,26600.0,26100.0,25500.0,25400.0,14615.93,741.1145733960334,14293.2425,884.6898314616648,13956.16375,695.5251663709794,25242.043333333335,1479.2470869442313,24803.7775,1492.3434788361978,24067.8475,1256.5225444711784,14739.166666666666,222.0159078384008,14406.225,690.1168904612925,14375.0,557.8562001089713,26066.666666666668,550.7570547286084,25900.0,559.7618541248889,25362.5,690.6260100186561,114.42000000000007,0.007445820624832011,15.180000000000291,0.000572358047286281,1289.1000000000004,0.08874187685868495,300.0,0.011278195488721776,11055.61,11084.5,-99.23999999999978,-989.1000000000004
GUI_TOTAL_LOAD_YEARAHEAD_202112312300-202212312300.csv,2022-01-03,2023-01-02,Week 50,50,Poland,PL,15606.5,15691.13,26012.09,27200.0,2023,2026-07-06 20:09:35,2023,1,1,50,winter,1,0,0,0,-0.2393156642875578,0.970941817426052,84.6299999999992,-1187.9099999999999,84.6299999999992,1187.9099999999999,15481.43,15367.01,14595.58,13885.2,26537.04,26521.86,25581.79,23622.48,15815.5,14526.4,14969.4,14721.7,26900.0,26600.0,26100.0,25500.0,15148.006666666668,481.824034926977,14832.305,743.9353263333253,14195.585000000001,853.7281867031519,26213.563333333335,547.1843991132181,25565.7925,1370.4143124708373,24486.28875,1462.709449416584,15103.766666666668,654.9698491788085,15008.25,567.8768088238444,14650.8375,660.9205678175781,26533.333333333332,404.14518843273544,26275.0,613.0524719249837,25650.0,798.2122882685156,209.6999999999989,0.01354526035385617,-524.9500000000007,-0.019781784253255053,-209.0,-0.013214884132654703,300.0,0.011152416356877248,10320.960000000001,11593.5,-734.6499999999996,509.0
GUI_TOTAL_LOAD_YEARAHEAD_202112312300-202212312300.csv,2022-01-03,2023-01-02,Week 51,51,Poland,PL,16639.5,16422.93,27211.43,27100.0,2023,2026-07-06 20:09:35,2023,1,1,51,winter,1,0,0,0,-0.12053668025532363,0.992708874098054,-216.5699999999997,111.43000000000029,216.5699999999997,111.43000000000029,15691.13,15481.43,15367.01,14595.58,26012.09,26537.04,26521.86,25581.79,15606.5,15815.5,14526.4,14969.4,27200.0,26900.0,26600.0,26100.0,15513.19,164.3775130605638,15283.7875,478.03278049209837,14453.220000000001,962.7179814314536,26356.996666666662,298.7943517419289,26163.195,457.99023326549,24810.152500000004,1479.9200514386202,15316.133333333333,691.866535780791,15229.45,590.9107687854538,14793.05,734.4648177901067,26900.0,299.99999999999716,26700.0,469.0415759823431,25937.5,897.5164144937498,731.8000000000011,0.04663781384769616,1199.3400000000001,0.04610702177333703,1033.0,0.06619036939736644,-100.0,-0.003676470588235281,10788.5,10460.5,467.53999999999905,-1133.0
GUI_TOTAL_LOAD_YEARAHEAD_202112312300-202212312300.csv,2022-01-03,2023-01-02,Week 52,52,Poland,PL,14501.9,12683.7,26763.84,27200.0,2023,2026-07-06 20:09:35,2023,1,1,52,winter,1,0,0,0,6.432490598706546e-16,1.0,-1818.199999999999,-436.15999999999985,1818.199999999999,436.15999999999985,16422.93,15691.13,15481.43,15367.01,27211.43,26012.09,26537.04,26521.86,16639.5,15606.5,15815.5,14526.4,27100.0,27200.0,26900.0,26600.0,15865.163333333332,494.28864374301304,15740.625,474.2573437491589,14769.76375,1149.495263868183,26586.853333333333,601.2197061248535,26570.605,491.968281531688,25299.80875,1552.9234447366105,16020.5,546.1602328987193,15646.975,870.0254991473577,15042.0125,976.0336212556705,27066.666666666668,152.75252316518896,26950.0,264.57513110645925,26225.0,848.107136089372,-3739.2299999999996,-0.22768348887805034,-447.59000000000015,-0.016448602664395073,-2137.6000000000004,-0.1284653985997175,100.0,0.0036900369003689537,14080.14,12698.1,3291.6399999999994,2237.6000000000004
GUI_TOTAL_LOAD_YEARAHEAD_202112312300-202212312300.csv,2022-01-03,2023-01-02,Week 53,53,Poland,PL,12664.3,11454.2,21867.99,26100.0,2023,2026-07-06 20:09:35,2023,1,1,53,winter,1,0,0,0,0.12053668025532314,0.992708874098054,-1210.0999999999985,-4232.009999999998,1210.0999999999985,4232.009999999998,12683.7,16422.93,15691.13,15481.43,26763.84,27211.43,26012.09,26537.04,14501.9,16639.5,15606.5,15815.5,27200.0,27100.0,27200.0,26900.0,14932.586666666664,1981.6662785729864,15069.7975,1641.130122067821,14681.52,1289.187333300666,26662.453333333335,606.0639826229961,26631.1,498.8064020571928,25717.43875,1419.5525298330826,15582.633333333333,1068.9998378546716,15640.85,880.5663840203129,15023.537499999999,985.8696826913935,27166.666666666668,57.73502691894587,27100.0,141.42135623730928,26500.0,744.5036697597377,-1229.5,-0.09693543682048611,-4895.8499999999985,-0.18292778614727923,-1837.6000000000004,-0.126714430522897,-1100.0,-0.0404411764705882,10413.79,13435.7,-3666.3499999999985,737.6000000000004
GUI_TOTAL_LOAD_YEARAHEAD_202212312300-202312312300.csv,2023-01-02,2024-01-01,Week 1,1,Poland,PL,13194.6,12463.01,23544.26,27000.0,2024,2026-07-06 20:09:35,2024,1,1,1,winter,1,0,0,0,0.12053668025532305,0.992708874098054,-731.5900000000001,-3455.7400000000016,731.5900000000001,3455.7400000000016,11454.2,12683.7,16422.93,15691.13,21867.99,26763.84,27211.43,26012.09,12664.3,14501.9,16639.5,15606.5,26100.0,27200.0,27100.0,27200.0,13520.276666666667,2587.849462900289,14062.99,2375.4566460226847,14447.6475,1680.6628487912635,25281.08666666667,2964.2884211953783,25463.8375,2447.773552508124,25514.815,1837.2993340615433,14601.9,1989.4858029149082,14853.05,1700.2963849478188,14930.65,1176.4747389674794,26800.0,608.2762530298204,26900.0,535.4126134736339,26587.5,628.9163014946556,1008.8099999999995,0.08807337046672825,1676.2699999999968,0.07665405005215375,530.3000000000011,0.04187361322773464,900.0,0.034482758620689724,11081.249999999998,13805.4,667.4599999999973,369.6999999999989
GUI_TOTAL_LOAD_YEARAHEAD_202212312300-202312312300.csv,2023-01-02,2024-01-01,Week 2,2,Poland,PL,15598.6,13533.16,24318.59,27100.0,2024,2026-07-06 20:09:35,2024,1,1,2,winter,1,0,0,0,0.23931566428755774,0.970941817426052,-2065.4400000000005,-2781.41,2065.4400000000005,2781.41,12463.01,11454.2,12683.7,16422.93,23544.26,21867.99,26763.84,27211.43,13194.6,12664.3,14501.9,16639.5,27000.0,26100.0,27200.0,27100.0,12200.303333333335,655.4987849213152,13255.960000000001,2178.0946787349135,14269.87375,1818.2410670671982,24058.696666666667,2488.1359726978585,24846.88,2571.409266051059,25505.037500000002,1848.979346263034,13453.6,945.7823163920801,14250.075,1770.2615143437504,14739.7625,1329.1971195720355,26766.666666666668,585.9465277082297,26850.0,506.6228051190223,26775.0,459.0362575159922,1070.1499999999996,0.08586609494817066,774.3300000000017,0.032888270856676005,2404.0,0.18219574674488048,100.0,0.0037037037037037646,10785.43,11501.4,-295.8199999999979,-2304.0
GUI_TOTAL_LOAD_YEARAHEAD_202212312300-202312312300.csv,2023-01-02,2024-01-01,Week 3,3,Poland,PL,15994.3,15115.88,25876.31,27400.0,2024,2026-07-06 20:09:35,2024,1,1,3,winter,1,0,0,0,0.3546048870425356,0.9350162426854148,-878.4200000000001,-1523.6899999999987,878.4200000000001,1523.6899999999987,13533.16,12463.01,11454.2,12683.7,24318.59,23544.26,21867.99,26763.84,15598.6,13194.6,12664.3,14501.9,27100.0,27000.0,26100.0,27200.0,12483.456666666667,1039.630809486386,12533.5175,854.7392359612851,14137.07125,1829.8155489356857,23243.61333333333,1252.6577360289596,24123.67,2035.706236649396,25347.1375,1894.8569416166965,13819.166666666666,1563.6789195142674,13989.85,1321.5870673802133,14818.4125,1362.9137258488406,26733.333333333332,550.757054728609,26850.0,506.6228051190223,26900.0,377.96447300923046,1582.7199999999993,0.11695125159238495,1557.7200000000012,0.0640547005397929,395.6999999999989,0.025367661200364156,300.0,0.011070110701107083,10760.430000000002,11405.7,-24.99999999999818,-95.69999999999891
GUI_TOTAL_LOAD_YEARAHEAD_202212312300-202312312300.csv,2023-01-02,2024-01-01,Week 4,4,Poland,PL,16189.4,15370.59,25794.13,26900.0,2024,2026-07-06 20:09:35,2024,1,1,4,winter,1,0,0,0,0.4647231720437685,0.8854560256532099,-818.8099999999995,-1105.869999999999,818.8099999999995,1105.869999999999,15115.88,13533.16,12463.01,11454.2,25876.31,24318.59,23544.26,21867.99,15994.3,15598.6,13194.6,12664.3,27400.0,27100.0,27000.0,26100.0,13704.016666666668,1334.6624328395967,13141.5625,1566.195378879982,14105.68,1807.7218716858652,24579.72,1187.7524819168912,23901.787500000002,1666.9954620288904,25266.44375,1850.9201779805296,14929.166666666666,1515.1520594756528,14362.949999999999,1677.1590353928755,15001.9,1415.770137719104,27166.666666666668,208.16659994661094,26900.0,559.761854124889,27000.0,392.7922024247896,254.71000000000095,0.0168504910068088,-82.18000000000029,-0.0031758778589373593,195.10000000000036,0.012198095571547496,-500.0,-0.018248175182481785,10423.54,10710.6,-336.89000000000124,-695.1000000000004
GUI_TOTAL_LOAD_YEARAHEAD_202212312300-202312312300.csv,2023-01-02,2024-01-01,Week 5,5,Poland,PL,15093.8,15608.76,25520.99,27000.0,2024,2026-07-06 20:09:35,2024,1,1,5,winter,1,0,0,0,0.5680647467311558,0.8229838658936564,514.960000000001,-1479.0099999999984,514.960000000001,1479.0099999999984,15370.59,15115.88,13533.16,12463.01,25794.13,25876.31,24318.59,23544.26,16189.4,15994.3,15598.6,13194.6,26900.0,27400.0,27100.0,27000.0,14673.21,995.4922389953493,14120.66,1371.8293899996,14091.825,1796.0584668736678,25329.676666666666,876.5903112246846,24883.322500000002,1144.2036026096587,25173.58,1795.8836693235364,15927.433333333334,301.0224631706399,15244.225,1388.3458463821664,15048.6375,1452.1693977706102,27133.333333333332,251.6611478423557,27100.0,216.02468994692873,27000.0,392.7922024247896,238.17000000000007,0.015495176177362069,-273.1399999999994,-0.010589230960687535,-1095.6000000000004,-0.06767391008931778,100.0,0.0037174721189590088,9912.230000000001,11906.2,-511.3099999999995,1195.6000000000004
GUI_TOTAL_LOAD_YEARAHEAD_202212312300-202312312300.csv,2023-01-02,2024-01-01,Week 6,6,Poland,PL,15320.1,15318.84,25888.86,27700.0,2024,2026-07-06 20:09:35,2024,1,1,6,winter,1,0,0,0,0.6631226582407952,0.7485107481711011,-1.2600000000002183,-1811.1399999999994,1.2600000000002183,1811.1399999999994,15608.76,15370.59,15115.88,13533.16,25520.99,25794.13,25876.31,24318.59,15093.8,16189.4,15994.3,15598.6,27000.0,26900.0,27400.0,27100.0,15365.076666666668,246.4862495826199,14907.0975,937.807717974037,14081.52875,1785.787114335526,25730.47666666667,186.01582118988281,25377.505,722.0968866432821,25112.192499999997,1771.3527664693668,15759.166666666666,584.4233083419224,15719.025000000001,483.88615999351947,14984.55,1435.2472728717312,27100.0,264.57513110645664,27100.0,216.02468994692873,26975.0,384.52196667699684,-289.9200000000001,-0.018574185265197274,367.869999999999,0.014414409472359724,226.3000000000011,0.014992910996568298,700.0,0.025925925925925908,10570.02,12379.9,657.789999999999,473.6999999999989
GUI_TOTAL_LOAD_YEARAHEAD_202212312300-202312312300.csv,2023-01-02,2024-01-01,Week 7,7,Poland,PL,15303.4,14396.15,24306.9,26900.0,2024,2026-07-06 20:09:35,2024,1,1,7,winter,1,0,0,0,0.7485107481711011,0.6631226582407953,-907.25,-2593.0999999999985,907.25,2593.0999999999985,15318.84,15608.76,15370.59,15115.88,25888.86,25520.99,25794.13,25876.31,15320.1,15093.8,16189.4,15994.3,27700.0,27000.0,26900.0,27400.0,15432.730000000001,154.6267645007542,15353.5175,202.578638619677,13943.5175,1613.3218525297477,25734.660000000003,191.0094105001438,25770.0725,171.28702195900982,24946.87125,1600.9639846706718,15534.433333333332,578.3933984178204,15649.4,525.2573527963299,14819.625,1285.9501987135639,27200.0,435.88989435406586,27250.0,369.6845502136473,27050.0,462.91004988627844,-922.6900000000005,-0.06023236746385496,-1581.9599999999991,-0.06110581925971248,-16.700000000000728,-0.0010900712136344692,-800.0,-0.028880866425992746,9910.750000000002,11596.6,-659.2699999999986,-783.2999999999993
GUI_TOTAL_LOAD_YEARAHEAD_202212312300-202312312300.csv,2023-01-02,2024-01-01,Week 8,8,Poland,PL,14751.2,14838.38,23888.04,27000.0,2024,2026-07-06 20:09:35,2024,1,1,8,winter,1,0,0,0,0.8229838658936564,0.5680647467311559,87.17999999999847,-3111.959999999999,87.17999999999847,3111.959999999999,14396.15,15318.84,15608.76,15370.59,24306.9,25888.86,25520.99,25794.13,15303.4,15320.1,15093.8,16189.4,26900.0,27700.0,27000.0,26900.0,15107.916666666666,633.2236906759782,15173.585000000001,533.4455438936603,14157.57375,1533.9411061700623,25238.916666666668,827.8426084908886,25377.72,730.717262466535,24639.75375,1429.0465479466673,15239.1,126.11022956120723,15476.675,486.17902995358673,14919.8125,1288.879036147867,27200.0,435.88989435406586,27125.0,386.22100754188233,27012.5,461.17087009976456,442.22999999999956,0.030718629633617267,-418.8600000000006,-0.01723214395912276,-552.1999999999989,-0.036083484715814684,100.0,0.0037174721189590088,9049.660000000002,12248.8,-861.0900000000001,652.1999999999989
GUI_TOTAL_LOAD_YEARAHEAD_202212312300-202312312300.csv,2023-01-02,2024-01-01,Week 9,9,Poland,PL,15591.7,15109.15,24877.14,26700.0,2024,2026-07-06 20:09:35,2024,1,1,9,winter,1,0,0,0,0.8854560256532099,0.4647231720437686,-482.5500000000011,-1822.8600000000006,482.5500000000011,1822.8600000000006,14838.38,14396.15,15318.84,15608.76,23888.04,24306.9,25888.86,25520.99,14751.2,15303.4,15320.1,15093.8,27000.0,26900.0,27700.0,27000.0,14851.123333333331,461.4769803937223,15040.5325,534.3007879072773,14580.596249999999,1081.963192811216,24694.600000000002,1055.2505084574589,24901.1975,955.5622420464933,24892.260000000002,975.9641591194867,15124.9,323.74139370797144,15117.125,264.7907271159902,15180.675,927.7594958516383,27200.0,435.88989435406586,27150.0,369.6845502136473,27125.0,281.5771906346765,270.77000000000044,0.01824794890008219,989.0999999999985,0.0414056573917323,840.5,0.05697841531536407,-300.0,-0.011111111111111072,9767.99,11108.3,718.3299999999981,-1140.5
GUI_TOTAL_LOAD_YEARAHEAD_202212312300-202312312300.csv,2023-01-02,2024-01-01,Week 10,10,Poland,PL,16068.4,15176.48,24715.68,25800.0,2024,2026-07-06 20:09:35,2024,1,1,10,winter,1,0,0,0,0.9350162426854148,0.35460488704253557,-891.9200000000001,-1084.3199999999997,891.9200000000001,1084.3199999999997,15109.15,14838.38,14396.15,15318.84,24877.14,23888.04,24306.9,25888.86,15591.7,14751.2,15303.4,15320.1,26700.0,27000.0,26900.0,27700.0,14781.226666666667,359.9196127377721,14915.63,398.26930896903275,14911.36375,667.0244033003936,24357.36,496.47694931362423,24740.235,866.429052663818,25058.87,813.1592496290305,15215.433333333334,427.0991258868526,15241.599999999999,352.62995713157113,15480.3125,467.72250148233167,26866.666666666668,152.75252316519098,27075.0,434.9329450233297,27087.5,318.1980515339505,67.32999999999993,0.00445624009292378,-161.45999999999913,-0.006490295910221211,476.6999999999989,0.030573959221893654,-900.0,-0.0337078651685393,9539.2,9731.6,-228.78999999999905,-1376.699999999999
GUI_TOTAL_LOAD_YEARAHEAD_202212312300-202312312300.csv,2023-01-02,2024-01-01,Week 11,11,Poland,PL,15567.7,14268.85,24114.43,25600.0,2024,2026-07-06 20:09:35,2024,1,1,11,winter,1,0,0,0,0.970941817426052,0.23931566428755804,-1298.8500000000004,-1485.5699999999997,1298.8500000000004,1485.5699999999997,15176.48,15109.15,14838.38,14396.15,24715.68,24877.14,23888.04,24306.9,16068.4,15591.7,14751.2,15303.4,25800.0,26700.0,27000.0,26900.0,15041.336666666664,178.96057843364818,14880.04,354.1436400671402,15116.77875,367.95367602219864,24493.62,530.6248064308209,24446.940000000002,443.19808934597273,25108.506250000002,772.6254494521781,15470.433333333334,666.9206574498304,15428.675,550.9057473832936,15539.0375,512.0848616545381,26500.0,624.4997998398389,26600.0,547.7225575051667,26925.0,554.848756741101,-907.6299999999992,-0.05980504043098267,-601.25,-0.024326662264602894,-500.6999999999989,-0.031160538697069917,-200.0,-0.007751937984496138,9845.58,10032.3,306.3799999999992,300.6999999999989
GUI_TOTAL_LOAD_YEARAHEAD_202212312300-202312312300.csv,2023-01-02,2024-01-01,Week 12,12,Poland,PL,14904.8,13737.79,23454.44,25700.0,2024,2026-07-06 20:09:35,2024,1,1,12,winter,1,0,0,0,0.992708874098054,0.120536680255323,-1167.0099999999984,-2245.5600000000013,1167.0099999999984,2245.5600000000013,14268.85,15176.48,15109.15,14838.38,24114.43,24715.68,24877.14,23888.04,15567.7,16068.4,15591.7,14751.2,25600.0,25800.0,26700.0,27000.0,14851.493333333334,505.7057174220069,14848.215,412.9590435301509,15010.9,474.6471220963202,24569.083333333332,401.93229906673383,24398.8225,472.9214742691657,24888.27125,773.6082384780829,15742.6,282.4061437008442,15494.750000000002,546.7058715616147,15485.7125,479.05047284784825,26033.333333333332,585.9465277082303,26275.0,680.0735254367727,26700.0,684.5227743263416,-531.0599999999995,-0.037218136009559255,-659.9900000000016,-0.02736908979395336,-662.9000000000015,-0.04258175581492463,100.0,0.00390625,9716.649999999998,10795.2,-128.9300000000021,762.9000000000015
GUI_TOTAL_LOAD_YEARAHEAD_202212312300-202312312300.csv,2023-01-02,2024-01-01,Week 13,13,Poland,PL,14901.5,13828.89,23567.31,25300.0,2024,2026-07-06 20:09:35,2024,1,1,13,winter,1,0,0,0,1.0,-1.6081226496766366e-16,-1072.6100000000006,-1732.6899999999987,1072.6100000000006,1732.6899999999987,13737.79,14268.85,15176.48,15109.15,23454.44,24114.43,24715.68,24877.14,14904.8,15567.7,16068.4,15591.7,25700.0,25600.0,25800.0,26700.0,14394.373333333335,727.512411875777,14573.067500000001,693.2358620448048,14806.8,625.0950704378852,24094.849999999995,630.8479346877499,24290.4225,646.7666932453998,24595.81,822.9139221606241,15513.633333333333,583.6811144223493,15533.15,478.16945741017906,15325.137499999999,421.2963122062698,25700.0,99.99999999998953,25950.0,506.62280511902236,26550.0,761.5773105863929,91.09999999999854,0.00663134317819658,112.87000000000262,0.004812308458441272,-3.2999999999992724,-0.00022140518490687544,-400.0,-0.015564202334630295,9738.420000000002,10398.5,21.770000000004075,-396.7000000000007
GUI_TOTAL_LOAD_YEARAHEAD_202212312300-202312312300.csv,2023-01-02,2024-01-01,Week 14,14,Poland,PL,15350.9,12566.74,23886.59,25200.0,2024,2026-07-06 20:09:35,2024,1,1,14,winter,1,0,0,0,0.992708874098054,-0.12053668025532288,-2784.16,-1313.4099999999999,2784.16,1313.4099999999999,13828.89,13737.79,14268.85,15176.48,23567.31,23454.44,24114.43,24715.68,14901.5,14904.8,15567.7,16068.4,25300.0,25700.0,25600.0,25800.0,13945.176666666666,283.986130881977,14253.0025,657.8695841059013,14584.31625,615.558156007061,23712.06,353.00300551106847,23962.965,578.6945285438513,24351.600000000002,798.664714901452,15124.666666666666,383.6816692693511,15360.599999999999,566.3914135412713,15301.1,441.3879666947076,25533.333333333332,208.16659994660773,25600.0,216.02468994692921,26337.5,850.1050355271252,-1262.1499999999996,-0.0912690751029186,319.27999999999884,0.013547579252787045,449.39999999999964,0.030158037781431446,-100.0,-0.0039525691699604515,11319.85,9849.1,1581.4299999999985,-549.3999999999996
GUI_TOTAL_LOAD_YEARAHEAD_202212312300-202312312300.csv,2023-01-02,2024-01-01,Week 15,15,Poland,PL,14957.4,12233.08,22484.08,25300.0,2024,2026-07-06 20:09:35,2024,1,1,15,winter,1,0,0,0,0.9709418174260521,-0.2393156642875575,-2724.3199999999997,-2815.9199999999983,2724.3199999999997,2815.9199999999983,12566.74,13828.89,13737.79,14268.85,23886.59,23567.31,23454.44,24114.43,15350.9,14901.5,14904.8,15567.7,25200.0,25300.0,25700.0,25600.0,13377.806666666665,703.8797168787576,13600.5675,727.1776440629944,14240.30375,864.9289721447536,23636.11333333333,224.14020084132628,23755.692499999997,301.1465780838166,24101.31625,509.47979578441044,15052.4,258.5138487585955,15181.225,333.0712573908883,15304.95,441.71157687215793,25400.0,264.5751311064546,25450.0,238.04761428476178,26025.0,728.5013971944655,-333.65999999999985,-0.026551038694203943,-1402.5099999999984,-0.05871537126061099,-393.5,-0.02563367620139534,100.0,0.003968253968253954,10251.000000000002,10342.6,-1068.8499999999985,493.5
GUI_TOTAL_LOAD_YEARAHEAD_202212312300-202312312300.csv,2023-01-02,2024-01-01,Week 16,16,Poland,PL,12802.8,12711.96,22757.43,24500.0,2024,2026-07-06 20:09:35,2024,1,1,16,winter,1,0,0,0,0.9350162426854148,-0.35460488704253545,-90.84000000000015,-1742.5699999999997,90.84000000000015,1742.5699999999997,12233.08,12566.74,13828.89,13737.79,22484.08,23886.59,23567.31,23454.44,14957.4,15350.9,14901.5,14904.8,25300.0,25200.0,25300.0,25700.0,12876.236666666666,841.7205765771214,13091.625,811.1088434359518,13969.92,1112.0454152339628,23312.660000000003,735.1146454124664,23348.105000000003,604.3903981422893,23873.463750000003,753.5479842705565,15069.933333333332,244.92428081616427,15028.65,216.35431588010462,15261.7,458.50501165670664,25266.666666666668,57.7350269189419,25375.0,221.73557826083461,25825.0,671.352579286241,478.8799999999992,0.039146314746572264,273.34999999999854,0.012157490989179731,-2154.6000000000004,-0.1440490994424165,-800.0,-0.031620553359683834,10045.470000000001,11697.2,-205.53000000000065,1354.6000000000004
GUI_TOTAL_LOAD_YEARAHEAD_202212312300-202312312300.csv,2023-01-02,2024-01-01,Week 17,17,Poland,PL,14678.8,12706.69,22269.08,24200.0,2024,2026-07-06 20:09:35,2024,1,1,17,winter,1,0,0,0,0.8854560256532099,-0.4647231720437685,-1972.1099999999988,-1930.9199999999983,1972.1099999999988,1930.9199999999983,12711.96,12233.08,12566.74,13828.89,22757.43,22484.08,23886.59,23567.31,12802.8,14957.4,15350.9,14901.5,24500.0,25300.0,25200.0,25300.0,12503.926666666666,245.54154380333134,12835.1675,692.1529636997448,13704.1175,1128.8140348392276,23042.7,743.5003730328123,23173.8525,661.3111593581315,23732.1375,850.2416416819351,14370.366666666667,1371.7359451925543,14503.15,1151.071380642089,15018.15,984.3514224387408,25000.0,435.88989435406467,25075.0,386.2210075418828,25512.5,626.6407036161748,-5.269999999998618,-0.0004145702157651865,-488.34999999999854,-0.021458925722280475,1876.0,0.14653044646483582,-300.0,-0.01224489795918371,9562.390000000001,9521.2,-483.0799999999999,-2176.0
GUI_TOTAL_LOAD_YEARAHEAD_202212312300-202312312300.csv,2023-01-02,2024-01-01,Week 18,18,Poland,PL,13339.1,12237.03,20292.45,23400.0,2024,2026-07-06 20:09:35,2024,1,1,18,winter,1,0,0,0,0.8229838658936565,-0.5680647467311557,-1102.0699999999997,-3107.5499999999993,1102.0699999999997,3107.5499999999993,12706.69,12711.96,12233.08,12566.74,22269.08,22757.43,22484.08,23886.59,14678.8,12802.8,14957.4,15350.9,24200.0,24500.0,25300.0,25200.0,12550.576666666666,274.9728045340543,12554.6175,224.6597623630164,13403.810000000001,1015.5094718556717,22503.53,244.7553012704779,22849.295000000002,719.8267239875133,23406.13,848.4974406561062,14146.333333333334,1171.842930316733,14447.475,1130.585003069923,14904.037499999999,961.0009349445577,24666.666666666668,568.624070307731,24800.0,535.412613473634,25200.0,570.7138387268076,-469.65999999999985,-0.03696163202218672,-1976.630000000001,-0.08876118815864875,-1339.699999999999,-0.09126767855683016,-800.0,-0.03305785123966942,8055.42,10060.9,-1506.9700000000012,539.6999999999989
GUI_TOTAL_LOAD_YEARAHEAD_202212312300-202312312300.csv,2023-01-02,2024-01-01,Week 19,19,Poland,PL,13169.5,12501.1,21147.94,23400.0,2024,2026-07-06 20:09:35,2024,1,1,19,winter,1,0,0,0,0.7485107481711013,-0.663122658240795,-668.3999999999996,-2252.0600000000013,668.3999999999996,2252.0600000000013,12237.03,12706.69,12711.96,12233.08,20292.45,22269.08,22757.43,22484.08,13339.1,14678.8,12802.8,14957.4,23400.0,24200.0,24500.0,25300.0,12551.893333333333,272.6923765588666,12472.19,273.8331125582521,13036.37875,789.0126980408195,21772.986666666668,1305.2252857776848,21950.76,1123.4569254166354,22853.22625,1229.05868936858,13606.9,966.2461539379962,13944.525,1038.4525261978135,14562.875,972.9787925306027,24033.333333333332,568.624070307731,24350.0,785.281265959317,24900.0,796.4205637009362,264.0699999999997,0.02157958262748383,855.489999999998,0.042158044001586736,-169.60000000000036,-0.012714500978326937,0.0,0.0,8646.839999999998,10230.5,591.4199999999983,169.60000000000036
GUI_TOTAL_LOAD_YEARAHEAD_202212312300-202312312300.csv,2023-01-02,2024-01-01,Week 20,20,Poland,PL,12937.1,12097.94,22400.36,23800.0,2024,2026-07-06 20:09:35,2024,1,1,20,winter,1,0,0,0,0.6631226582407952,-0.7485107481711012,-839.1599999999999,-1399.6399999999994,839.1599999999999,1399.6399999999994,12501.1,12237.03,12706.69,12711.96,21147.94,20292.45,22269.08,22757.43,13169.5,13339.1,14678.8,12802.8,23400.0,23400.0,24200.0,24500.0,12481.606666666667,235.43602407729142,12539.195,224.09613747974387,12815.41,625.0380233005324,21236.49,991.2857136568562,21616.725,1110.59122316296,22482.415,1241.6265405737024,13729.133333333333,826.7956962474486,13497.55,818.6884490858671,14263.1,988.4847220439503,23666.666666666668,461.8802153516983,23875.0,561.9905100029125,24625.0,894.0278039779954,-403.15999999999985,-0.032249962003343735,1252.420000000002,0.05922184382970652,-232.39999999999964,-0.0176468354910968,400.0,0.017094017094017033,10302.42,10862.9,1655.5800000000017,632.3999999999996
GUI_TOTAL_LOAD_YEARAHEAD_202212312300-202312312300.csv,2023-01-02,2024-01-01,Week 21,21,Poland,PL,12711.3,11824.45,20997.48,23400.0,2024,2026-07-06 20:09:35,2024,1,1,21,winter,1,0,0,0,0.5680647467311558,-0.8229838658936564,-886.8499999999985,-2402.5200000000004,886.8499999999985,2402.5200000000004,12097.94,12501.1,12237.03,12706.69,22400.36,21147.94,20292.45,22269.08,12937.1,13169.5,13339.1,14678.8,23800.0,23400.0,23400.0,24200.0,12278.69,204.78321000509027,12385.69,271.5758495644884,12610.42875,542.8164051220714,21280.25,1060.1653616772132,21527.4575,996.8683906572621,22350.655,1178.0413590483297,13148.566666666666,201.81588969479324,13531.125,782.6599618182142,14017.1375,1048.9607795167094,23533.333333333332,230.94010767585084,23700.0,382.97084310253604,24387.5,816.6788142925519,-273.4899999999998,-0.022606328019481037,-1402.880000000001,-0.06262756491413535,-225.8000000000011,-0.017453679727295945,-400.0,-0.01680672268907568,9173.029999999999,10688.7,-1129.3900000000012,-174.1999999999989
GUI_TOTAL_LOAD_YEARAHEAD_202212312300-202312312300.csv,2023-01-02,2024-01-01,Week 22,22,Poland,PL,12936.8,11731.24,20281.05,23500.0,2024,2026-07-06 20:09:35,2024,1,1,22,winter,1,0,0,0,0.46472317204376906,-0.8854560256532096,-1205.5599999999995,-3218.9500000000007,1205.5599999999995,3218.9500000000007,11824.45,12097.94,12501.1,12237.03,20997.48,22400.36,21147.94,20292.45,12711.3,12937.1,13169.5,13339.1,23400.0,23800.0,23400.0,23400.0,12141.163333333336,340.3894799098839,12165.130000000001,282.0300275975479,12359.87375,314.74249365553356,21515.26,770.2019607870026,21209.5575,877.0918505445118,22029.42625,1148.900096265139,12939.300000000001,229.10792216762675,13039.25,273.77661818830546,13743.3625,1070.762315812571,23533.333333333332,230.94010767585084,23500.0,200.00000000000088,24150.0,789.2129895390383,-93.21000000000095,-0.007882819074037317,-716.4300000000003,-0.03411980866275388,225.5,0.017740120994705455,100.0,0.004273504273504258,8549.81,10563.2,-623.2199999999993,-125.5
GUI_TOTAL_LOAD_YEARAHEAD_202212312300-202312312300.csv,2023-01-02,2024-01-01,Week 23,23,Poland,PL,12664.9,11469.16,20587.44,23900.0,2024,2026-07-06 20:09:35,2024,1,1,23,winter,1,0,0,0,0.35460488704253584,-0.9350162426854147,-1195.7399999999998,-3312.5600000000013,1195.7399999999998,3312.5600000000013,11731.24,11824.45,12097.94,12501.1,20281.05,20997.48,22400.36,21147.94,12936.8,12711.3,12937.1,13169.5,23500.0,23400.0,23800.0,23400.0,11884.543333333335,190.59283573450503,12038.682499999999,345.32972189634535,12255.436249999999,370.05194156409954,21226.296666666665,1078.0243592950567,21206.7075,881.0746967718445,21578.73375,1015.7736319241044,12861.733333333332,130.27917459556022,12938.675,187.07001140382079,13441.6,875.3452347502728,23566.666666666668,208.1665999466143,23525.0,189.29694486001011,23937.5,688.5543862739864,-262.0799999999999,-0.022340349357783174,306.3899999999994,0.015107205987855643,-271.89999999999964,-0.02101756230288787,400.0,0.017021276595744705,9118.279999999999,11235.1,568.4699999999993,671.8999999999996
GUI_TOTAL_LOAD_YEARAHEAD_202212312300-202312312300.csv,2023-01-02,2024-01-01,Week 24,24,Poland,PL,12850.4,12278.74,21287.43,24900.0,2024,2026-07-06 20:09:35,2024,1,1,24,winter,1,0,0,0,0.23931566428755768,-0.970941817426052,-571.6599999999999,-3612.5699999999997,571.6599999999999,3612.5699999999997,11469.16,11731.24,11824.45,12097.94,20587.44,20281.05,20997.48,22400.36,12664.9,12936.8,12711.3,12937.1,23900.0,23500.0,23400.0,23800.0,11674.949999999999,184.2122935636641,11780.6975,259.52440044244,12159.94625,463.4271239961667,20621.99,359.46246410476044,21066.5825,936.3717956158923,21341.653749999998,995.412947645766,12771.0,145.44920075396317,12812.525,144.9170423608855,13155.037499999999,655.9914719339016,23600.0,264.5751311064603,23650.0,238.04761428476215,23762.5,417.2614801981438,809.5799999999999,0.07058755828674457,699.9900000000016,0.034000827689115276,185.5,0.014646779682429445,1000.0,0.04184100418410042,9008.69,12049.6,-109.58999999999833,814.5
GUI_TOTAL_LOAD_YEARAHEAD_202212312300-202312312300.csv,2023-01-02,2024-01-01,Week 25,25,Poland,PL,12804.3,12306.69,22502.59,24600.0,2024,2026-07-06 20:09:35,2024,1,1,25,winter,1,0,0,0,0.12053668025532308,-0.992708874098054,-497.60999999999876,-2097.41,497.60999999999876,2097.41,12278.74,11469.16,11731.24,11824.45,21287.43,20587.44,20281.05,20997.48,12850.4,12664.9,12936.8,12711.3,24900.0,23900.0,23500.0,23400.0,11826.38,413.09037606798165,11825.8975,337.28826013516596,12105.79375,412.1868029334524,20718.64,515.8587559596647,20788.35,443.67192135622855,21157.903749999998,816.292479042171,12817.366666666667,138.92733112422528,12790.85,125.21875525106786,13160.9875,652.5470107586173,24100.0,721.1102550927983,23925.0,684.9574196011507,23812.5,527.629469554971,27.950000000000728,0.0022762921928471958,1215.1599999999999,0.05708345253513447,-46.100000000000364,-0.0035874369669426365,-300.0,-0.012048192771084376,10195.9,11795.7,1187.2099999999991,-253.89999999999964
GUI_TOTAL_LOAD_YEARAHEAD_202212312300-202312312300.csv,2023-01-02,2024-01-01,Week 26,26,Poland,PL,13419.7,12164.65,21320.24,24701.0,2024,2026-07-06 20:09:35,2024,1,1,26,winter,1,0,0,0,-3.216245299353273e-16,-1.0,-1255.050000000001,-3380.7599999999984,1255.050000000001,3380.7599999999984,12306.69,12278.74,11469.16,11731.24,22502.59,21287.43,20587.44,20281.05,12804.3,12850.4,12664.9,12936.8,24600.0,24900.0,23900.0,23500.0,12018.196666666665,475.68502880931743,11946.4575,414.04934877983663,12055.79375,348.17251954978116,21459.153333333332,969.0544659788131,21164.627500000002,986.4209233511489,21187.0925,864.4557715487991,12773.199999999999,96.58141643176836,12814.099999999999,113.62168220294329,12926.675000000001,228.34047729527444,24466.666666666668,513.1601439446889,24225.0,639.6613687465165,23862.5,585.3875395228142,-142.04000000000087,-0.0115416899263735,-1182.3499999999985,-0.05254284062412362,615.4000000000015,0.048061979178869674,101.0,0.00410569105691061,9155.590000000002,11281.3,-1040.3099999999977,-514.4000000000015
GUI_TOTAL_LOAD_YEARAHEAD_202212312300-202312312300.csv,2023-01-02,2024-01-01,Week 27,27,Poland,PL,12913.1,12226.95,21160.38,24600.0,2024,2026-07-06 20:09:35,2024,1,1,27,winter,1,0,0,0,-0.12053668025532283,-0.992708874098054,-686.1499999999996,-3439.619999999999,686.1499999999996,3439.619999999999,12164.65,12306.69,12278.74,11469.16,21320.24,22502.59,21287.43,20587.44,13419.7,12804.3,12850.4,12664.9,24701.0,24600.0,24900.0,23900.0,12250.026666666667,75.24747193974369,12054.81,395.2378724262213,12046.74625,343.7018995723512,21703.420000000002,692.2959198927246,21424.425,794.2723717759558,21315.56625,785.2465932236829,13024.800000000001,342.7693247651657,12934.825,332.72993428098147,12936.75,249.89793345056412,24733.666666666668,152.6444670904693,24525.25,435.06733195372556,24025.125,618.3331135283936,62.30000000000109,0.00512139683426982,-159.86000000000058,-0.007498039421695135,-506.60000000000036,-0.0377504713220117,-101.0,-0.004088903283267831,8933.43,11686.9,-222.16000000000167,405.60000000000036
GUI_TOTAL_LOAD_YEARAHEAD_202212312300-202312312300.csv,2023-01-02,2024-01-01,Week 28,28,Poland,PL,12635.9,12430.35,22532.71,24900.0,2024,2026-07-06 20:09:35,2024,1,1,28,winter,1,0,0,0,-0.23931566428755743,-0.9709418174260521,-205.54999999999927,-2367.290000000001,205.54999999999927,2367.290000000001,12226.95,12164.65,12306.69,12278.74,21160.38,21320.24,22502.59,21287.43,12913.1,13419.7,12804.3,12850.4,24600.0,24701.0,24600.0,24900.0,12232.763333333334,71.19822001512709,12244.2575,62.513367837109556,12012.477499999999,303.21097180251854,21661.07,733.1478279993183,21567.66,627.0876102002038,21317.12125,784.8794587601882,13045.699999999999,328.4301447796284,12996.875,285.3882078268577,12904.7,231.55128404494369,24633.666666666668,58.312377188154024,24700.25,141.42224011802273,24175.125,589.9214082037927,203.39999999999964,0.016635383313091223,1372.329999999998,0.06485375026346407,-277.2000000000007,-0.02146657270523733,300.0,0.012195121951219523,10102.359999999999,12264.1,1168.9299999999985,577.2000000000007
GUI_TOTAL_LOAD_YEARAHEAD_202212312300-202312312300.csv,2023-01-02,2024-01-01,Week 29,29,Poland,PL,12566.9,11793.95,21946.91,24600.0,2024,2026-07-06 20:09:35,2024,1,1,29,winter,1,0,0,0,-0.3546048870425356,-0.9350162426854148,-772.9499999999989,-2653.09,772.9499999999989,2653.09,12430.35,12226.95,12164.65,12306.69,22532.71,21160.38,21320.24,22502.59,12635.9,12913.1,13419.7,12804.3,24900.0,24600.0,24701.0,24600.0,12273.983333333332,138.95403316680813,12282.16,114.62800879368064,12054.028750000001,337.4398973547519,21671.11,750.4363563288479,21878.980000000003,740.4567717744266,21333.665,811.9034608162923,12989.566666666668,397.4556243573628,12943.25,337.4832094588204,12867.05,249.3349668905074,24733.666666666668,152.6444670904693,24700.25,141.42224011802273,24312.625,617.5442002688691,-636.3999999999996,-0.05119727119509909,-585.7999999999993,-0.025997760588939323,-69.0,-0.005460632008800315,-300.0,-0.012048192771084376,10152.96,12033.1,50.600000000000364,-231.0
GUI_TOTAL_LOAD_YEARAHEAD_202212312300-202312312300.csv,2023-01-02,2024-01-01,Week 30,30,Poland,PL,13223.2,12061.25,20977.88,24300.0,2024,2026-07-06 20:09:35,2024,1,1,30,winter,1,0,0,0,-0.46472317204376806,-0.8854560256532101,-1161.9500000000007,-3322.119999999999,1161.9500000000007,3322.119999999999,11793.95,12430.35,12226.95,12164.65,21946.91,22532.71,21160.38,21320.24,12566.9,12635.9,12913.1,13419.7,24600.0,24900.0,24600.0,24701.0,12150.416666666666,325.02961916311955,12153.975,265.4809770335183,12050.21625,340.56215350243195,21880.0,688.6073760134238,21740.06,628.0548489316866,21452.34375,825.0266245042293,12705.299999999997,183.2372232925604,12883.900000000001,387.2670396508844,12849.0,266.8335543260822,24700.0,173.20508075688772,24700.25,141.42224011802273,24462.625,498.4584629492382,267.2999999999993,0.022664162557921586,-969.0299999999988,-0.0441533682873807,656.3000000000011,0.052224494505407115,-300.0,-0.012195121951219523,8916.630000000001,11076.8,-1236.329999999998,-956.3000000000011
GUI_TOTAL_LOAD_YEARAHEAD_202212312300-202312312300.csv,2023-01-02,2024-01-01,Week 31,31,Poland,PL,13017.0,11969.86,20527.4,24200.0,2024,2026-07-06 20:09:35,2024,1,1,31,winter,1,0,0,0,-0.5680647467311556,-0.8229838658936566,-1047.1399999999994,-3672.5999999999985,1047.1399999999994,3672.5999999999985,12061.25,11793.95,12430.35,12226.95,20977.88,21946.91,22532.71,21160.38,13223.2,12566.9,12635.9,12913.1,24300.0,24600.0,24900.0,24600.0,12095.183333333334,319.5541320861344,12128.125,269.1043957896977,12091.4675,315.46804985381914,21819.166666666668,785.2470003976036,21654.47,720.8156508196823,21539.447500000002,712.8587130248844,12808.666666666666,360.650333887689,12834.775,299.0635760168057,12884.8,297.72103433536455,24600.0,300.0,24600.0,244.94897427831717,24562.625,329.29055233508524,-91.38999999999942,-0.007577158254741367,-450.47999999999956,-0.02147404790188523,-206.20000000000073,-0.01559380482787831,-100.0,-0.004115226337448541,8557.54,11183.0,-359.09000000000015,106.20000000000073
GUI_TOTAL_LOAD_YEARAHEAD_202212312300-202312312300.csv,2023-01-02,2024-01-01,Week 32,32,Poland,PL,12678.8,12067.9,20443.15,23800.0,2024,2026-07-06 20:09:35,2024,1,1,32,winter,1,0,0,0,-0.663122658240795,-0.7485107481711013,-610.8999999999996,-3356.8499999999985,610.8999999999996,3356.8499999999985,11969.86,12061.25,11793.95,12430.35,20527.4,20977.88,21946.91,22532.71,13017.0,13223.2,12566.9,12635.9,24200.0,24300.0,24600.0,24900.0,11941.686666666666,135.85884230819516,12063.8525,268.3338344146557,12154.055,204.52901701225954,21150.73,725.368872988209,21496.225,910.0772026042246,21531.9425,724.5337491053372,12935.699999999999,335.61836958064197,12860.75,312.3509831369615,12928.8125,286.3785528556908,24366.666666666668,208.16659994661364,24500.0,316.22776601683745,24600.125,250.77049125787696,98.03999999999905,0.00819057198663975,-84.25,-0.004104270389820419,-338.2000000000007,-0.02598140892678813,-400.0,-0.016528925619834656,8375.250000000002,11121.2,-182.28999999999905,-61.79999999999927
GUI_TOTAL_LOAD_YEARAHEAD_202212312300-202312312300.csv,2023-01-02,2024-01-01,Week 33,33,Poland,PL,12649.7,12641.58,22132.0,23700.0,2024,2026-07-06 20:09:35,2024,1,1,33,winter,1,0,0,0,-0.7485107481711011,-0.6631226582407952,-8.1200000000008,-1568.0,8.1200000000008,1568.0,12067.9,11969.86,12061.25,11793.95,20443.15,20527.4,20977.88,21946.91,12678.8,13017.0,13223.2,12566.9,23800.0,24200.0,24300.0,24600.0,12033.003333333334,54.784724452376,11973.24,127.62262625937105,12127.699999999999,199.69422275068644,20649.476666666666,287.50839576190197,20973.835,689.8845546175963,21426.4075,820.3854260344749,12973.0,274.8542159035739,12871.474999999999,302.6425765926309,12907.3625,299.2289230553464,24100.0,264.57513110645976,24225.0,330.4037933599835,24462.625,346.2505028361523,573.6800000000003,0.04753768261255065,1688.8499999999985,0.08261202407652424,-29.099999999998545,-0.002295169889894866,-100.0,-0.004201680672268893,9490.42,11050.3,1115.1699999999983,-70.90000000000146
GUI_TOTAL_LOAD_YEARAHEAD_202212312300-202312312300.csv,2023-01-02,2024-01-01,Week 34,34,Poland,PL,13463.0,13102.96,22353.7,23500.0,2024,2026-07-06 20:09:35,2024,1,1,34,winter,1,0,0,0,-0.8229838658936564,-0.5680647467311559,-360.0400000000009,-1146.2999999999993,360.0400000000009,1146.2999999999993,12641.58,12067.9,11969.86,12061.25,22132.0,20443.15,20527.4,20977.88,12649.7,12678.8,13017.0,13223.2,23700.0,23800.0,24200.0,24300.0,12226.446666666665,362.8425605318683,12185.1475,307.55861309947295,12169.56125,266.50135311570443,21034.183333333334,951.6698959374172,21020.1075,777.5450106317023,21380.083749999998,759.1113804015318,12781.833333333334,204.17939007965649,12892.175000000001,276.5753950853657,12888.037499999999,311.573444391535,23900.0,264.57513110645976,24000.0,294.39202887759495,24350.125,431.0619569322817,461.3799999999992,0.03649702015096201,221.70000000000073,0.010017169709018559,813.2999999999993,0.06429401487782305,-200.0,-0.008438818565400852,9250.740000000002,10037.0,-239.67999999999847,-1013.2999999999993
GUI_TOTAL_LOAD_YEARAHEAD_202212312300-202312312300.csv,2023-01-02,2024-01-01,Week 35,35,Poland,PL,13505.6,12892.68,22484.99,24400.0,2024,2026-07-06 20:09:35,2024,1,1,35,winter,1,0,0,0,-0.8854560256532096,-0.4647231720437691,-612.9200000000001,-1915.0099999999984,612.9200000000001,1915.0099999999984,13102.96,12641.58,12067.9,11969.86,22353.7,22132.0,20443.15,20527.4,13463.0,12649.7,12678.8,13017.0,23500.0,23700.0,23800.0,24200.0,12604.146666666667,518.5443488587284,12445.575,528.9978465929728,12286.85,423.98057529629125,21642.95,1044.9534690598082,21364.0625,1019.3452730183875,21509.26625,831.9162901214389,12930.5,461.38800374518627,12952.125,379.1962849237308,12893.45,322.31940236799613,23666.666666666668,152.75252316519635,23800.0,294.39202887759495,24200.0,495.6957592256447,-210.27999999999884,-0.016048282220200494,131.29000000000087,0.005873300616900057,42.600000000000364,0.003164227883829751,900.0,0.038297872340425476,9592.310000000001,10894.4,341.5699999999997,857.3999999999996
GUI_TOTAL_LOAD_YEARAHEAD_202212312300-202312312300.csv,2023-01-02,2024-01-01,Week 36,36,Poland,PL,12712.6,12908.1,22199.14,23800.0,2024,2026-07-06 20:09:35,2024,1,1,36,winter,1,0,0,0,-0.9350162426854147,-0.3546048870425359,195.5,-1600.8600000000006,195.5,1600.8600000000006,12892.68,13102.96,12641.58,12067.9,22484.99,22353.7,22132.0,20443.15,13505.6,13463.0,12649.7,12678.8,24400.0,23500.0,23700.0,23800.0,12879.073333333334,230.99076200862058,12676.279999999999,447.2937501612722,12370.06625,473.0386759161493,22323.563333333335,178.41426241581752,21853.46,951.4250760832119,21674.8425,882.8188829578435,13206.1,482.32707782164687,13074.275,473.9243214902137,12967.512499999999,388.71363840052953,23866.666666666668,472.58156262526103,23850.0,387.2983346207416,24175.0,477.34384133153475,15.420000000000073,0.0011960275132865128,-285.8500000000022,-0.012712925378219109,-793.0,-0.058716384314654646,-600.0,-0.024590163934426257,9291.039999999999,11087.4,-301.27000000000226,193.0
GUI_TOTAL_LOAD_YEARAHEAD_202212312300-202312312300.csv,2023-01-02,2024-01-01,Week 37,37,Poland,PL,12992.1,12615.99,22961.83,24100.0,2024,2026-07-06 20:09:35,2024,1,1,37,winter,1,0,0,0,-0.970941817426052,-0.23931566428755774,-376.1100000000006,-1138.1699999999983,376.1100000000006,1138.1699999999983,12908.1,12892.68,13102.96,12641.58,22199.14,22484.99,22353.7,22132.0,12712.6,13505.6,13463.0,12649.7,23800.0,24400.0,23500.0,23700.0,12967.913333333332,117.20770338729247,12886.33,189.16075597226697,12429.785,510.4164511455372,22345.943333333333,143.08277336345418,22292.457500000004,158.40262253181768,21633.14625,843.5153367719113,13227.066666666666,446.050056981616,13082.725000000002,464.7348733417358,12977.1,380.21915109203684,23900.0,458.257569495584,23850.0,387.2983346207416,24037.5,388.9087296526046,-292.1100000000006,-0.022629976526367224,762.6900000000023,0.03435673634203851,279.5,0.02198606107326584,300.0,0.012605042016806678,10345.840000000002,11107.9,1054.800000000003,20.5
GUI_TOTAL_LOAD_YEARAHEAD_202212312300-202312312300.csv,2023-01-02,2024-01-01,Week 38,38,Poland,PL,13054.9,12690.49,22393.09,24400.0,2024,2026-07-06 20:09:35,2024,1,1,38,winter,1,0,0,0,-0.992708874098054,-0.12053668025532357,-364.40999999999985,-2006.9099999999999,364.40999999999985,2006.9099999999999,12615.99,12908.1,12892.68,13102.96,22961.83,22199.14,22484.99,22353.7,12992.1,12712.6,13505.6,13463.0,24100.0,23800.0,24400.0,23500.0,12805.590000000002,164.379329904919,12879.9325,200.30211837371945,12532.54,442.330211138376,22548.653333333335,385.3099713650721,22499.915,329.3593021306125,21760.01125,965.0182718097037,13070.1,402.21294111449106,13168.325,382.67841481670484,13030.25,342.5383815824877,24100.0,300.0,23950.0,387.2983346207416,23975.0,319.5979617313914,74.5,0.005905204427080202,-568.7400000000016,-0.024768931744551748,62.79999999999927,0.004833706637110247,300.0,0.012448132780082943,9702.6,11345.1,-643.2400000000016,237.20000000000073
GUI_TOTAL_LOAD_YEARAHEAD_202212312300-202312312300.csv,2023-01-02,2024-01-01,Week 39,39,Poland,PL,13514.0,12633.45,22606.24,24400.0,2024,2026-07-06 20:09:35,2024,1,1,39,winter,1,0,0,0,-1.0,-1.8369701987210297e-16,-880.5499999999993,-1793.7599999999984,880.5499999999993,1793.7599999999984,12690.49,12615.99,12908.1,12892.68,22393.09,22961.83,22199.14,22484.99,13054.9,12992.1,12712.6,13505.6,24400.0,24100.0,23800.0,24400.0,12738.193333333335,151.78527278139833,12776.815,146.033256143936,12611.195,400.52343894317085,22518.02,396.39580938756546,22509.7625,324.0768998632337,21936.9125,930.2479583383545,12919.866666666669,182.2239373224649,13066.3,328.4934195179961,13009.2125,334.0584013847294,24100.0,300.0,24175.0,287.22813232690135,23987.5,335.67628964312365,-57.039999999999054,-0.004494704302197894,213.15000000000146,0.009518561306188777,459.10000000000036,0.03516687220890247,0.0,0.0,9972.79,10886.0,270.1900000000005,-459.10000000000036
GUI_TOTAL_LOAD_YEARAHEAD_202212312300-202312312300.csv,2023-01-02,2024-01-01,Week 40,40,Poland,PL,13232.9,12982.51,22543.4,25000.0,2024,2026-07-06 20:09:35,2024,1,1,40,winter,1,0,0,0,-0.992708874098054,0.1205366802553232,-250.38999999999942,-2456.5999999999985,250.38999999999942,2456.5999999999985,12633.45,12690.49,12615.99,12908.1,22606.24,22393.09,22961.83,22199.14,13514.0,13054.9,12992.1,12712.6,24400.0,24400.0,24100.0,23800.0,12646.643333333333,38.962937945220794,12712.007500000002,134.54356478479667,12694.14375,306.37836500164144,22653.72,287.3274433464481,22540.074999999997,326.64779794139946,22196.7675,753.904663767142,13187.0,284.9257973577859,13068.400000000001,332.24335458610204,13071.337500000001,378.9155123978458,24300.0,173.20508075688772,24175.0,287.22813232690135,24012.5,360.30740843262066,349.0599999999995,0.027629823998986724,-62.840000000000146,-0.002779763463539253,-281.10000000000036,-0.020800651176557716,600.0,0.024590163934426146,9560.890000000001,11767.1,-411.89999999999964,881.1000000000004
GUI_TOTAL_LOAD_YEARAHEAD_202212312300-202312312300.csv,2023-01-02,2024-01-01,Week 41,41,Poland,PL,13470.0,13208.74,23250.76,25200.0,2024,2026-07-06 20:09:35,2024,1,1,41,winter,1,0,0,0,-0.9709418174260521,0.23931566428755738,-261.2600000000002,-1949.2400000000016,261.2600000000002,1949.2400000000016,12982.51,12633.45,12690.49,12615.99,22543.4,22606.24,22393.09,22961.83,13232.9,13514.0,13054.9,12992.1,25000.0,24400.0,24400.0,24100.0,12768.816666666666,187.24855388847112,12730.61,170.92009283093094,12808.470000000001,186.50310070193817,22514.243333333336,109.52540359823354,22626.140000000003,240.99930580806142,22459.29875,259.72628182284126,13267.266666666668,231.47138772060782,13198.474999999999,233.77020590021152,13140.6,346.13728903016454,24600.0,346.41016151377545,24475.0,377.49172176353744,24162.5,486.78977568791305,226.22999999999956,0.017425752031001718,707.359999999997,0.0313776981289422,237.10000000000036,0.01791746329224897,200.0,0.008000000000000007,10042.019999999999,11730.0,481.1299999999974,-37.100000000000364
GUI_TOTAL_LOAD_YEARAHEAD_202212312300-202312312300.csv,2023-01-02,2024-01-01,Week 42,42,Poland,PL,13562.0,13827.93,23561.38,25100.0,2024,2026-07-06 20:09:35,2024,1,1,42,winter,1,0,0,0,-0.9350162426854148,0.35460488704253557,265.9300000000003,-1538.619999999999,265.9300000000003,1538.619999999999,13208.74,12982.51,12633.45,12690.49,23250.76,22543.4,22606.24,22393.09,13470.0,13232.9,13514.0,13054.9,25200.0,25000.0,24400.0,24400.0,12941.566666666668,289.82221004147334,12878.7975,267.87649285631574,12879.365,218.97124357845502,22800.133333333335,391.5169356915766,22698.3725,378.9609602913847,22599.143750000003,345.3854237528858,13405.633333333333,151.2005401223973,13317.949999999999,214.46336905548304,13243.1375,298.11004649531566,24866.666666666668,416.33319989322615,24750.0,412.310562561766,24350.0,565.6854249492409,619.1900000000005,0.04687729488202508,310.6200000000026,0.013359563300296529,92.0,0.0068299925760950675,-100.0,-0.003968253968253954,9733.45,11538.0,-308.5699999999979,-192.0
GUI_TOTAL_LOAD_YEARAHEAD_202212312300-202312312300.csv,2023-01-02,2024-01-01,Week 43,43,Poland,PL,13795.3,13729.98,23672.44,25200.0,2024,2026-07-06 20:09:35,2024,1,1,43,winter,1,0,0,0,-0.8854560256532101,0.464723172043768,-65.31999999999971,-1527.5600000000013,65.31999999999971,1527.5600000000013,13827.93,13208.74,12982.51,12633.45,23561.38,23250.76,22543.4,22606.24,13562.0,13470.0,13232.9,13514.0,25100.0,25200.0,25000.0,24400.0,13339.726666666667,437.6663960522052,13163.157500000001,502.4021615780847,12969.98625,399.9503515951471,23118.513333333336,521.7161160375312,22990.445,497.05579415189993,22750.103750000002,465.73785241222083,13421.633333333333,169.79753629927842,13444.724999999999,146.12906110682624,13255.5125,310.34447421950716,25100.0,99.99999999999636,24925.0,359.3976442141301,24550.0,501.42653642241,-97.95000000000073,-0.007083489719719505,111.05999999999767,0.004713645805126676,233.29999999999927,0.017202477510691594,100.0,0.003984063745019917,9942.46,11404.7,209.0099999999984,-133.29999999999927
GUI_TOTAL_LOAD_YEARAHEAD_202212312300-202312312300.csv,2023-01-02,2024-01-01,Week 44,44,Poland,PL,13190.4,13229.11,23092.55,25700.0,2024,2026-07-06 20:09:35,2024,1,1,44,winter,1,0,0,0,-0.822983865893657,0.5680647467311548,38.710000000000946,-2607.4500000000007,38.710000000000946,2607.4500000000007,13729.98,13827.93,13208.74,12982.51,23672.44,23561.38,23250.76,22543.4,13795.3,13562.0,13470.0,13232.9,25200.0,25100.0,25200.0,25000.0,13588.883333333333,332.8366957433123,13437.289999999999,407.15557902763845,13074.64875,478.6442637712089,23494.86,218.56849818743427,23256.995000000003,508.10152381190704,22898.535,550.6549866165153,13609.099999999999,167.68670191751224,13515.05,232.65316818523993,13291.725,357.0777976456112,25166.666666666668,57.73502691895601,25125.0,95.74271077563259,24650.0,545.1081150954002,-500.869999999999,-0.03648002400586159,-579.8899999999994,-0.024496418620133742,-604.8999999999996,-0.043848267163454246,500.0,0.01984126984126977,9863.439999999999,12509.6,-79.02000000000044,1104.8999999999996
GUI_TOTAL_LOAD_YEARAHEAD_202212312300-202312312300.csv,2023-01-02,2024-01-01,Week 45,45,Poland,PL,13904.4,13721.26,23637.71,26300.0,2024,2026-07-06 20:09:35,2024,1,1,45,winter,1,0,0,0,-0.7485107481711011,0.6631226582407952,-183.13999999999942,-2662.290000000001,183.13999999999942,2662.290000000001,13229.11,13729.98,13827.93,13208.74,23092.55,23672.44,23561.38,23250.76,13190.4,13795.3,13562.0,13470.0,25700.0,25200.0,25100.0,25200.0,13595.673333333334,321.2087461968091,13498.939999999999,325.90293575439216,13114.775,476.1364124462173,23442.123333333333,307.7900541493327,23394.2825,268.9079017526003,23010.21125,473.7784557133709,13515.9,305.0736140671159,13504.425,250.14657536458395,13351.449999999999,277.45688468148643,25333.333333333332,321.4550253664312,25300.0,270.8012801545312,24887.5,535.6904756613546,492.14999999999964,0.03720204911743874,545.1599999999999,0.023607613710915354,714.0,0.05413027656477443,600.0,0.023346303501945442,9916.449999999999,12395.6,53.01000000000022,-114.0
GUI_TOTAL_LOAD_YEARAHEAD_202212312300-202312312300.csv,2023-01-02,2024-01-01,Week 46,46,Poland,PL,13778.0,14603.93,24829.58,26500.0,2024,2026-07-06 20:09:35,2024,1,1,46,winter,1,0,0,0,-0.6631226582407955,0.7485107481711007,825.9300000000003,-1670.4199999999983,825.9300000000003,1670.4199999999983,13721.26,13229.11,13729.98,13827.93,23637.71,23092.55,23672.44,23561.38,13904.4,13190.4,13795.3,13562.0,26300.0,25700.0,25200.0,25100.0,13560.116666666669,286.6933372670632,13627.07,269.67828079645335,13252.93375,471.0589954237745,23467.566666666666,325.2378643904276,23491.02,269.6664872269463,23094.69625,521.7517731898253,13630.033333333333,384.6216365901768,13613.025,315.87920027540616,13465.487500000001,295.55302370546565,25733.333333333332,550.7570547286105,25575.0,549.9999999999999,25162.5,630.0510183423945,882.6700000000001,0.06432864037267705,1191.8700000000026,0.05042239709345808,-126.39999999999964,-0.009090647564799603,200.0,0.0076045627376426506,10225.650000000001,12722.0,309.20000000000255,326.39999999999964
GUI_TOTAL_LOAD_YEARAHEAD_202212312300-202312312300.csv,2023-01-02,2024-01-01,Week 47,47,Poland,PL,15957.9,15181.85,25556.16,26900.0,2024,2026-07-06 20:09:35,2024,1,1,47,winter,1,0,0,0,-0.5680647467311559,0.8229838658936564,-776.0499999999993,-1343.8400000000001,776.0499999999993,1343.8400000000001,14603.93,13721.26,13229.11,13729.98,24829.58,23637.71,23092.55,23672.44,13778.0,13904.4,13190.4,13795.3,26500.0,26300.0,25700.0,25200.0,13851.433333333334,696.5926576079626,13821.07,571.9982066988177,13492.11375,609.9727577743129,23853.28,888.3530401253045,23808.07,730.9513383256061,23399.2575,725.1683790432805,13624.266666666668,381.0176548840042,13667.025,322.63922447004245,13555.875,260.54445603667165,26166.666666666668,416.3331998932272,25925.0,590.9032633745281,25425.0,700.5100182825996,577.9200000000001,0.03957290948395409,726.5799999999981,0.029262677822178063,2179.8999999999996,0.15821599651618512,400.0,0.015094339622641506,10374.31,10942.1,148.65999999999804,-1779.8999999999996
GUI_TOTAL_LOAD_YEARAHEAD_202212312300-202312312300.csv,2023-01-02,2024-01-01,Week 48,48,Poland,PL,15246.6,16314.3,26795.08,27300.0,2024,2026-07-06 20:09:35,2024,1,1,48,winter,1,0,0,0,-0.4647231720437684,0.88545602565321,1067.699999999999,-504.91999999999825,1067.699999999999,504.91999999999825,15181.85,14603.93,13721.26,13229.11,25556.16,24829.58,23637.71,23092.55,15957.9,13778.0,13904.4,13190.4,26900.0,26500.0,26300.0,25700.0,14502.346666666666,735.5747190009447,14184.0375,875.2121726520537,13810.663750000002,747.4317642613289,24674.483333333334,968.5834154233213,24279.0,1118.5097926258861,23767.997499999998,972.2347147643243,14546.766666666668,1223.7104246239455,14207.675,1207.577783209001,13861.3625,886.1291085187911,26566.666666666668,305.50504633038895,26350.0,499.9999999999998,25737.5,734.7254103210469,1132.449999999999,0.07459235863876934,1238.920000000002,0.04847833164293869,-711.2999999999993,-0.04457353411163123,400.0,0.014869888475836479,10480.780000000002,12053.4,106.47000000000298,1111.2999999999993
GUI_TOTAL_LOAD_YEARAHEAD_202212312300-202312312300.csv,2023-01-02,2024-01-01,Week 49,49,Poland,PL,15387.3,15767.61,27105.73,27500.0,2024,2026-07-06 20:09:35,2024,1,1,49,winter,1,0,0,0,-0.35460488704253595,0.9350162426854147,380.3100000000013,-394.27000000000044,380.3100000000013,394.27000000000044,16314.3,15181.85,14603.93,13721.26,26795.08,25556.16,24829.58,23637.71,15246.6,15957.9,13778.0,13904.4,27300.0,26900.0,26500.0,26300.0,15366.693333333335,870.0383196350089,14955.335000000001,1086.9715568342422,14227.137499999999,1076.0597738807567,25726.940000000002,993.8168436888383,25204.632500000003,1322.75033324195,24299.4575,1310.4347128311738,14994.166666666666,1111.6577455913857,14721.725,1058.6562910123214,14113.075,964.6330120087999,26900.0,399.99999999999943,26750.0,443.47115652166826,26025.0,846.4210367356036,-546.6899999999987,-0.033509865578051024,310.6499999999978,0.011593546277898659,140.6999999999989,0.009228286962339016,200.0,0.0073260073260073,11338.119999999999,12112.7,857.3399999999965,59.30000000000109
GUI_TOTAL_LOAD_YEARAHEAD_202212312300-202312312300.csv,2023-01-02,2024-01-01,Week 50,50,Poland,PL,15775.2,14999.86,25795.04,27500.0,2024,2026-07-06 20:09:35,2024,1,1,50,winter,1,0,0,0,-0.2393156642875578,0.970941817426052,-775.3400000000001,-1704.9599999999991,775.3400000000001,1704.9599999999991,15767.61,16314.3,15181.85,14603.93,27105.73,26795.08,25556.16,24829.58,15387.3,15246.6,15957.9,13778.0,27500.0,27300.0,26900.0,26500.0,15754.586666666668,566.3373164760616,15466.9225,738.1246474399292,14546.99625,1109.8762836066555,26485.656666666666,819.8163792172531,26071.6375,1064.7597907000923,24781.32875,1555.564832707228,15530.599999999999,376.68035520849253,15092.45,928.7054161573325,14352.7375,1018.6978325819556,27233.333333333332,305.50504633038895,27050.0,443.47115652166826,26312.5,914.0764269390811,-767.75,-0.04869158991121669,-1310.6899999999987,-0.04835472057015244,387.90000000000146,0.02520910101187357,0.0,0.0,10795.18,11724.8,-542.9399999999987,-387.90000000000146
GUI_TOTAL_LOAD_YEARAHEAD_202212312300-202312312300.csv,2023-01-02,2024-01-01,Week 51,51,Poland,PL,15236.6,13787.89,24915.56,27600.0,2024,2026-07-06 20:09:35,2024,1,1,51,winter,1,0,0,0,-0.12053668025532363,0.992708874098054,-1448.710000000001,-2684.4399999999987,1448.710000000001,2684.4399999999987,14999.86,15767.61,16314.3,15181.85,25795.04,27105.73,26795.08,25556.16,15775.2,15387.3,15246.6,15957.9,27500.0,27500.0,27300.0,26900.0,15693.923333333334,660.3108525787742,15565.905,596.8487156446366,14693.4875,1078.3008702815841,26565.283333333336,684.8955760062091,26313.002500000002,753.1957086253944,25060.536249999997,1504.951568399104,15469.699999999999,273.76415031920385,15591.75,330.98240134479,14629.3875,1072.385119305177,27433.333333333332,115.47005383792579,27300.0,282.8427124746184,26612.5,850.9448530058488,-1211.9700000000012,-0.08079875412170523,-879.4799999999996,-0.03409492677662063,-538.6000000000004,-0.03414219788021711,100.0,0.0036363636363636598,11127.670000000002,12363.4,332.4900000000016,638.6000000000004
GUI_TOTAL_LOAD_YEARAHEAD_202212312300-202312312300.csv,2023-01-02,2024-01-01,Week 52,52,Poland,PL,14000.1,12183.24,21543.45,26800.0,2024,2026-07-06 20:09:35,2024,1,1,52,winter,1,0,0,0,6.432490598706546e-16,1.0,-1816.8600000000006,-5256.549999999999,1816.8600000000006,5256.549999999999,13787.89,14999.86,15767.61,16314.3,24915.56,25795.04,27105.73,26795.08,15236.6,15775.2,15387.3,15246.6,27600.0,27500.0,27500.0,27300.0,14851.786666666667,998.1318067436396,15217.415,1094.94948816524,14700.72625,1071.078915419111,25938.77666666667,1102.1371644368733,26152.8525,996.5530939986953,25215.92625,1401.7944142923466,15466.366666666669,277.86893193253684,15411.425,252.0881641409686,14809.55,1032.570008695382,27533.333333333332,57.7350269189631,27475.0,125.83057392117858,26912.5,689.5909760761934,-1604.6499999999996,-0.11638111415162145,-3372.1100000000006,-0.13534152955020884,-1236.5,-0.0811532756651746,-800.0,-0.02898550724637683,9360.210000000001,12799.9,-1767.460000000001,436.5
GUI_TOTAL_LOAD_YEARAHEAD_202312312300-202412312300.csv,2024-01-01,2024-12-30,Week 1,1,Poland,PL,11899.0,12708.3,24524.25,23216.0,2024,2026-07-06 20:09:35,2024,12,4,1,winter,1,0,0,0,0.12053668025532305,0.992708874098054,809.2999999999993,1308.25,809.2999999999993,1308.25,12183.24,13787.89,14999.86,15767.61,21543.45,24915.56,25795.04,27105.73,14000.1,15236.6,15775.2,15387.3,26800.0,27600.0,27500.0,27500.0,13656.996666666666,1412.8647686998709,14184.65,1563.4779810196642,14569.9925,1312.8933383915385,24084.683333333334,2244.2752523772965,24839.945,2374.7691142859926,25022.28875,1790.1948942618517,15003.966666666667,910.1283993664418,15099.800000000001,767.4363686977342,14910.7625,879.5304411811597,27300.0,435.88989435406745,27350.0,369.68455021364684,27050.0,495.69575922564496,525.0599999999995,0.04309691018152795,2980.7999999999993,0.1383622400311928,-2101.1000000000004,-0.15007749944643256,-3584.0,-0.13373134328358205,11815.95,11317.0,2455.74,-1482.8999999999996
GUI_TOTAL_LOAD_YEARAHEAD_202312312300-202412312300.csv,2024-01-01,2024-12-30,Week 2,2,Poland,PL,15355.0,16109.48,28303.88,26378.0,2024,2026-07-06 20:09:35,2024,12,4,2,winter,1,0,0,0,0.23931566428755774,0.970941817426052,754.4799999999996,1925.880000000001,754.4799999999996,1925.880000000001,12708.3,12183.24,13787.89,14999.86,24524.25,21543.45,24915.56,25795.04,11899.0,14000.1,15236.6,15775.2,23216.0,26800.0,27600.0,27500.0,12893.143333333332,818.1385573564841,13419.822499999998,1247.31614988275,14443.3725,1448.3050950655659,23661.08666666667,1844.3344783507214,24194.575,1845.5764192342,25133.10625,1718.2351598240266,13711.900000000001,1687.3612150336885,14227.725,1721.1702324774956,14660.0875,1361.2106380902392,25872.0,2334.6845611345443,26279.0,2072.7833139686036,26664.5,1447.5681084396103,3401.1800000000003,0.2676345380578047,3779.630000000001,0.15411806681142148,3456.0,0.2904445751743845,3162.0,0.13619917298414896,12194.400000000001,11023.0,378.4500000000007,-294.0
GUI_TOTAL_LOAD_YEARAHEAD_202312312300-202412312300.csv,2024-01-01,2024-12-30,Week 3,3,Poland,PL,14793.0,15912.9,26694.71,25441.0,2024,2026-07-06 20:09:35,2024,12,4,3,winter,1,0,0,0,0.3546048870425356,0.9350162426854148,1119.8999999999996,1253.7099999999991,1119.8999999999996,1253.7099999999991,16109.48,12708.3,12183.24,13787.89,28303.88,24524.25,21543.45,24915.56,15355.0,11899.0,14000.1,15236.6,26378.0,23216.0,26800.0,27600.0,13667.006666666666,2131.473431439703,13697.227499999999,1741.3900159618631,14631.56625,1565.2436564860004,24790.52666666667,3388.0718548509403,24821.785000000003,2767.0554016920837,25567.393750000003,2039.5782960206254,13751.366666666667,1741.3745155288386,14122.675000000001,1604.0790657466468,14857.2125,1329.028630711182,25464.666666666668,1958.7999727724452,25998.5,1922.9778123178298,26649.25,1450.188928578422,-196.57999999999993,-0.01220275266489046,-1609.170000000002,-0.056853336009056066,-562.0,-0.03660045587756433,-937.0,-0.03552202593069986,10781.81,10648.0,-1412.590000000002,-375.0
GUI_TOTAL_LOAD_YEARAHEAD_202312312300-202412312300.csv,2024-01-01,2024-12-30,Week 4,4,Poland,PL,14176.0,15147.48,25181.83,24270.0,2024,2026-07-06 20:09:35,2024,12,4,4,winter,1,0,0,0,0.4647231720437685,0.8854560256532099,971.4799999999996,911.8300000000017,971.4799999999996,911.8300000000017,15912.9,16109.48,12708.3,12183.24,26694.71,28303.88,24524.25,21543.45,14793.0,15355.0,11899.0,14000.1,25441.0,26378.0,23216.0,26800.0,14910.226666666667,1909.4558670294866,14228.48,2071.182080069251,14722.947499999998,1622.260928446564,26507.61333333333,1896.7484298748955,25266.5725,2925.60520305771,25709.7125,2078.0429012741556,14015.666666666666,1854.4997528533943,14011.775000000001,1514.2127115545234,14711.6,1252.837122009781,25011.666666666668,1624.1324863856807,25458.75,1599.397256260412,26466.875,1504.8608324360107,-765.4200000000001,-0.04810059762833929,-1512.8799999999974,-0.056673400834846954,-617.0,-0.04170891637936858,-1171.0,-0.04602806493455447,10034.350000000002,10094.0,-747.4599999999973,-554.0
GUI_TOTAL_LOAD_YEARAHEAD_202312312300-202412312300.csv,2024-01-01,2024-12-30,Week 5,5,Poland,PL,13811.0,14461.94,24823.66,23891.0,2024,2026-07-06 20:09:35,2024,12,4,5,winter,1,0,0,0,0.5680647467311558,0.8229838658936564,650.9400000000005,932.6599999999999,650.9400000000005,932.6599999999999,15147.48,15912.9,16109.48,12708.3,25181.83,26694.71,28303.88,24524.25,14176.0,14793.0,15355.0,11899.0,24270.0,25441.0,26378.0,23216.0,15723.286666666667,508.25772215808024,14969.539999999999,1563.570729068559,14577.095000000001,1507.1143235619968,26726.806666666667,1561.2724610499135,26176.1675,1684.5954309244967,25508.05625,2035.5115704899324,14774.666666666666,589.7137723788644,14055.75,1516.31337460301,14577.775,1244.6786903224834,25363.0,1056.1623928165586,24826.25,1376.973099470962,26088.125,1640.4177549375308,-685.539999999999,-0.04525769302880733,-358.1700000000019,-0.014223350725503292,-365.0,-0.02574774266365687,-379.0,-0.015615986814997984,10361.72,10080.0,327.36999999999716,-14.0
GUI_TOTAL_LOAD_YEARAHEAD_202312312300-202412312300.csv,2024-01-01,2024-12-30,Week 6,6,Poland,PL,13634.0,14369.21,24776.66,23381.0,2024,2026-07-06 20:09:35,2024,12,4,6,winter,1,0,0,0,0.6631226582407952,0.7485107481711011,735.2099999999991,1395.6599999999999,735.2099999999991,1395.6599999999999,14461.94,15147.48,15912.9,16109.48,24823.66,25181.83,26694.71,28303.88,13811.0,14176.0,14793.0,15355.0,23891.0,24270.0,25441.0,26378.0,15174.106666666667,725.846378328998,15407.95,754.9610110021022,14413.88625,1428.415357269708,25566.733333333334,993.1364244820575,26251.02,1590.7669870642144,25222.7975,1937.1557889689366,14260.0,496.359748569493,14533.75,681.1790635850682,14380.737500000001,1222.7952905857155,24534.0,808.0204205340349,24995.0,1133.7321847185374,25637.0,1692.1098410817538,-92.73000000000138,-0.006412002815666562,-47.0,-0.001893354968606542,-177.0,-0.012815871406849588,-510.0,-0.021346950734586256,10407.45,9747.0,45.73000000000138,-333.0
GUI_TOTAL_LOAD_YEARAHEAD_202312312300-202412312300.csv,2024-01-01,2024-12-30,Week 7,7,Poland,PL,13863.0,14918.84,24146.55,22707.0,2024,2026-07-06 20:09:35,2024,12,4,7,winter,1,0,0,0,0.7485107481711011,0.6631226582407953,1055.8400000000001,1439.5499999999993,1055.8400000000001,1439.5499999999993,14369.21,14461.94,15147.48,15912.9,24776.66,24823.66,25181.83,26694.71,13634.0,13811.0,14176.0,14793.0,23381.0,23891.0,24270.0,25441.0,14659.543333333333,425.10158342839213,14972.8825,716.3797672731399,14335.055,1408.7232737482611,24927.383333333335,221.6068131468266,25369.215,901.998118863532,25095.5,1927.6168786947026,13873.666666666666,276.3807759836018,14103.5,512.0719350507649,14113.0875,1102.3738871019734,23847.333333333332,446.1057423227497,24245.75,876.1374987219003,25122.125,1670.784540909707,549.630000000001,0.0382505370858941,-630.1100000000006,-0.02543159570337572,229.0,0.0167962446824117,-674.0,-0.028826825199948725,9227.71,8844.0,-1179.7400000000016,-903.0
GUI_TOTAL_LOAD_YEARAHEAD_202312312300-202412312300.csv,2024-01-01,2024-12-30,Week 8,8,Poland,PL,13552.0,14626.28,24768.54,23158.0,2024,2026-07-06 20:09:35,2024,12,4,8,winter,1,0,0,0,0.8229838658936564,0.5680647467311559,1074.2800000000007,1610.5400000000009,1074.2800000000007,1610.5400000000009,14918.84,14369.21,14461.94,15147.48,24146.55,24776.66,24823.66,25181.83,13863.0,13634.0,13811.0,14176.0,22707.0,23381.0,23891.0,24270.0,14583.330000000002,294.2361862517823,14724.3675,370.51710868053857,14476.42375,1402.7036768422631,24582.289999999997,378.09292601132597,24732.175000000003,430.30790530349105,24999.373750000002,1956.8251790149554,13769.333333333334,120.05137789003716,13871.0,225.72697372409223,13941.3875,1005.0596008446595,23326.333333333332,593.8900010383493,23562.25,676.5822812735593,24510.5,1523.1982330421938,-292.5599999999995,-0.0196101037346067,621.9900000000016,0.025758959354442057,-311.0,-0.022433816634206183,451.0,0.019861716651252914,10142.26,9606.0,914.5500000000011,762.0
GUI_TOTAL_LOAD_YEARAHEAD_202312312300-202412312300.csv,2024-01-01,2024-12-30,Week 9,9,Poland,PL,13033.0,14110.69,23809.63,22464.0,2024,2026-07-06 20:09:35,2024,12,4,9,winter,1,0,0,0,0.8854560256532099,0.4647231720437686,1077.6900000000005,1345.630000000001,1077.6900000000005,1345.630000000001,14626.28,14918.84,14369.21,14461.94,24768.54,24146.55,24776.66,24823.66,13552.0,13863.0,13634.0,13811.0,23158.0,22707.0,23381.0,23891.0,14638.11,275.0059015730269,14594.067500000001,241.20074175878108,14781.80375,1054.971419002676,24563.916666666668,361.47293734544235,24628.8525,322.4517112556182,25402.510000000002,1394.5751034634773,13683.0,161.186227699397,13715.0,146.34434279000484,13885.375,1013.7687729457963,23082.0,343.3671504381232,23284.25,492.1594423219641,24055.25,1263.2359523970872,-515.5900000000001,-0.03525093188425221,-958.9099999999999,-0.03871483745105686,-519.0,-0.038296930342384905,-694.0,-0.029968045599792714,9698.94,9431.0,-443.3199999999997,-175.0
GUI_TOTAL_LOAD_YEARAHEAD_202312312300-202412312300.csv,2024-01-01,2024-12-30,Week 10,10,Poland,PL,13348.0,14376.44,24379.48,23087.0,2024,2026-07-06 20:09:35,2024,12,4,10,winter,1,0,0,0,0.9350162426854148,0.35460488704253557,1028.4400000000005,1292.4799999999996,1028.4400000000005,1292.4799999999996,14110.69,14626.28,14918.84,14369.21,23809.63,24768.54,24146.55,24776.66,13033.0,13552.0,13863.0,13634.0,22464.0,23158.0,22707.0,23381.0,14551.936666666666,409.17209586349685,14506.255000000001,346.3550125232581,14957.102499999999,726.6254207489517,24241.573333333334,486.46600336835945,24375.345,478.9003551540462,25313.1825,1479.1874643654446,13482.666666666666,419.32127698614636,13520.5,350.63608865409225,14027.125,738.1640231005761,22776.333333333332,352.1566886108083,22927.5,417.2309512328474,23961.25,1358.9598701107525,265.75,0.018833239196665685,569.8499999999985,0.023933593256173946,315.0,0.024169416097598484,623.0,0.027733262108262213,10003.039999999999,9739.0,304.09999999999854,308.0
GUI_TOTAL_LOAD_YEARAHEAD_202312312300-202412312300.csv,2024-01-01,2024-12-30,Week 11,11,Poland,PL,13437.0,14071.85,24050.98,23042.0,2024,2026-07-06 20:09:35,2024,12,4,11,winter,1,0,0,0,0.970941817426052,0.23931566428755804,634.8500000000004,1008.9799999999996,634.8500000000004,1008.9799999999996,14376.44,14110.69,14626.28,14918.84,24379.48,23809.63,24768.54,24146.55,13348.0,13033.0,13552.0,13863.0,23087.0,22464.0,23158.0,22707.0,14371.136666666667,257.8359091230845,14508.0625,345.419029621974,14740.4725,576.8953972713567,24319.216666666664,482.28710228781205,24276.05,403.1385334265837,24822.6325,871.647314420128,13311.0,261.470839674249,13449.0,348.93265825940466,13776.25,535.6778749531376,22903.0,381.838971295488,22854.0,326.80983257341967,23549.875,963.4166043677229,-304.59000000000015,-0.021186747205845124,-328.5,-0.013474446542748209,89.0,0.006667665567875236,-45.0,-0.001949148871659423,9979.13,9605.0,-23.909999999999854,-134.0
GUI_TOTAL_LOAD_YEARAHEAD_202312312300-202412312300.csv,2024-01-01,2024-12-30,Week 12,12,Poland,PL,13415.0,14307.35,24409.01,22965.0,2024,2026-07-06 20:09:35,2024,12,4,12,winter,1,0,0,0,0.992708874098054,0.120536680255323,892.3500000000004,1444.0099999999984,892.3500000000004,1444.0099999999984,14071.85,14376.44,14110.69,14626.28,24050.98,24379.48,23809.63,24768.54,13437.0,13348.0,13033.0,13552.0,23042.0,23087.0,22464.0,23158.0,14186.326666666668,165.78433591062878,14296.315000000002,258.2880134655635,14510.341250000001,373.868724609442,24080.03,286.03353387299217,24252.157499999998,415.9987500281737,24492.166250000002,468.35474357249797,13272.666666666666,212.27419375253655,13342.5,222.59155419731354,13606.75,350.5349992715511,22864.333333333332,347.4281700342245,22937.75,319.42278670543624,23250.0,592.7398851339233,235.5,0.016735539392475074,358.02999999999884,0.014886295693564255,-22.0,-0.0016372702240082804,-77.0,-0.003341723808697128,10101.659999999998,9550.0,122.52999999999884,-55.0
GUI_TOTAL_LOAD_YEARAHEAD_202312312300-202412312300.csv,2024-01-01,2024-12-30,Week 13,13,Poland,PL,10810.0,11922.95,24165.9,22295.0,2024,2026-07-06 20:09:35,2024,12,4,13,winter,1,0,0,0,1.0,-1.6081226496766366e-16,1112.9500000000007,1870.9000000000015,1112.9500000000007,1870.9000000000015,14307.35,14071.85,14376.44,14110.69,24409.01,24050.98,24379.48,23809.63,13415.0,13437.0,13348.0,13033.0,22965.0,23042.0,23087.0,22464.0,14251.88,159.69175839721598,14216.5825,148.27213435095436,14405.324999999999,273.9856934221552,24279.823333333334,198.73338580414915,24162.275,285.65786371111994,24395.563749999998,376.47153005391465,13400.0,46.35730794554234,13308.25,187.3630611050176,13511.625,267.3830518723849,23031.333333333332,61.69548875995962,22889.5,288.10472632939087,23086.875,428.8407754800035,-2384.3999999999996,-0.1666556000936581,-243.10999999999694,-0.00995984679427786,-2605.0,-0.19418561311964222,-670.0,-0.029174831264968448,12242.95,11485.0,2141.2900000000027,1935.0
GUI_TOTAL_LOAD_YEARAHEAD_202312312300-202412312300.csv,2024-01-01,2024-12-30,Week 14,14,Poland,PL,10690.0,11514.29,22790.35,21349.0,2024,2026-07-06 20:09:35,2024,12,4,14,winter,1,0,0,0,0.992708874098054,-0.12053668025532288,824.2900000000009,1441.3499999999985,824.2900000000009,1441.3499999999985,11922.95,14307.35,14071.85,14376.44,24165.9,24409.01,24050.98,24379.48,10810.0,13415.0,13437.0,13348.0,22295.0,22965.0,23042.0,23087.0,13434.050000000001,1313.937772499138,13669.6475,1171.742167895732,14087.951250000002,916.4098214763047,24208.63,182.79978090757137,24251.3425,171.97268356244535,24313.34375,339.6455509977355,12554.0,1510.388360654287,12752.5,1295.5530350651989,13136.5,969.82016005915,22767.333333333332,410.8604791572558,22847.25,371.5968918061612,22887.375,368.27355418803944,-408.65999999999985,-0.03427507454111611,-1375.550000000003,-0.05692111611816664,-120.0,-0.011100832562442209,-946.0,-0.04243103834940565,11276.059999999998,10659.0,-966.890000000003,-826.0
GUI_TOTAL_LOAD_YEARAHEAD_202312312300-202412312300.csv,2024-01-01,2024-12-30,Week 15,15,Poland,PL,12298.0,13177.33,22297.05,20983.0,2024,2026-07-06 20:09:35,2024,12,4,15,winter,1,0,0,0,0.9709418174260521,-0.2393156642875575,879.3299999999999,1314.0499999999993,879.3299999999999,1314.0499999999993,11514.29,11922.95,14307.35,14071.85,22790.35,24165.9,24409.01,24050.98,10690.0,10810.0,13415.0,13437.0,21349.0,22295.0,22965.0,23042.0,12581.53,1508.5064644210172,12954.11,1439.5570827167617,13731.08625,1276.4041817200844,23788.420000000002,872.8593309920601,23854.059999999998,724.6769713925403,24065.055,587.8755079825522,11638.333333333334,1539.8078884501351,12088.0,1545.7919221766736,12768.5,1267.0732304916626,22203.0,811.9187151433302,22412.75,784.5093477242104,22633.375,604.2920149114325,1663.039999999999,0.14443270058336188,-493.2999999999993,-0.02164512611697489,1608.0,0.15042095416276902,-366.0,-0.017143660124596005,9119.72,8685.0,-2156.3399999999983,-1974.0
GUI_TOTAL_LOAD_YEARAHEAD_202312312300-202412312300.csv,2024-01-01,2024-12-30,Week 16,16,Poland,PL,12975.0,14129.98,22958.48,21607.0,2024,2026-07-06 20:09:35,2024,12,4,16,winter,1,0,0,0,0.9350162426854148,-0.35460488704253545,1154.9799999999996,1351.4799999999996,1154.9799999999996,1351.4799999999996,13177.33,11514.29,11922.95,14307.35,22297.05,22790.35,24165.9,24409.01,12298.0,10690.0,10810.0,13415.0,20983.0,21349.0,22295.0,22965.0,12204.856666666668,866.619314885914,12730.48,1267.2038426393738,13513.397500000001,1190.5120941696912,23084.433333333334,968.5111438870092,23415.5775,1031.4884360435926,23833.8675,854.4674409871615,11266.0,895.7499651129918,11803.25,1299.7931566214645,12572.875,1192.5727815465677,21542.333333333332,677.029787626312,21898.0,900.8743900603824,22417.875,836.9141341004746,952.6499999999996,0.07229461506997237,661.4300000000003,0.029664462339188402,677.0,0.0550496015612294,624.0,0.02973835962445781,8828.5,8632.0,-291.21999999999935,-53.0
GUI_TOTAL_LOAD_YEARAHEAD_202312312300-202412312300.csv,2024-01-01,2024-12-30,Week 17,17,Poland,PL,12182.0,13228.05,23582.73,21951.0,2024,2026-07-06 20:09:35,2024,12,4,17,winter,1,0,0,0,0.8854560256532099,-0.4647231720437685,1046.0499999999993,1631.7299999999996,1046.0499999999993,1631.7299999999996,14129.98,13177.33,11514.29,11922.95,22958.48,22297.05,22790.35,24165.9,12975.0,12298.0,10690.0,10810.0,21607.0,20983.0,21349.0,22295.0,12940.533333333333,1323.8251546308265,12686.1375,1194.6593601350671,13451.36,1135.9143977933827,22681.960000000003,343.77857015822366,23052.945,793.2897438935228,23607.61,810.1105036086892,11987.666666666666,1173.6849378488546,11693.25,1124.7587519108229,12500.75,1141.2406469652735,21313.0,313.5538231308862,21558.5,553.7373023374884,22224.0,820.4537072341682,-901.9300000000003,-0.06383094668216094,624.25,0.027190388910764085,-793.0,-0.061117533718689776,344.0,0.015920766418290322,10354.68,9769.0,1526.1800000000003,1137.0
GUI_TOTAL_LOAD_YEARAHEAD_202312312300-202412312300.csv,2024-01-01,2024-12-30,Week 18,18,Poland,PL,11172.0,11786.35,21213.63,20211.0,2024,2026-07-06 20:09:35,2024,12,4,18,winter,1,0,0,0,0.8229838658936565,-0.5680647467311557,614.3500000000004,1002.630000000001,614.3500000000004,1002.630000000001,13228.05,14129.98,13177.33,11514.29,23582.73,22958.48,22297.05,22790.35,12182.0,12975.0,12298.0,10690.0,21951.0,21607.0,20983.0,21349.0,13511.786666666667,535.9714335982229,13012.4125,1090.4166566462843,13341.03,1105.17485816241,22946.086666666666,642.929593060809,22907.1525,530.6936829204274,23579.2475,805.9887166127829,12485.0,428.29779359686523,12036.25,963.223191512048,12394.375,1124.0740872253166,21513.666666666668,490.70289721309774,21472.5,409.0293388010192,22159.875,819.0624322096256,-1441.699999999999,-0.10898809726301295,-2369.0999999999985,-0.10045910715171646,-1010.0,-0.08290921031029386,-1740.0,-0.07926745934126012,9427.28,9039.0,-927.3999999999996,-730.0
GUI_TOTAL_LOAD_YEARAHEAD_202312312300-202412312300.csv,2024-01-01,2024-12-30,Week 19,19,Poland,PL,12037.0,12772.55,21505.78,20614.0,2024,2026-07-06 20:09:35,2024,12,4,19,winter,1,0,0,0,0.7485107481711013,-0.663122658240795,735.5499999999993,891.7799999999988,735.5499999999993,891.7799999999988,11786.35,13228.05,14129.98,13177.33,21213.63,23582.73,22958.48,22297.05,11172.0,12182.0,12975.0,12298.0,20211.0,21951.0,21607.0,20983.0,13048.126666666665,1182.1293070698025,13080.4275,967.3640340766211,13017.268750000001,1137.4322917423392,22584.946666666667,1227.9267347172529,22512.972500000003,1012.8789825171453,23183.51625,1085.6382588523047,12109.666666666666,903.6737980783062,12156.75,743.8312420614329,12122.375,1123.6246116284292,21256.333333333332,921.4799690353158,21188.0,764.6968898415454,21800.375,971.0578822677312,986.1999999999989,0.0836730624832962,292.1499999999978,0.013771806145388421,865.0,0.07742570712495533,403.0,0.01993963683142841,8733.23,8577.0,-694.0500000000011,-462.0
GUI_TOTAL_LOAD_YEARAHEAD_202312312300-202412312300.csv,2024-01-01,2024-12-30,Week 20,20,Poland,PL,11564.0,12760.8,21539.54,20476.0,2024,2026-07-06 20:09:35,2024,12,4,20,winter,1,0,0,0,0.6631226582407952,-0.7485107481711012,1196.7999999999993,1063.5400000000009,1196.7999999999993,1063.5400000000009,12772.55,11786.35,13228.05,14129.98,21505.78,21213.63,23582.73,22958.48,12037.0,11172.0,12182.0,12975.0,20614.0,20211.0,21951.0,21607.0,12595.65,736.949747269104,12979.2325,974.989960918399,12854.856249999999,1055.122783686985,22100.713333333333,1291.7499587123775,22315.155,1138.574935683475,22865.36625,1165.1378330840655,11797.0,546.0998077274281,12091.5,738.7405949767854,11947.375,990.7988029146662,20925.333333333332,910.8217901067837,21095.75,818.0657573406507,21496.875,904.7200731244393,-11.75,-0.0009199415934953992,33.76000000000204,0.001569810534656435,-473.0,-0.039295505524632346,-138.0,-0.006694479479965043,8778.740000000002,8912.0,45.51000000000204,335.0
GUI_TOTAL_LOAD_YEARAHEAD_202312312300-202412312300.csv,2024-01-01,2024-12-30,Week 21,21,Poland,PL,11979.0,12968.59,21903.6,20705.0,2024,2026-07-06 20:09:35,2024,12,4,21,winter,1,0,0,0,0.5680647467311558,-0.8229838658936564,989.5900000000001,1198.5999999999985,989.5900000000001,1198.5999999999985,12760.8,12772.55,11786.35,13228.05,21539.54,21505.78,21213.63,23582.73,11564.0,12037.0,11172.0,12182.0,20476.0,20614.0,20211.0,21951.0,12439.9,566.0213931469335,12636.937499999998,607.3564993409235,12661.5375,877.7503706432144,21419.65,179.21527474009952,21960.42,1091.3939930504557,22506.682500000003,1058.8787971076542,11591.0,433.1316197184533,11738.75,460.85672032276847,11716.0,796.1114423065515,20433.666666666668,204.80804020673824,20813.0,776.8779397906291,21185.75,740.8521637759007,207.79000000000087,0.016283461851921643,364.0599999999977,0.016901939410033817,415.0,0.03588723625043233,229.0,0.011183824965813605,8935.009999999998,8726.0,156.2699999999968,-186.0
GUI_TOTAL_LOAD_YEARAHEAD_202312312300-202412312300.csv,2024-01-01,2024-12-30,Week 22,22,Poland,PL,11621.0,12485.81,21744.96,20426.0,2024,2026-07-06 20:09:35,2024,12,4,22,winter,1,0,0,0,0.46472317204376906,-0.8854560256532096,864.8099999999995,1318.9599999999991,864.8099999999995,1318.9599999999991,12968.59,12760.8,12772.55,11786.35,21903.6,21539.54,21505.78,21213.63,11979.0,11564.0,12037.0,11172.0,20705.0,20476.0,20614.0,20211.0,12833.980000000001,116.72362528639522,12572.0725,532.4143975247679,12792.242499999998,828.5287613380123,21649.64,220.5826276027785,21540.637499999997,282.779025197429,22223.894999999997,829.7612201280616,11860.0,257.97868128962705,11688.0,403.36666528936047,11862.125,708.526325249401,20598.333333333332,115.3010552134056,20501.5,215.3361712919265,20987.0,600.7978029254148,-482.78000000000065,-0.03722686891944316,-158.63999999999942,-0.00724264504465022,-358.0,-0.029885633191418348,-279.0,-0.013475006037189097,9259.15,8805.0,324.14000000000124,79.0
GUI_TOTAL_LOAD_YEARAHEAD_202312312300-202412312300.csv,2024-01-01,2024-12-30,Week 23,23,Poland,PL,11789.0,12553.09,21596.03,20667.0,2024,2026-07-06 20:09:35,2024,12,4,23,winter,1,0,0,0,0.35460488704253584,-0.9350162426854147,764.0900000000001,929.0299999999988,764.0900000000001,929.0299999999988,12485.81,12968.59,12760.8,12772.55,21744.96,21903.6,21539.54,21505.78,11621.0,11979.0,11564.0,12037.0,20426.0,20705.0,20476.0,20614.0,12738.4,242.1682309882909,12746.9375,198.4654219043254,12913.682499999999,670.6048713714798,21729.366666666665,182.53023019070363,21673.47,186.30424758070416,22093.221250000002,809.8878416781179,11721.333333333334,224.95851469385684,11800.25,242.17538410552342,11978.5,546.4150698612017,20535.666666666668,148.76267453002077,20555.25,127.6228166643122,20871.625,609.905364438971,67.28000000000065,0.005388517044549124,-148.9300000000003,-0.006848943387341211,168.0,0.014456587212804406,241.0,0.011798687946734443,9042.939999999999,8878.0,-216.21000000000095,73.0
GUI_TOTAL_LOAD_YEARAHEAD_202312312300-202412312300.csv,2024-01-01,2024-12-30,Week 24,24,Poland,PL,11906.0,11807.507,21812.81,20879.0,2024,2026-07-06 20:09:35,2024,12,4,24,winter,1,0,0,0,0.23931566428755768,-0.970941817426052,-98.4930000000004,933.8100000000013,98.4930000000004,933.8100000000013,12553.09,12485.81,12968.59,12760.8,21596.03,21744.96,21903.6,21539.54,11789.0,11621.0,11979.0,11564.0,20667.0,20426.0,20705.0,20476.0,12669.163333333336,261.48402653571634,12692.072499999998,218.36189477942776,12835.6525,671.8613541232309,21748.196666666667,153.81054331049467,21696.0325,163.2672347970642,22005.59375,822.5094495667533,11796.333333333334,179.11262750924988,11738.25,186.76790409487305,11914.875,533.3761571348988,20599.333333333332,151.30873515208864,20568.5,138.07848009978224,20832.125,611.8913156295508,-745.5830000000005,-0.05939438018846355,216.78000000000247,0.010037956050255703,117.0,0.009924505895326119,212.0,0.01025789906614416,10005.303000000002,8973.0,962.363000000003,95.0
GUI_TOTAL_LOAD_YEARAHEAD_202312312300-202412312300.csv,2024-01-01,2024-12-30,Week 25,25,Poland,PL,11856.0,12022.393,21167.92,22104.0,2024,2026-07-06 20:09:35,2024,12,4,25,winter,1,0,0,0,0.12053668025532308,-0.992708874098054,166.39300000000003,-936.0800000000017,166.39300000000003,936.0800000000017,11807.507,12553.09,12485.81,12968.59,21812.81,21596.03,21744.96,21903.6,11906.0,11789.0,11621.0,11979.0,20879.0,20667.0,20426.0,20705.0,12282.135666666667,412.4147524232486,12453.74925,480.8279386803341,12545.343375,516.4920330733893,21717.933333333334,110.88833407294443,21764.35,129.6746294896665,21862.385000000002,727.1034474050969,11772.0,143.2585076005389,11823.75,156.18658713215717,11781.25,321.7806484459184,20657.333333333332,226.65465654454357,20669.25,186.59113055019367,20741.125,528.6633920963912,214.88600000000042,0.018199099945483965,-644.890000000003,-0.02956473741805865,-50.0,-0.004199563245422477,1225.0,0.05867139230806062,9145.526999999998,10248.0,-859.7760000000035,1275.0
GUI_TOTAL_LOAD_YEARAHEAD_202312312300-202412312300.csv,2024-01-01,2024-12-30,Week 26,26,Poland,PL,12163.0,12552.942,22290.695,22238.0,2024,2026-07-06 20:09:35,2024,12,4,26,winter,1,0,0,0,-3.216245299353273e-16,-1.0,389.9419999999991,52.69499999999971,389.9419999999991,52.69499999999971,12022.393,11807.507,12553.09,12485.81,21167.92,21812.81,21596.03,21744.96,11856.0,11906.0,11789.0,11621.0,22104.0,20879.0,20667.0,20426.0,12127.663333333332,383.7771290506103,12217.199999999999,360.91159845498095,12394.63625,461.83420034924774,21525.586666666666,328.1653172312585,21580.43,289.52745718948626,21560.53375,265.7972543086066,11850.333333333334,58.70547958468789,11793.0,124.28193754520905,11740.5,281.95795025903243,21216.666666666668,775.7295490912567,21019.0,746.6319932425432,20760.25,579.0508859948616,530.5489999999991,0.04413006628547245,1122.7750000000015,0.053041347472968514,307.0,0.025894062078272606,134.0,0.006062251176257583,9737.753,10075.0,592.2260000000024,-173.0
GUI_TOTAL_LOAD_YEARAHEAD_202312312300-202412312300.csv,2024-01-01,2024-12-30,Week 27,27,Poland,PL,12181.0,12169.702,21870.607,21800.0,2024,2026-07-06 20:09:35,2024,12,4,27,winter,1,0,0,0,-0.12053668025532283,-0.992708874098054,-11.298000000000684,70.60699999999997,11.298000000000684,70.60699999999997,12552.942,12022.393,11807.507,12553.09,22290.695,21167.92,21812.81,21596.03,12163.0,11856.0,11906.0,11789.0,22238.0,22104.0,20879.0,20667.0,12127.614,383.6950989223021,12233.983,378.68906674033076,12490.460249999998,391.8138109251106,21757.141666666666,563.4537670993689,21716.86375,467.0574633342221,21695.166875,330.00473486763707,11975.0,164.72097619895524,11928.5,163.51656389080793,11864.375,203.20850481356047,21740.333333333332,748.9394724097031,21472.0,813.6039167391789,21013.625,728.5580548492479,-383.2399999999998,-0.03052989490431801,-420.08799999999974,-0.018845890628354067,18.0,0.001479898051467643,-438.0,-0.01969601582876157,9700.905,9619.0,-36.847999999999956,-456.0
GUI_TOTAL_LOAD_YEARAHEAD_202312312300-202412312300.csv,2024-01-01,2024-12-30,Week 28,28,Poland,PL,12150.0,12252.156,22609.532,21825.0,2024,2026-07-06 20:09:35,2024,12,4,28,winter,1,0,0,0,-0.23931566428755743,-0.9709418174260521,102.15600000000086,784.5319999999992,102.15600000000086,784.5319999999992,12169.702,12552.942,12022.393,11807.507,21870.607,22290.695,21167.92,21812.81,12181.0,12163.0,11856.0,11906.0,21800.0,22238.0,22104.0,20879.0,12248.345666666666,273.87803869666027,12138.136,313.99172371363966,12415.10425,387.76087090252724,21776.407333333333,567.2839747925794,21785.508,463.5429076571919,21740.770249999998,325.2683247922438,12066.666666666666,182.66453770031944,12026.5,169.4038567053763,11882.375,225.8051862620716,22047.333333333332,224.43113271853565,21755.25,612.2338197126975,21161.875,755.7814191758315,82.45400000000154,0.006775350785089174,738.9249999999993,0.03378621361537881,-31.0,-0.0025449470486823556,25.0,0.0011467889908256534,10357.375999999998,9675.0,656.4709999999977,56.0
GUI_TOTAL_LOAD_YEARAHEAD_202312312300-202412312300.csv,2024-01-01,2024-12-30,Week 29,29,Poland,PL,12569.0,12132.126,22050.981,21725.0,2024,2026-07-06 20:09:35,2024,12,4,29,winter,1,0,0,0,-0.3546048870425356,-0.9350162426854148,-436.8739999999998,325.98099999999977,436.8739999999998,325.98099999999977,12252.156,12169.702,12552.942,12022.393,22609.532,21870.607,22290.695,21167.92,12150.0,12181.0,12163.0,11856.0,21825.0,21800.0,22238.0,22104.0,12324.933333333332,201.71918497091394,12249.29825,223.62859770963925,12351.52375,363.9497986947418,22256.944666666666,370.6168542530406,21984.6885,622.9485663008553,21874.519249999998,432.8872150262287,12164.666666666666,15.567059236502018,12087.5,154.85584694586686,11955.625,201.5128053357371,21954.333333333332,245.98035151882516,21991.75,214.33054689738785,21330.5,730.9752780654505,-120.03000000000065,-0.00979664313774653,-558.5509999999995,-0.024704226518266648,419.0,0.03448559670781903,-100.0,-0.004581901489117968,9918.855,9156.0,-438.5209999999988,-519.0
GUI_TOTAL_LOAD_YEARAHEAD_202312312300-202412312300.csv,2024-01-01,2024-12-30,Week 30,30,Poland,PL,12194.0,12162.816,20792.121,20936.0,2024,2026-07-06 20:09:35,2024,12,4,30,winter,1,0,0,0,-0.46472317204376806,-0.8854560256532101,-31.183999999999287,-143.87900000000081,31.183999999999287,143.87900000000081,12132.126,12252.156,12169.702,12552.942,22050.981,22609.532,21870.607,22290.695,12569.0,12150.0,12181.0,12163.0,21725.0,21825.0,21800.0,22238.0,12184.661333333335,61.397365296313964,12276.7315,190.84222105445238,12246.965750000001,269.15789436515723,22177.039999999997,385.2540622979778,22205.45375,319.6505796973967,21892.941875,437.4140406704478,12300.0,233.47590882132042,12265.75,202.56583292019744,12029.375,296.74950354994195,21783.333333333332,52.041649986568224,21897.0,231.27040450520235,21458.0,694.3243375500325,30.69000000000051,0.0025296473182030432,-1258.8600000000006,-0.057088616601683184,-375.0,-0.029835309093802165,-789.0,-0.03631760644418869,8629.304999999998,8742.0,-1289.550000000001,-414.0
GUI_TOTAL_LOAD_YEARAHEAD_202312312300-202412312300.csv,2024-01-01,2024-12-30,Week 31,31,Poland,PL,11950.0,11646.489,20575.306,20676.0,2024,2026-07-06 20:09:35,2024,12,4,31,winter,1,0,0,0,-0.5680647467311556,-0.8229838658936566,-303.5110000000004,-100.6939999999995,303.5110000000004,100.6939999999995,12162.816,12132.126,12252.156,12169.702,20792.121,22050.981,22609.532,21870.607,12194.0,12569.0,12150.0,12181.0,20936.0,21725.0,21825.0,21800.0,12182.366,62.35745424562842,12179.2,51.30687696592179,12206.591499999999,251.88312733604246,21817.544666666665,930.9216277541657,21830.81025,760.5572217031863,21773.837,587.4566846459632,12304.333333333334,230.2614456075419,12273.5,197.8627470411074,12101.0,249.48861983779298,21495.333333333332,486.9705672146151,21571.5,425.79220284077485,21521.75,603.5077819358659,-516.3270000000011,-0.042451271152996184,-216.8149999999987,-0.010427748087845301,-244.0,-0.020009840905363285,-260.0,-0.012418800152846798,8928.817000000001,8726.0,299.51200000000244,-16.0
GUI_TOTAL_LOAD_YEARAHEAD_202312312300-202412312300.csv,2024-01-01,2024-12-30,Week 32,32,Poland,PL,11987.0,11816.453,20400.141,20345.0,2024,2026-07-06 20:09:35,2024,12,4,32,winter,1,0,0,0,-0.663122658240795,-0.7485107481711013,-170.54700000000048,55.14099999999962,170.54700000000048,55.14099999999962,11646.489,12162.816,12132.126,12252.156,20575.306,20792.121,22050.981,22609.532,11950.0,12194.0,12569.0,12150.0,20676.0,20936.0,21725.0,21825.0,11980.476999999999,289.6488514270252,12048.39675,272.7330951356028,12093.266375,276.4645927239063,21139.46933333333,796.8013082999643,21506.985,981.5969696981588,21646.246499999997,726.0818566148137,12237.666666666666,311.80175325561294,12215.75,258.331021495007,12121.125,226.12539978641746,21112.333333333332,546.2786224385164,21290.5,570.8943276415807,21522.875,601.6924790004608,169.96399999999994,0.014593582666844851,-175.16500000000087,-0.0085133606275406,37.0,0.003096234309623469,-331.0,-0.016008899206809812,8583.688,8358.0,-345.1290000000008,-368.0
GUI_TOTAL_LOAD_YEARAHEAD_202312312300-202412312300.csv,2024-01-01,2024-12-30,Week 33,33,Poland,PL,11869.0,12052.611,19817.546,19929.0,2024,2026-07-06 20:09:35,2024,12,4,33,winter,1,0,0,0,-0.7485107481711011,-0.6631226582407952,183.6110000000008,-111.45400000000154,183.6110000000008,111.45400000000154,11816.453,11646.489,12162.816,12132.126,20400.141,20575.306,20792.121,22050.981,11987.0,11950.0,12194.0,12569.0,20345.0,20676.0,20936.0,21725.0,11875.252666666667,263.13768892412185,11939.471,250.31368233877086,12094.384624999999,275.1586341222012,20589.189333333332,196.3584485286781,20954.63725,748.2734433722555,21469.662874999998,842.2711933634534,12043.666666666666,131.50031685616386,12175.0,283.76398643941326,12131.25,216.73535541233264,20652.333333333332,296.2099480661013,20920.5,588.3425872737744,21456.125,704.2125161179318,236.15800000000127,0.01998552357462957,-582.5950000000012,-0.028558381042562475,-118.0,-0.009843997664136128,-416.0,-0.020447284345047945,7764.934999999998,8060.0,-818.7530000000024,-298.0
GUI_TOTAL_LOAD_YEARAHEAD_202312312300-202412312300.csv,2024-01-01,2024-12-30,Week 34,34,Poland,PL,12225.0,12324.479,21589.683,22230.0,2024,2026-07-06 20:09:35,2024,12,4,34,winter,1,0,0,0,-0.8229838658936564,-0.5680647467311559,99.47899999999936,-640.3169999999991,99.47899999999936,640.3169999999991,12052.611,11816.453,11646.489,12162.816,19817.546,20400.141,20575.306,20792.121,11869.0,11987.0,11950.0,12194.0,19929.0,20345.0,20676.0,20936.0,11838.517666666667,203.95810073965632,11919.592250000002,232.432693101132,12098.161875,274.235044717631,20264.331000000002,396.7156683007212,20396.2785,417.80711499634367,21300.866125,1026.5370361247963,11935.333333333334,60.35174672923714,12000.0,138.4027938060592,12132.875,214.41311093973016,20316.666666666668,374.30513399273923,20471.5,435.08198461132764,21184.25,827.4269497320367,271.8679999999986,0.02255677213841878,1772.1370000000024,0.08942262578827886,356.0,0.029994102283258828,2301.0,0.1154598825831703,9265.204000000002,10005.0,1500.2690000000039,1945.0
GUI_TOTAL_LOAD_YEARAHEAD_202312312300-202412312300.csv,2024-01-01,2024-12-30,Week 35,35,Poland,PL,12293.0,12300.04,21752.177,21641.0,2024,2026-07-06 20:09:35,2024,12,4,35,winter,1,0,0,0,-0.8854560256532096,-0.4647231720437691,7.040000000000873,111.17699999999968,7.040000000000873,111.17699999999968,12324.479,12052.611,11816.453,11646.489,21589.683,19817.546,20400.141,20575.306,12225.0,11869.0,11987.0,11950.0,22230.0,19929.0,20345.0,20676.0,12064.514333333333,254.2220902622918,11960.007999999998,294.5712289843125,12069.604000000001,228.13031346018394,20602.45666666667,903.2253918190025,20595.669,737.6053791103859,21213.239625,957.5769094985916,12027.0,181.33946068061988,12007.75,152.9866551914114,12140.625,216.7651378796785,20834.666666666668,1226.164888313689,20795.0,1004.2977646096788,21183.25,825.9750515083921,-24.438999999998487,-0.001982964148017796,162.49399999999878,0.0075264653028948025,68.0,0.005562372188139042,-589.0,-0.026495726495726513,9452.136999999999,9348.0,186.93299999999726,-657.0
GUI_TOTAL_LOAD_YEARAHEAD_202312312300-202412312300.csv,2024-01-01,2024-12-30,Week 36,36,Poland,PL,12606.0,12253.894,21447.655,21968.0,2024,2026-07-06 20:09:35,2024,12,4,36,winter,1,0,0,0,-0.9350162426854147,-0.3546048870425359,-352.10599999999977,-520.3450000000012,352.10599999999977,520.3450000000012,12300.04,12324.479,12052.611,11816.453,21752.177,21589.683,19817.546,20400.141,12293.0,12225.0,11869.0,11987.0,21641.0,22230.0,19929.0,20345.0,12225.710000000001,150.4053324553243,12123.39575,238.650369857062,12085.89625,240.61282493060256,21053.135333333335,1073.1317838432276,20889.88675,935.0623598656415,21198.435875,946.8174649529191,12129.0,227.71912523971204,12093.5,199.0267988655169,12154.625,223.26469716459042,21266.666666666668,1195.3009383972394,21036.25,1079.2884615955695,21163.375,810.7877893047721,-46.14600000000064,-0.0037516951164386914,-304.52200000000084,-0.01399961024590779,313.0,0.025461644838526087,327.0,0.015110207476549231,9193.760999999999,9362.0,-258.3760000000002,14.0
GUI_TOTAL_LOAD_YEARAHEAD_202312312300-202412312300.csv,2024-01-01,2024-12-30,Week 37,37,Poland,PL,12350.0,12733.543,21307.241,21249.0,2024,2026-07-06 20:09:35,2024,12,4,37,winter,1,0,0,0,-0.970941817426052,-0.23931566428755774,383.54299999999967,58.241000000001804,383.54299999999967,58.241000000001804,12253.894,12300.04,12324.479,12052.611,21447.655,21752.177,21589.683,19817.546,12606.0,12293.0,12225.0,11869.0,21968.0,21641.0,22230.0,19929.0,12292.804333333333,35.844479495881345,12232.756000000001,123.61132830231614,12086.1135,240.7851094714043,21596.505,152.37557837186642,21151.76525,898.1384408001051,21053.20125,772.5113324609038,12374.666666666666,203.20515085321185,12248.25,302.411832881343,12211.625,274.2928244986109,21946.333333333332,295.0971591413913,21442.0,1037.04548276984,21181.25,828.8335607518416,479.64899999999943,0.039142577861372096,-140.41399999999703,-0.006546822951040476,-256.0,-0.020307789941297782,-719.0,-0.032729424617625624,8573.698000000002,8899.0,-620.0629999999965,-463.0
GUI_TOTAL_LOAD_YEARAHEAD_202312312300-202412312300.csv,2024-01-01,2024-12-30,Week 38,38,Poland,PL,11975.0,12079.001,21020.94,21175.0,2024,2026-07-06 20:09:35,2024,12,4,38,winter,1,0,0,0,-0.992708874098054,-0.12053668025532357,104.0010000000002,-154.0600000000013,104.0010000000002,154.0600000000013,12733.543,12253.894,12300.04,12324.479,21307.241,21447.655,21752.177,21589.683,12350.0,12606.0,12293.0,12225.0,21249.0,21968.0,21641.0,22230.0,12429.159,264.6121273127861,12402.989,222.3042829411918,12161.290625,333.3117993132317,21502.357666666667,227.45614374973925,21524.189,190.7807467922336,20960.23375,673.7151186924625,12416.333333333334,166.71032761432966,12368.5,166.37407650628393,12184.25,242.63184928139796,21619.333333333332,359.98935169435083,21772.0,423.81993031632044,21121.75,800.8352336333464,-654.5419999999995,-0.05140297558974749,-286.3010000000031,-0.01343679362335104,-375.0,-0.030364372469635637,-74.0,-0.0034825168243211024,8941.938999999998,9200.0,368.24099999999635,301.0
GUI_TOTAL_LOAD_YEARAHEAD_202312312300-202412312300.csv,2024-01-01,2024-12-30,Week 39,39,Poland,PL,12200.0,12097.579,21254.565,21282.0,2024,2026-07-06 20:09:35,2024,12,4,39,winter,1,0,0,0,-1.0,-1.8369701987210297e-16,-102.42100000000028,-27.43500000000131,102.42100000000028,27.43500000000131,12079.001,12733.543,12253.894,12300.04,21020.94,21307.241,21447.655,21752.177,11975.0,12350.0,12606.0,12293.0,21175.0,21249.0,21968.0,21641.0,12355.479333333335,338.88935126724016,12341.619499999999,278.08699152423003,12150.813750000001,334.5718853497904,21258.612,217.47415372220846,21382.00325,304.02566886835297,20988.836125,670.4074468256475,12310.333333333334,317.3646693210755,12306.0,259.27205788512197,12156.875,253.48622814097638,21464.0,438.0422354065709,21508.25,368.4466266186512,21151.625,797.3663681144354,18.57799999999952,0.0015380411012466677,233.625,0.011113917836214737,225.0,0.018789144050104456,107.0,0.00505312868949237,9156.985999999999,9082.0,215.04700000000048,-118.0
GUI_TOTAL_LOAD_YEARAHEAD_202312312300-202412312300.csv,2024-01-01,2024-12-30,Week 40,40,Poland,PL,12906.0,12959.716,22300.822,22538.0,2024,2026-07-06 20:09:35,2024,12,4,40,winter,1,0,0,0,-0.992708874098054,0.1205366802553232,53.71600000000035,-237.17799999999988,53.71600000000035,237.17799999999988,12097.579,12079.001,12733.543,12253.894,21254.565,21020.94,21307.241,21447.655,12200.0,11975.0,12350.0,12606.0,21282.0,21175.0,21249.0,21968.0,12303.374333333333,372.6527832410899,12291.004249999998,305.27387772006796,12207.2,269.02565913153376,21194.248666666666,152.38310503638573,21257.60025,177.57843218377124,21073.7435,653.3489097834066,12175.0,188.74586088161058,12282.75,264.93442584908865,12188.125,239.35534701120412,21235.333333333332,54.79355193194777,21418.5,369.0550997705678,21227.375,774.1747564803659,862.1370000000006,0.07126525067536238,1046.2570000000014,0.04922504883068646,706.0,0.057868852459016296,1256.0,0.05901700967954149,9341.106,9632.0,184.1200000000008,550.0
GUI_TOTAL_LOAD_YEARAHEAD_202312312300-202412312300.csv,2024-01-01,2024-12-30,Week 41,41,Poland,PL,13549.0,12603.36,22022.074,22038.0,2024,2026-07-06 20:09:35,2024,12,4,41,winter,1,0,0,0,-0.9709418174260521,0.23931566428755738,-945.6399999999994,-15.925999999999476,945.6399999999994,15.925999999999476,12959.716,12097.579,12079.001,12733.543,22300.822,21254.565,21020.94,21307.241,12906.0,12200.0,11975.0,12350.0,22538.0,21282.0,21175.0,21249.0,12378.765333333335,503.20377914551847,12467.459749999998,447.5222457289111,12350.107875,328.8159414038216,21525.442333333336,681.5829962422052,21470.892,567.1036436530828,21311.328625,715.9869681168577,12360.333333333334,485.76777716649366,12357.75,396.66137951656634,12303.0,331.7400014641396,21665.0,757.9307356216567,21561.0,652.8680315857592,21501.5,804.7556860847392,-356.35599999999977,-0.02749720750053475,-278.7479999999996,-0.012499449571858778,643.0,0.049821788315512094,-500.0,-0.022184754636613735,9418.714,8489.0,77.60800000000017,-1143.0
GUI_TOTAL_LOAD_YEARAHEAD_202312312300-202412312300.csv,2024-01-01,2024-12-30,Week 42,42,Poland,PL,12963.0,12887.841,22513.716,22244.0,2024,2026-07-06 20:09:35,2024,12,4,42,winter,1,0,0,0,-0.9350162426854148,0.35460488704253557,-75.15899999999965,269.71600000000035,75.15899999999965,269.71600000000035,12603.36,12959.716,12097.579,12079.001,22022.074,22300.822,21254.565,21020.94,13549.0,12906.0,12200.0,11975.0,22038.0,22538.0,21282.0,21175.0,12553.551666666666,433.2213109304911,12434.914,425.9343298029222,12418.951500000001,314.9957264576541,21859.153666666665,541.8216531041112,21649.60025,609.3967018794287,21586.894625,423.37772127032434,12885.0,674.7451370702503,12657.5,714.5247838015484,12513.0,504.5110787400322,21952.666666666668,632.3332454752945,21758.25,646.3396295034553,21765.125,506.036824605826,284.48099999999977,0.022571837986060883,491.6419999999998,0.022324963579724688,-586.0,-0.04325042438556348,206.0,0.00934749069788543,9625.875,9281.0,207.16100000000006,792.0
GUI_TOTAL_LOAD_YEARAHEAD_202312312300-202412312300.csv,2024-01-01,2024-12-30,Week 43,43,Poland,PL,13083.0,12669.978,22277.023,22094.0,2024,2026-07-06 20:09:35,2024,12,4,43,winter,1,0,0,0,-0.8854560256532101,0.464723172043768,-413.02200000000084,183.02300000000105,413.02200000000084,183.02300000000105,12887.841,12603.36,12959.716,12097.579,22513.716,22022.074,22300.822,21254.565,12963.0,13549.0,12906.0,12200.0,22244.0,22038.0,22538.0,21282.0,12816.972333333333,188.4520512500058,12637.124,391.226033248469,12489.37175,351.6931233089433,22278.870666666666,246.55498335550055,22022.794250000003,550.2969785211768,21702.39875,535.4572581397891,13139.333333333334,355.92461748702937,12904.5,552.3057727985893,12605.25,511.7470775965167,22273.333333333332,251.287352115697,22025.5,536.4534773242972,21766.875,507.8949378140596,-217.8630000000012,-0.016904538161201854,-236.6929999999993,-0.0105132799934049,120.0,0.009257116408238897,-150.0,-0.006743391476353167,9607.045000000002,9011.0,-18.82999999999811,-270.0
GUI_TOTAL_LOAD_YEARAHEAD_202312312300-202412312300.csv,2024-01-01,2024-12-30,Week 44,44,Poland,PL,12450.0,12181.514,22651.81,22318.0,2024,2026-07-06 20:09:35,2024,12,4,44,winter,1,0,0,0,-0.822983865893657,0.5680647467311548,-268.4860000000008,333.8100000000013,268.4860000000008,333.8100000000013,12669.978,12887.841,12603.36,12959.716,22277.023,22513.716,22022.074,22300.822,13083.0,12963.0,13549.0,12906.0,22094.0,22244.0,22038.0,22538.0,12720.393000000002,148.79050375948353,12780.223750000001,170.52258087493703,12535.614000000001,347.5386332851762,22270.937666666665,245.87748474073814,22278.408750000002,201.31342068081415,21768.004500000003,573.2468386446513,13198.333333333334,309.5566722480538,13125.25,291.97302957632616,12704.0,519.0551856154519,22125.333333333332,106.51447475962136,22228.5,223.91292950608533,21823.5,517.0266641369439,-488.46399999999994,-0.038552868836867704,374.78700000000026,0.01682392660814691,-633.0,-0.048383398303141534,224.0,0.010138499140037949,10470.296000000002,9868.0,863.2510000000002,857.0
GUI_TOTAL_LOAD_YEARAHEAD_202312312300-202412312300.csv,2024-01-01,2024-12-30,Week 45,45,Poland,PL,13387.0,13509.54,23558.325,23488.0,2024,2026-07-06 20:09:35,2024,12,4,45,winter,1,0,0,0,-0.7485107481711011,0.6631226582407952,122.54000000000087,70.32500000000073,122.54000000000087,70.32500000000073,12181.514,12669.978,12887.841,12603.36,22651.81,22277.023,22513.716,22022.074,12450.0,13083.0,12963.0,13549.0,22318.0,22094.0,22244.0,22038.0,12579.777666666667,361.6995062649852,12585.67325,295.56170280712627,12526.5665,356.7407031384677,22480.849666666665,189.54279396066013,22366.15575,276.7124113158166,21918.523875000003,632.1757517595861,12832.0,336.2186788385651,13011.25,451.53543604016204,12684.5,526.1447383698624,22218.666666666668,114.12858245557074,22173.5,129.78315247621217,21867.25,545.0496045577652,1328.0260000000017,0.10901978194171935,906.5149999999994,0.04001953927743518,937.0,0.07526104417670676,1170.0,0.05242405233443859,10048.785,10101.0,-421.51100000000224,233.0
GUI_TOTAL_LOAD_YEARAHEAD_202312312300-202412312300.csv,2024-01-01,2024-12-30,Week 46,46,Poland,PL,13606.0,13522.166,24296.495,23988.0,2024,2026-07-06 20:09:35,2024,12,4,46,winter,1,0,0,0,-0.6631226582407955,0.7485107481711007,-83.83400000000074,308.494999999999,83.83400000000074,308.494999999999,13509.54,12181.514,12669.978,12887.841,23558.325,22651.81,22277.023,22513.716,13387.0,12450.0,13083.0,12963.0,23488.0,22318.0,22094.0,22244.0,12787.010666666667,671.7036161651474,12812.218250000002,550.7560146528141,12623.566125,498.42232767560455,22829.05266666667,658.782912624774,22750.2185,560.5258727126786,22199.909375,799.9448058808966,12973.333333333334,478.02963645916924,12970.75,390.3437587562785,12814.125,558.6965538516606,22633.333333333332,748.588894743516,22536.0,641.471225647207,22147.125,726.7845893287222,12.625999999998385,0.0009345988094338065,738.1699999999983,0.03133372173106519,219.0,0.016359154403525755,500.0,0.021287465940054595,10774.329,10382.0,725.5439999999999,281.0
GUI_TOTAL_LOAD_YEARAHEAD_202312312300-202412312300.csv,2024-01-01,2024-12-30,Week 47,47,Poland,PL,14256.0,14269.902,24550.658,24720.0,2024,2026-07-06 20:09:35,2024,12,4,47,winter,1,0,0,0,-0.5680647467311559,0.8229838658936564,13.902000000000044,-169.34200000000055,13.902000000000044,169.34200000000055,13522.166,13509.54,12181.514,12669.978,24296.495,23558.325,22651.81,22277.023,13606.0,13387.0,12450.0,13083.0,23988.0,23488.0,22318.0,22094.0,13071.073333333334,770.4068468084484,12970.799500000001,660.230141449431,12803.961749999999,533.1260404323588,23502.210000000003,823.7771890656976,23195.913249999998,909.7673884344861,22609.353750000002,936.8584870426321,13147.666666666666,614.0393581304767,13131.5,502.4025610337905,13018.0,503.61663424248115,23264.666666666668,857.107538954896,22972.0,912.343502561762,22498.75,857.9197015372239,747.7360000000008,0.05529705817840136,254.16300000000047,0.010460891581275389,650.0,0.047773041305306574,732.0,0.030515257628814352,10280.756,10464.0,-493.5730000000003,82.0
GUI_TOTAL_LOAD_YEARAHEAD_202312312300-202412312300.csv,2024-01-01,2024-12-30,Week 48,48,Poland,PL,14175.0,14359.142,24292.044,23975.0,2024,2026-07-06 20:09:35,2024,12,4,48,winter,1,0,0,0,-0.4647231720437684,0.88545602565321,184.14199999999983,317.0440000000017,184.14199999999983,317.0440000000017,14269.902,13522.166,13509.54,12181.514,24550.658,24296.495,23558.325,22651.81,14256.0,13606.0,13387.0,12450.0,24720.0,23988.0,23488.0,22318.0,13767.202666666666,435.39616301632367,13370.7805,868.8970112034793,13075.502124999999,660.0535097292131,24135.159333333333,515.4639596773534,23764.322,852.7700199893688,23021.365375,979.7308503627274,13749.666666666666,451.96275657768086,13424.75,747.3042107022472,13275.0,549.0948395834348,24065.333333333332,619.6299971219263,23628.5,1009.5812663343797,22928.5,1009.1137554451317,89.23999999999978,0.006253721994726957,-258.61399999999776,-0.010533892818677115,-81.0,-0.005681818181818232,-745.0,-0.030137540453074485,9932.902000000002,9800.0,-347.85399999999754,-664.0
GUI_TOTAL_LOAD_YEARAHEAD_202312312300-202412312300.csv,2024-01-01,2024-12-30,Week 49,49,Poland,PL,14275.0,14350.913,24547.481,24394.0,2024,2026-07-06 20:09:35,2024,12,4,49,winter,1,0,0,0,-0.35460488704253595,0.9350162426854147,75.91300000000047,153.48099999999977,75.91300000000047,153.48099999999977,14359.142,14269.902,13522.166,13509.54,24292.044,24550.658,24296.495,23558.325,14175.0,14256.0,13606.0,13387.0,23975.0,24720.0,23988.0,23488.0,14050.403333333334,459.6378516237946,13915.1875,462.57747758223485,13250.430375,796.35062366702,24379.732333333333,148.04269821316157,24174.3805,428.1221735396859,23270.268125000002,1022.5268809028573,14012.333333333334,354.217917860319,13856.0,425.9193976955082,13433.625,607.4630941170859,24227.666666666668,426.42271671818696,24042.75,507.9379063100761,23108.125,1056.4580226262822,-8.22899999999936,-0.0005730843806683872,255.43699999999808,0.010515253471465646,100.0,0.007054673721340388,419.0,0.017476538060479774,10196.568,10119.0,263.66599999999744,319.0
GUI_TOTAL_LOAD_YEARAHEAD_202312312300-202412312300.csv,2024-01-01,2024-12-30,Week 50,50,Poland,PL,14600.0,14678.018,24980.744,24781.0,2024,2026-07-06 20:09:35,2024,12,4,50,winter,1,0,0,0,-0.2393156642875578,0.970941817426052,78.01800000000003,199.74399999999878,78.01800000000003,199.74399999999878,14350.913,14359.142,14269.902,13522.166,24547.481,24292.044,24550.658,24296.495,14275.0,14175.0,14256.0,13606.0,24394.0,23975.0,24720.0,23988.0,14326.652333333333,49.319158147078845,14125.530749999998,404.2538204770143,13468.8745,832.3666313120234,24463.394333333334,148.40224352153447,24421.6695,147.1257878654086,23585.944,970.6406312407299,14235.333333333334,53.1068106112855,14078.0,317.6402577339693,13524.375,677.3684242292937,24363.0,373.4661965961385,24269.25,357.9677592558628,23402.625,1043.8383752149728,327.10499999999956,0.022793323323749393,433.262999999999,0.01764999838476289,325.0,0.022767075306479923,387.0,0.01586455685824384,10302.725999999999,10181.0,106.15799999999945,62.0
GUI_TOTAL_LOAD_YEARAHEAD_202312312300-202412312300.csv,2024-01-01,2024-12-30,Week 51,51,Poland,PL,14726.0,14563.526,23639.957,23963.0,2024,2026-07-06 20:09:35,2024,12,4,51,winter,1,0,0,0,-0.12053668025532363,0.992708874098054,-162.47400000000016,-323.0430000000015,162.47400000000016,323.0430000000015,14678.018,14350.913,14359.142,14269.902,24980.744,24547.481,24292.044,24550.658,14600.0,14275.0,14175.0,14256.0,24781.0,24394.0,23975.0,24720.0,14462.691,186.52403814791035,14414.49375,180.23885310405416,13692.646625,892.3224774634812,24606.756333333335,348.1552762148106,24592.73175,285.64807016374255,23894.322500000002,973.213998418643,14350.0,222.20486043282537,14326.5,187.4184266998139,13729.0,728.8593828716364,24383.333333333332,403.10585871867363,24467.5,369.68319770671667,23719.75,1026.7945614525706,-114.49200000000019,-0.007800235699397584,-1340.7870000000003,-0.053672820953611367,126.0,0.008630136986301329,-818.0,-0.033009160243735125,9076.430999999999,9237.0,-1226.295,-944.0
GUI_TOTAL_LOAD_YEARAHEAD_202312312300-202412312300.csv,2024-01-01,2024-12-30,Week 52,52,Poland,PL,12025.0,11955.883,22071.418,22538.0,2024,2026-07-06 20:09:35,2024,12,4,52,winter,1,0,0,0,6.432490598706546e-16,1.0,-69.11700000000019,-466.5819999999985,69.11700000000019,466.5819999999985,14563.526,14678.018,14350.913,14359.142,23639.957,24980.744,24547.481,24292.044,14726.0,14600.0,14275.0,14175.0,23963.0,24781.0,24394.0,23975.0,14530.819000000001,165.98714149898134,14487.89975,160.42465161023577,13929.340125,831.3556134590355,24389.394,684.230275213615,24365.0565,560.7881079079838,24064.68925,741.3177365698805,14533.666666666666,232.70224178831495,14444.0,261.2674236613365,13934.375,751.9416651956246,24379.333333333332,409.19718148261876,24278.25,390.51195030796407,23953.375,789.1778610861918,-2607.643,-0.17905299856641865,-1568.538999999997,-0.06635117821914804,-2701.0,-0.18341708542713564,-1425.0,-0.059466677794933864,10115.535000000002,10513.0,1039.104000000003,1276.0
GUI_TOTAL_LOAD_YEARAHEAD_202412312300-202512312300.csv,2024-12-30,2025-12-29,Week 1,1,Poland,PL,13169.0,12797.49,22824.065,22456.0,2025,2026-07-06 20:09:35,2025,12,4,1,winter,1,0,0,0,0.12053668025532305,0.992708874098054,-371.5100000000002,368.0649999999987,371.5100000000002,368.0649999999987,11955.883,14563.526,14678.018,14350.913,22071.418,23639.957,24980.744,24547.481,12025.0,14726.0,14600.0,14275.0,22538.0,23963.0,24781.0,24394.0,13732.475666666665,1539.6389940360493,13887.085,1294.5816589871847,13901.13625,900.1062068024107,23564.039666666664,1456.1480091990315,23809.9,1286.61075329332,23992.14025,908.8186639541295,13783.666666666666,1524.352430815557,13906.5,1268.6419247893805,13881.25,876.4929712048203,23760.666666666668,1135.1063092650486,23919.0,979.4158122745055,23980.875,725.2976605701804,841.607,0.0703927095974426,752.6469999999972,0.03410052765979943,1144.0,0.09513513513513505,-82.0,-0.0036382997604046396,10026.574999999999,9287.0,-88.96000000000276,-1226.0
GUI_TOTAL_LOAD_YEARAHEAD_202412312300-202512312300.csv,2024-12-30,2025-12-29,Week 2,2,Poland,PL,13950.0,14096.059,24606.878,24213.0,2025,2026-07-06 20:09:35,2025,12,4,2,winter,1,0,0,0,0.23931566428755774,0.970941817426052,146.0589999999993,393.8780000000006,146.0589999999993,393.8780000000006,12797.49,11955.883,14563.526,14678.018,22824.065,22071.418,23639.957,24980.744,13169.0,12025.0,14726.0,14600.0,22456.0,22538.0,23963.0,24781.0,13105.633,1330.8510755148393,13498.729249999999,1341.221472087636,13812.130000000001,976.3378225712419,22845.146666666667,784.481979482237,23379.046000000002,1245.1781572489936,23900.357750000003,992.1456868639755,13306.666666666666,1355.7523126785698,13630.0,1282.0117004146152,13854.0,897.1984969097795,22985.666666666668,847.3879473613733,23434.5,1133.365048575846,23851.875,896.9461582025372,1298.5689999999995,0.10147060087564053,1782.813000000002,0.07811110772774277,781.0,0.05930594578176018,1757.0,0.07824189526184533,10510.819000000001,10263.0,484.2440000000024,976.0
GUI_TOTAL_LOAD_YEARAHEAD_202412312300-202512312300.csv,2024-12-30,2025-12-29,Week 3,3,Poland,PL,14937.0,14862.727,25078.255,24876.0,2025,2026-07-06 20:09:35,2025,12,4,3,winter,1,0,0,0,0.3546048870425356,0.9350162426854148,-74.27299999999923,202.25500000000102,74.27299999999923,202.25500000000102,14096.059,12797.49,11955.883,14563.526,24606.878,22824.065,22071.418,23639.957,13950.0,13169.0,12025.0,14726.0,24213.0,22456.0,22538.0,23963.0,12949.810666666666,1078.1880711936751,13353.2395,1194.1575714710657,13883.866625,973.067037427531,23167.453666666668,1302.1429204186234,23285.5795,1089.1276203765099,23939.155625000003,1015.6402196029521,13048.0,968.1874818442731,13467.5,1152.7556838578769,13897.0,891.8420744247892,23069.0,991.5810607307852,23292.5,924.8230461372941,23880.0,905.3128898736799,766.6680000000015,0.05438881888902425,471.3770000000004,0.019156310686792466,987.0,0.07075268817204305,663.0,0.02738198488415322,10215.528,9939.0,-295.2910000000011,-324.0
GUI_TOTAL_LOAD_YEARAHEAD_202412312300-202512312300.csv,2024-12-30,2025-12-29,Week 4,4,Poland,PL,14179.0,13873.296,24535.848,24568.0,2025,2026-07-06 20:09:35,2025,12,4,4,winter,1,0,0,0,0.4647231720437685,0.8854560256532099,-305.7039999999997,-32.151999999998225,305.7039999999997,32.151999999998225,14862.727,14096.059,12797.49,11955.883,25078.255,24606.878,22824.065,22071.418,14937.0,13950.0,13169.0,12025.0,24876.0,24213.0,22456.0,22538.0,13918.758666666667,1043.9719932509392,13428.03975,1299.9250885440508,13957.96975,1027.7041231524317,24169.732666666667,1188.9765224201258,23645.154000000002,1429.3965710506438,24005.10525,1076.3359006316357,14018.666666666666,885.9979307725848,13520.25,1231.667534956833,13982.125,960.8348211693077,23848.333333333332,1250.534419091823,23520.75,1213.1780234848732,23899.5,927.4014387369871,-989.4310000000005,-0.0665712961019872,-542.4069999999992,-0.021628578224441863,-758.0,-0.0507464685010377,-308.0,-0.012381411802540598,10662.552000000001,10389.0,447.02400000000125,450.0
GUI_TOTAL_LOAD_YEARAHEAD_202412312300-202512312300.csv,2024-12-30,2025-12-29,Week 5,5,Poland,PL,14250.0,14136.881,23513.868,23032.0,2025,2026-07-06 20:09:35,2025,12,4,5,winter,1,0,0,0,0.5680647467311558,0.8229838658936564,-113.1190000000006,481.8679999999986,113.1190000000006,481.8679999999986,13873.296,14862.727,14096.059,12797.49,24535.848,25078.255,24606.878,22824.065,14179.0,14937.0,13950.0,13169.0,24568.0,24876.0,24213.0,22456.0,14277.360666666667,519.0338589074308,13907.393,852.7026026953047,13897.239,1014.8859915573958,24740.327,294.8013146389776,24261.2615,987.9036170445389,24035.58075,1088.9980170875044,14355.333333333334,516.5871981895278,14058.75,727.8426455399792,13982.625,960.9505617579315,24552.333333333332,331.77753590821175,24028.25,1082.6068461511459,23973.625,957.5079167893551,263.5849999999991,0.018999450455032374,-1021.9800000000032,-0.04165252409454134,71.0,0.005007405317723368,-1536.0,-0.06252035167697823,9376.987,8782.0,-1285.5650000000023,-1607.0
GUI_TOTAL_LOAD_YEARAHEAD_202412312300-202512312300.csv,2024-12-30,2025-12-29,Week 6,6,Poland,PL,14725.0,14400.281,23884.022,24114.0,2025,2026-07-06 20:09:35,2025,12,4,6,winter,1,0,0,0,0.6631226582407952,0.7485107481711011,-324.71899999999914,-229.97799999999916,324.71899999999914,229.97799999999916,14136.881,13873.296,14862.727,14096.059,23513.868,24535.848,25078.255,24606.878,14250.0,14179.0,14937.0,13950.0,23032.0,24568.0,24876.0,24213.0,14290.968,512.3968468062674,14242.24075,429.5707919713967,13870.484999999999,1003.980435835001,24375.990333333335,794.3503802707202,24433.712249999997,658.7783869245679,23906.379125,1080.87362925188,14455.333333333334,418.6434441542205,14329.0,425.0670535338711,13979.5,959.9040130584625,24158.666666666668,987.8002497131321,24172.25,806.9929264456604,23803.375,992.5300913034636,263.40000000000146,0.01863211552817079,370.15400000000227,0.015741944285814657,475.0,0.03333333333333344,1082.0,0.04697811740187574,9483.741,9389.0,106.75400000000081,607.0
GUI_TOTAL_LOAD_YEARAHEAD_202412312300-202512312300.csv,2024-12-30,2025-12-29,Week 7,7,Poland,PL,14931.0,14937.055,24643.714,25226.0,2025,2026-07-06 20:09:35,2025,12,4,7,winter,1,0,0,0,0.7485107481711011,0.6631226582407953,6.055000000000291,-582.2860000000001,6.055000000000291,582.2860000000001,14400.281,14136.881,13873.296,14862.727,23884.022,23513.868,24535.848,25078.255,14725.0,14250.0,14179.0,14937.0,24114.0,23032.0,24568.0,24876.0,14136.819333333333,263.4925054120872,14318.29625,421.92537105148523,13835.767875,976.4929254485118,23977.912666666667,517.4189531368875,24252.99825,693.664107962155,23769.288875,990.9522606440473,14384.666666666666,296.86753499381973,14522.75,367.4528314400345,13995.125,972.3834395810408,23904.666666666668,789.1066679057569,24147.5,806.8446773284999,23720.0,924.3482646090265,536.7739999999994,0.03727524483723621,759.6919999999991,0.031807540622764474,206.0,0.013989813242784477,1112.0,0.04611429045367843,9706.659,10295.0,222.91799999999967,906.0
GUI_TOTAL_LOAD_YEARAHEAD_202412312300-202512312300.csv,2024-12-30,2025-12-29,Week 8,8,Poland,PL,14400.0,14417.048,25135.111,25217.0,2025,2026-07-06 20:09:35,2025,12,4,8,winter,1,0,0,0,0.8229838658936564,0.5680647467311559,17.048000000000684,-81.88899999999921,17.048000000000684,81.88899999999921,14937.055,14400.281,14136.881,13873.296,24643.714,23884.022,23513.868,24535.848,14931.0,14725.0,14250.0,14179.0,25226.0,24114.0,23032.0,24568.0,14491.405666666667,407.79576533522004,14336.878250000002,454.2904513160422,13882.459,1024.034736304952,24013.868000000002,576.0060622215149,24144.363,537.8702779580593,23894.7585,1034.8123522847743,14635.333333333334,349.24251363960593,14521.25,365.20348209361094,14020.75,996.7903848997536,24124.0,1097.0341836059592,24235.0,922.8253717072718,23877.875,1068.4119640850174,-520.0069999999996,-0.03481322121395414,491.39700000000084,0.01994005449016334,-531.0,-0.035563592525617804,-9.0,-0.00035677475620388144,10718.063,10817.0,1011.4040000000005,522.0
GUI_TOTAL_LOAD_YEARAHEAD_202412312300-202512312300.csv,2024-12-30,2025-12-29,Week 9,9,Poland,PL,14138.0,14126.852,23646.047,23550.0,2025,2026-07-06 20:09:35,2025,12,4,9,winter,1,0,0,0,0.8854560256532099,0.4647231720437686,-11.147999999999229,96.04699999999866,11.147999999999229,96.04699999999866,14417.048,14937.055,14400.281,14136.881,25135.111,24643.714,23884.022,23513.868,14400.0,14931.0,14725.0,14250.0,25217.0,25226.0,24114.0,23032.0,14584.794666666667,305.18156874611105,14472.81625,335.0331174649268,14190.104625,671.6135856072838,24554.282333333336,630.3209013924757,24294.17875,731.7684893960201,24277.720125,805.0273399636939,14685.333333333334,267.7131549500529,14576.5,308.47852437400655,14317.625,586.8647781705556,24852.333333333332,639.4312577074469,24397.25,1049.2782837106008,24212.75,1006.5066531608957,-290.1959999999999,-0.020128669891367523,-1489.0640000000021,-0.05924238806822868,-262.0,-0.018194444444444402,-1667.0,-0.06610619819962726,9519.194999999998,9412.0,-1198.8680000000022,-1405.0
GUI_TOTAL_LOAD_YEARAHEAD_202412312300-202512312300.csv,2024-12-30,2025-12-29,Week 10,10,Poland,PL,13343.0,12833.984,22710.678,23528.0,2025,2026-07-06 20:09:35,2025,12,4,10,winter,1,0,0,0,0.9350162426854148,0.35460488704253557,-509.0159999999996,-817.3220000000001,509.0159999999996,817.3220000000001,14126.852,14417.048,14937.055,14400.281,23646.047,25135.111,24643.714,23884.022,14138.0,14400.0,14931.0,14725.0,23550.0,25217.0,25226.0,24114.0,14493.651666666667,410.49764507526413,14470.309000000001,338.40567088927054,14356.274875,378.18715010482885,24474.957333333336,758.740409120426,24327.2235,686.3617712258971,24380.467875,625.4054730437118,14489.666666666666,404.0325894445996,14548.5,350.2480073699656,14438.75,379.1772107377917,24664.333333333332,965.051466675911,24526.75,834.6254149816737,24349.5,783.2945076497667,-1292.8680000000004,-0.09151847842675775,-935.3689999999988,-0.039557098063790486,-795.0,-0.05623143301739997,-22.0,-0.0009341825902335898,9876.694,10185.0,357.4990000000016,773.0
GUI_TOTAL_LOAD_YEARAHEAD_202412312300-202512312300.csv,2024-12-30,2025-12-29,Week 11,11,Poland,PL,13744.0,13473.515,22964.849,22731.0,2025,2026-07-06 20:09:35,2025,12,4,11,winter,1,0,0,0,0.970941817426052,0.23931566428755804,-270.4850000000006,233.84899999999834,270.4850000000006,233.84899999999834,12833.984,14126.852,14417.048,14937.055,22710.678,23646.047,25135.111,24643.714,13343.0,14138.0,14400.0,14931.0,23528.0,23550.0,25217.0,25226.0,13792.628000000002,842.7942623535164,14078.73475,894.965400831935,14198.515500000001,660.273935232732,23830.611999999997,1222.7088869763525,24033.887499999997,1077.9432872195455,24143.442875,847.2994003590014,13960.333333333334,550.4419436537344,14203.0,661.4675603030745,14362.875,524.0178397999487,24098.333333333332,968.8561984801078,24380.25,971.4402966729338,24263.875,836.0134034298077,639.530999999999,0.049831057916232435,254.17099999999846,0.011191695818152159,401.0,0.03005321142171935,-797.0,-0.03387453247194827,9491.333999999999,8987.0,-385.3600000000006,-1198.0
GUI_TOTAL_LOAD_YEARAHEAD_202412312300-202512312300.csv,2024-12-30,2025-12-29,Week 12,12,Poland,PL,12275.0,11831.579,23091.324,23594.0,2025,2026-07-06 20:09:35,2025,12,4,12,winter,1,0,0,0,0.992708874098054,0.120536680255323,-443.4210000000003,-502.6759999999995,443.4210000000003,502.6759999999995,13473.515,12833.984,14126.852,14417.048,22964.849,22710.678,23646.047,25135.111,13744.0,13343.0,14138.0,14400.0,22731.0,23528.0,23550.0,25217.0,13478.116999999998,646.4462855945646,13712.849750000001,706.394405269652,14024.864000000001,643.0887238814214,23107.191333333332,483.657726532245,23614.17125,1088.1472363163555,23879.267125,843.6581158415254,13741.666666666666,397.5051362351154,13906.25,462.26714859119886,14213.75,506.76050979308263,23269.666666666668,466.6286889308516,23756.5,1045.5564706572907,23995.75,948.1040856060384,-1641.9359999999997,-0.12186396794006615,126.47500000000218,0.0055073299197396786,-1469.0,-0.10688300349243307,863.0,0.03796577361312736,11259.745,11319.0,1768.4110000000019,2332.0
GUI_TOTAL_LOAD_YEARAHEAD_202412312300-202512312300.csv,2024-12-30,2025-12-29,Week 13,13,Poland,PL,13113.0,13005.151,22462.596,22613.0,2025,2026-07-06 20:09:35,2025,12,4,13,winter,1,0,0,0,1.0,-1.6081226496766366e-16,-107.84900000000016,-150.40399999999863,107.84900000000016,150.40399999999863,11831.579,13473.515,12833.984,14126.852,23091.324,22964.849,22710.678,23646.047,12275.0,13744.0,13343.0,14138.0,23594.0,22731.0,23528.0,23550.0,12713.026,827.6240603963931,13066.4825,977.9402059773456,13769.649375,1011.4623036245202,22922.283666666666,193.86000110996213,23103.2245,394.98456597230023,23698.701624999998,837.6188904502534,13120.666666666666,759.3183346484458,13375.0,801.9463822475765,13975.75,853.7342761572484,23284.333333333332,480.3356465361758,23350.75,414.07678434480067,23874.0,926.4107388965556,1173.5720000000001,0.09918980382922693,-628.7279999999992,-0.027227888708330372,838.0,0.06826883910386972,-981.0,-0.04157836738153764,9457.445000000002,9500.0,-1802.2999999999993,-1819.0
GUI_TOTAL_LOAD_YEARAHEAD_202412312300-202512312300.csv,2024-12-30,2025-12-29,Week 14,14,Poland,PL,13650.0,13509.408,21899.531,21669.0,2025,2026-07-06 20:09:35,2025,12,4,14,winter,1,0,0,0,0.992708874098054,-0.12053668025532288,-140.59200000000055,230.53099999999904,140.59200000000055,230.53099999999904,13005.151,11831.579,13473.515,12833.984,22462.596,23091.324,22964.849,22710.678,13113.0,12275.0,13744.0,13343.0,22613.0,23594.0,22731.0,23528.0,12770.081666666665,845.83192812127,12786.057249999998,691.3575853379069,13628.183125000001,1031.70379480041,22839.589666666667,332.55398048491344,22807.361749999996,279.07463949315525,23567.292625000002,946.1866989169669,13044.0,736.9267263439119,13118.75,619.9926746878912,13833.625,895.1906321321549,22979.333333333332,535.5766362840387,23116.5,516.2237886808365,23821.625,990.4450568882106,504.2569999999996,0.03877363669210765,-563.0650000000023,-0.025066782129723686,537.0,0.040951727293525586,-944.0,-0.04174589837703979,8390.123,8019.0,-1067.322000000002,-1481.0
GUI_TOTAL_LOAD_YEARAHEAD_202412312300-202512312300.csv,2024-12-30,2025-12-29,Week 15,15,Poland,PL,13700.0,13003.485,22512.646,22638.0,2025,2026-07-06 20:09:35,2025,12,4,15,winter,1,0,0,0,0.9709418174260521,-0.2393156642875575,-696.5149999999994,-125.35399999999936,696.5149999999994,125.35399999999936,13509.408,13005.151,11831.579,13473.515,21899.531,22462.596,23091.324,22964.849,13650.0,13113.0,12275.0,13744.0,21669.0,22613.0,23594.0,22731.0,12782.046,860.8771219396017,12954.91325,783.3296180682361,13516.824,983.4091290296585,22484.483666666667,596.197904371014,22604.575,542.8219543748324,23319.23125,1099.0723789471076,13012.666666666666,692.9692152854174,13195.5,673.6836547420788,13699.25,819.7804148498857,22625.333333333332,962.559262244837,22651.75,787.700186196074,23516.0,1234.4997830237633,-505.92299999999886,-0.037449679512233214,613.1150000000016,0.027996718285884903,50.0,0.00366300366300365,969.0,0.04471826111034205,9509.161,8938.0,1119.0380000000005,919.0
GUI_TOTAL_LOAD_YEARAHEAD_202412312300-202512312300.csv,2024-12-30,2025-12-29,Week 16,16,Poland,PL,11775.0,10581.55,21298.92,22738.0,2025,2026-07-06 20:09:35,2025,12,4,16,winter,1,0,0,0,0.9350162426854148,-0.35460488704253545,-1193.4500000000007,-1439.0800000000017,1193.4500000000007,1439.0800000000017,13003.485,13509.408,13005.151,11831.579,22512.646,21899.531,22462.596,23091.324,13700.0,13650.0,13113.0,12275.0,22638.0,21669.0,22613.0,23594.0,13172.681333333334,291.61503720203103,12837.40575,711.5699218860562,13275.12775,806.1175758676918,22291.591,340.45489176258053,22491.524250000002,486.9971663561231,23052.84775,984.4769834821659,13487.666666666666,325.43253269040815,13184.5,662.0002517622718,13545.375,654.3974191138568,22306.666666666668,552.376984796908,22628.5,785.9518645141886,23192.5,1047.274967304605,-2421.9350000000013,-0.18625276224027643,-1213.7260000000024,-0.053913076232798285,-1925.0,-0.1405109489051095,100.0,0.004417351356126975,10717.369999999999,10963.0,1208.208999999999,2025.0
GUI_TOTAL_LOAD_YEARAHEAD_202412312300-202512312300.csv,2024-12-30,2025-12-29,Week 17,17,Poland,PL,11469.0,10463.962,20869.99,20888.0,2025,2026-07-06 20:09:35,2025,12,4,17,winter,1,0,0,0,0.8854560256532099,-0.4647231720437685,-1005.0380000000005,-18.0099999999984,1005.0380000000005,18.0099999999984,10581.55,13003.485,13509.408,13005.151,21298.92,22512.646,21899.531,22462.596,11775.0,13700.0,13650.0,13113.0,22738.0,22638.0,21669.0,22613.0,12364.814333333334,1564.9323571280481,12524.8985,1317.2635587688378,12795.6905,1112.351270783404,21903.698999999997,606.8737347563341,22043.42325,568.877799511352,22573.323875,725.5797340651219,13041.666666666666,1097.250351256853,13059.5,896.610840889167,13217.25,805.3541811792321,22348.333333333332,590.4407957901658,22414.5,499.9256611403971,22882.625,656.5367876756283,-117.58799999999974,-0.011112549673724548,-428.92999999999665,-0.020138579796534106,-306.0,-0.025987261146496854,-1850.0,-0.08136159732606207,10406.028000000002,9419.0,-311.3419999999969,-1544.0
GUI_TOTAL_LOAD_YEARAHEAD_202412312300-202512312300.csv,2024-12-30,2025-12-29,Week 18,18,Poland,PL,12696.0,10763.548,20581.441,21194.0,2025,2026-07-06 20:09:35,2025,12,4,18,winter,1,0,0,0,0.8229838658936565,-0.5680647467311557,-1932.4519999999993,-612.5590000000011,1932.4519999999993,612.5590000000011,10463.962,10581.55,13003.485,13509.408,20869.99,21298.92,22512.646,21899.531,11469.0,11775.0,13700.0,13650.0,20888.0,22738.0,22638.0,21669.0,11349.665666666668,1433.4557980336742,11889.60125,1592.477761187135,12337.82925,1233.412740089853,21560.518666666667,852.0006340287899,21645.27175,716.0091206087114,22226.316749999998,799.3355706735889,12314.666666666666,1209.4504261577974,12648.5,1192.0398483272206,12883.625,914.8239389553178,22088.0,1040.4326023342367,21983.25,874.9610943731514,22549.875,899.5747308748594,299.58600000000115,0.02863026452122064,-288.5490000000027,-0.013826024832786388,1227.0,0.10698404394454619,306.0,0.014649559555725666,9817.892999999998,8498.0,-588.1350000000039,-921.0
GUI_TOTAL_LOAD_YEARAHEAD_202412312300-202512312300.csv,2024-12-30,2025-12-29,Week 19,19,Poland,PL,13248.0,12041.22,20882.97,22632.0,2025,2026-07-06 20:09:35,2025,12,4,19,winter,1,0,0,0,0.7485107481711013,-0.663122658240795,-1206.7800000000007,-1749.0299999999988,1206.7800000000007,1749.0299999999988,10763.548,10463.962,10581.55,13003.485,20581.441,20869.99,21298.92,22512.646,12696.0,11469.0,11775.0,13700.0,21194.0,20888.0,22738.0,22638.0,10603.019999999999,150.94258353436908,11203.13625,1206.543477489416,12079.024749999999,1328.0223038307613,20916.783666666666,361.0211410575687,21315.74925,850.6379897454513,21960.162125,954.4531432765735,11980.0,638.6712769492145,12410.0,1005.7504660699816,12802.75,896.833437314712,21606.666666666668,991.6377026582467,21864.5,959.9352408713114,22258.125,915.3739965562891,1277.6719999999987,0.11870360962760595,301.52900000000227,0.014650529085888708,552.0,0.04347826086956519,1438.0,0.06784939133717094,8841.750000000002,9384.0,-976.1429999999964,886.0
GUI_TOTAL_LOAD_YEARAHEAD_202412312300-202512312300.csv,2024-12-30,2025-12-29,Week 20,20,Poland,PL,12880.0,12544.624,20972.027,22816.0,2025,2026-07-06 20:09:35,2025,12,4,20,winter,1,0,0,0,0.6631226582407952,-0.7485107481711012,-335.3760000000002,-1843.9730000000018,335.3760000000002,1843.9730000000018,12041.22,10763.548,10463.962,10581.55,20882.97,20581.441,20869.99,21298.92,13248.0,12696.0,11469.0,11775.0,22632.0,21194.0,20888.0,22738.0,11089.576666666666,837.649519940981,10962.57,729.5847579383772,11899.987874999999,1203.915943743768,20778.133666666665,170.46443599918504,20908.33025,295.2569793815211,21699.92725,924.7420686724482,12471.0,910.5926641478877,12297.0,820.9080338259497,12740.75,837.6596223151436,21571.333333333332,931.2192724237011,21863.0,958.3270144719195,22245.75,908.7128652267317,503.40400000000045,0.04180672722531442,89.05699999999706,0.004264575393250869,-368.0,-0.02777777777777779,184.0,0.008130081300812941,8427.402999999998,9936.0,-414.3470000000034,552.0
GUI_TOTAL_LOAD_YEARAHEAD_202412312300-202512312300.csv,2024-12-30,2025-12-29,Week 21,21,Poland,PL,13248.0,12214.1,21101.636,22632.0,2025,2026-07-06 20:09:35,2025,12,4,21,winter,1,0,0,0,0.5680647467311558,-0.8229838658936564,-1033.8999999999996,-1530.3640000000014,1033.8999999999996,1530.3640000000014,12544.624,12041.22,10763.548,10463.962,20972.027,20882.97,20581.441,20869.99,12880.0,13248.0,12696.0,11469.0,22816.0,22632.0,21194.0,20888.0,11783.130666666666,918.1587593817015,11453.338499999998,998.529834839702,11989.118499999999,1224.3492154829642,20812.145999999997,204.6982781588154,20826.607,169.61939395181273,21435.015125,757.6713989277013,12941.333333333334,281.0646426238785,12573.25,771.1071585713516,12816.375,816.6508149579207,22214.0,888.1238652350215,21882.5,982.553645694047,22148.5,775.7079715607298,-330.52399999999943,-0.026347860246747845,129.60900000000038,0.006180089316116133,368.0,0.02857142857142847,-184.0,-0.008064516129032251,8887.535999999998,9384.0,460.1329999999998,-552.0
GUI_TOTAL_LOAD_YEARAHEAD_202412312300-202512312300.csv,2024-12-30,2025-12-29,Week 22,22,Poland,PL,12788.0,11935.17,20841.054,22724.0,2025,2026-07-06 20:09:35,2025,12,4,22,winter,1,0,0,0,0.46472317204376906,-0.8854560256532096,-852.8299999999999,-1882.946,852.8299999999999,1882.946,12214.1,12544.624,12041.22,10763.548,21101.636,20972.027,20882.97,20581.441,13248.0,12880.0,13248.0,12696.0,22632.0,22816.0,22632.0,21194.0,12266.648,255.78284937033285,11890.873,780.0281917050634,11890.237125,1160.8673748468755,20985.544333333335,109.95791747074618,20884.5185,221.10036577442034,21264.895125000003,637.1985912000523,13125.333333333334,212.46489906168316,13018.0,275.99999999996305,12833.25,825.0078354606314,22693.333333333332,106.23244953086568,22318.5,754.6679181379467,22150.875,777.3606328927607,-278.9300000000003,-0.02283672149401106,-260.5819999999985,-0.012348900341186742,-460.0,-0.03472222222222221,92.0,0.004065040650406582,8905.884,9936.0,18.348000000001775,552.0
GUI_TOTAL_LOAD_YEARAHEAD_202412312300-202512312300.csv,2024-12-30,2025-12-29,Week 23,23,Poland,PL,12328.0,11383.22,20702.04,22448.0,2025,2026-07-06 20:09:35,2025,12,4,23,winter,1,0,0,0,0.35460488704253584,-0.9350162426854147,-944.7800000000007,-1745.9599999999991,944.7800000000007,1745.9599999999991,11935.17,12214.1,12544.624,12041.22,20841.054,21101.636,20972.027,20882.97,12788.0,13248.0,12880.0,13248.0,22724.0,22632.0,22816.0,22632.0,12231.298,305.09076179394066,12183.7785,266.6195669407509,11693.457375,963.9070727745906,20971.572333333334,130.29159498027786,20949.42175,115.23827423864748,21132.5855,595.097377728381,12972.0,243.40912061785107,13041.0,241.95591885020312,12725.5,756.5477985088432,22724.0,91.9999999999709,22701.0,88.08329391356304,22282.75,773.4124292473522,-551.9500000000007,-0.04624567559573933,-139.0139999999992,-0.006670200077212973,-460.0,-0.03597122302158273,-276.0,-0.012145748987854255,9318.820000000002,10120.0,412.9360000000015,184.0
GUI_TOTAL_LOAD_YEARAHEAD_202412312300-202512312300.csv,2024-12-30,2025-12-29,Week 24,24,Poland,PL,11776.0,11536.684,20070.865,22356.0,2025,2026-07-06 20:09:35,2025,12,4,24,winter,1,0,0,0,0.23931566428755768,-0.970941817426052,-239.3160000000007,-2285.1349999999984,239.3160000000007,2285.1349999999984,11383.22,11935.17,12214.1,12544.624,20702.04,20841.054,21101.636,20972.027,12328.0,12788.0,13248.0,12880.0,22448.0,22724.0,22632.0,22816.0,11844.163333333332,422.84991856845375,12019.2785,491.79533901377437,11490.92425,806.733752452249,20881.576666666668,202.85661362033906,20904.18925,171.6950382495085,20906.259749999997,223.60740655371228,12788.0,459.9999999999486,12811.0,378.39485549706995,12554.0,652.4251462264269,22601.333333333332,140.53232131195955,22655.0,157.1199117447026,22259.0,763.8025174836035,153.46399999999994,0.013481598352663049,-631.1749999999993,-0.030488541225888843,-552.0,-0.04477611940298509,-92.0,-0.004098360655737654,8534.181000000002,10580.0,-784.6389999999992,460.0
GUI_TOTAL_LOAD_YEARAHEAD_202412312300-202512312300.csv,2024-12-30,2025-12-29,Week 25,25,Poland,PL,11408.0,10973.934,20271.176,21896.0,2025,2026-07-06 20:09:35,2025,12,4,25,winter,1,0,0,0,0.12053668025532308,-0.992708874098054,-434.0660000000007,-1624.8240000000005,434.0660000000007,1624.8240000000005,11536.684,11383.22,11935.17,12214.1,20070.865,20702.04,20841.054,21101.636,11776.0,12328.0,12788.0,13248.0,22356.0,22448.0,22724.0,22632.0,11618.358,284.89503739450873,11767.2935,377.93816186735205,11610.315999999999,718.8117913644801,20537.986333333334,410.466780739368,20678.89875,437.8895089823763,20752.752875000002,317.3977533629708,12297.333333333334,506.6964903502675,12535.0,630.1608260330463,12554.125,652.2546473579189,22509.333333333332,191.5132719508694,22540.0,167.96825096824,22211.25,741.1851031576807,-562.75,-0.04877918126213743,200.31099999999788,0.009980187699932141,-368.0,-0.03125,-460.0,-0.020576131687242816,9297.242,10488.0,763.0609999999979,-92.0
GUI_TOTAL_LOAD_YEARAHEAD_202412312300-202512312300.csv,2024-12-30,2025-12-29,Week 26,26,Poland,PL,11408.0,11917.422,21489.147,21991.0,2025,2026-07-06 20:09:35,2025,12,4,26,winter,1,0,0,0,-3.216245299353273e-16,-1.0,509.4220000000005,-501.85299999999916,509.4220000000005,501.85299999999916,10973.934,11536.684,11383.22,11935.17,20271.176,20070.865,20702.04,20841.054,11408.0,11776.0,12328.0,12788.0,21896.0,22356.0,22448.0,22724.0,11297.945999999998,290.9048503068042,11457.251999999999,397.40495026946127,11674.0625,618.197652898244,20348.027000000002,322.52911079036517,20471.28375,360.72000760537424,20677.901124999997,354.26761557391416,11837.333333333334,463.0565120298731,12075.0,607.3626044903672,12546.5,666.9433473477575,22233.333333333332,295.73862333710684,22356.0,344.23247958319695,22337.25,543.3850910200443,943.4880000000012,0.08597536671899086,1217.9710000000014,0.06008388462514458,0.0,0.0,95.0,0.004338691998538646,9571.725,10583.0,274.4830000000002,95.0
GUI_TOTAL_LOAD_YEARAHEAD_202412312300-202512312300.csv,2024-12-30,2025-12-29,Week 27,27,Poland,PL,11776.0,11766.663,21912.044,21804.0,2025,2026-07-06 20:09:35,2025,12,4,27,winter,1,0,0,0,-0.12053668025532283,-0.992708874098054,-9.336999999999534,108.04400000000169,9.336999999999534,108.04400000000169,11917.422,10973.934,11536.684,11383.22,21489.147,20271.176,20070.865,20702.04,11408.0,11408.0,11776.0,12328.0,21991.0,21896.0,22356.0,22448.0,11476.01333333333,474.6610357732711,11452.814999999999,390.32642313667816,11818.29675,498.41712405915206,20610.396,767.5829689233606,20633.307,628.4017280407317,20791.364374999997,451.08802519116443,11530.666666666666,212.46489906162765,11730.0,434.77503761523076,12385.5,772.7647951164888,22081.0,242.8476888916047,22172.75,270.16461031501245,22436.875,338.13329472266525,-150.75900000000001,-0.012650303060510959,422.89700000000084,0.019679561966791992,368.0,0.032258064516129004,-187.0,-0.008503478695830125,10145.381000000001,10028.0,573.6560000000009,-555.0
GUI_TOTAL_LOAD_YEARAHEAD_202412312300-202512312300.csv,2024-12-30,2025-12-29,Week 28,28,Poland,PL,11868.0,11409.398,20911.578,22264.0,2025,2026-07-06 20:09:35,2025,12,4,28,winter,1,0,0,0,-0.23931566428755743,-0.9709418174260521,-458.60200000000077,-1352.4219999999987,458.60200000000077,1352.4219999999987,11766.663,11917.422,10973.934,11536.684,21912.044,21489.147,20271.176,20070.865,11776.0,11408.0,11408.0,11776.0,21804.0,21991.0,21896.0,22356.0,11552.673,506.83941402678977,11548.675749999999,413.90986108602965,11783.977125,490.2602781548289,21224.122333333336,851.9333916524695,20935.808,903.5269531655322,20919.998625,602.3193166502452,11530.666666666666,212.46489906178255,11592.0,212.4648990617665,12201.5,710.8238680774366,21897.0,93.50401060913711,22011.75,241.86549292253855,22333.375,392.26410108497674,-357.26500000000124,-0.030362474050629418,-1000.4660000000003,-0.04565826903231851,92.0,0.0078125,460.0,0.021097046413502074,9502.180000000002,10396.0,-643.2009999999991,368.0
GUI_TOTAL_LOAD_YEARAHEAD_202412312300-202512312300.csv,2024-12-30,2025-12-29,Week 29,29,Poland,PL,11868.0,11645.78,21249.417,21896.0,2025,2026-07-06 20:09:35,2025,12,4,29,winter,1,0,0,0,-0.3546048870425356,-0.9350162426854148,-222.21999999999935,-646.5829999999987,222.21999999999935,646.5829999999987,11409.398,11766.663,11917.422,10973.934,20911.578,21912.044,21489.147,20271.176,11868.0,11776.0,11408.0,11408.0,22264.0,21804.0,21991.0,21896.0,11697.827666666666,260.9134405896893,11516.85425,419.9873718104587,11642.073875,393.3590827564852,21437.58966666667,502.2217371385456,21145.98625,712.9385148450847,20912.442499999997,601.9524316031067,11684.0,243.40912061794268,11615.0,241.95591885023134,12075.0,661.1392764441832,22019.666666666668,231.335975008918,21988.75,198.74837525540315,22264.375,340.3560897900135,236.38200000000143,0.020718183378299226,337.83899999999994,0.016155595718314597,0.0,0.0,-368.0,-0.016528925619834656,9603.637,10028.0,101.45699999999852,-368.0
GUI_TOTAL_LOAD_YEARAHEAD_202412312300-202512312300.csv,2024-12-30,2025-12-29,Week 30,30,Poland,PL,11868.0,11887.208,20637.482,21712.0,2025,2026-07-06 20:09:35,2025,12,4,30,winter,1,0,0,0,-0.46472317204376806,-0.8854560256532101,19.20800000000054,-1074.518,19.20800000000054,1074.518,11645.78,11409.398,11766.663,11917.422,21249.417,20911.578,21912.044,21489.147,11868.0,11868.0,11776.0,11408.0,21896.0,22264.0,21804.0,21991.0,11607.280333333334,181.71746835775434,11684.815750000002,214.61855050668197,11571.033875,319.719960230639,21357.679666666667,508.9436688224602,21390.546500000004,420.7176649760974,20930.915125,610.7904526809194,11837.333333333334,53.116224765447015,11730.0,219.00380514196223,11902.5,461.1485660825506,21988.0,243.40912061792872,21988.75,198.74837525540315,22172.375,325.95702499388153,241.42799999999988,0.020730942882314363,-611.9350000000013,-0.0287977312506974,0.0,0.0,-184.0,-0.008403361344537785,8750.274,9844.0,-853.3630000000012,-184.0
GUI_TOTAL_LOAD_YEARAHEAD_202412312300-202512312300.csv,2024-12-30,2025-12-29,Week 31,31,Poland,PL,12144.0,11725.197,19782.762,21712.0,2025,2026-07-06 20:09:35,2025,12,4,31,winter,1,0,0,0,-0.5680647467311556,-0.8229838658936566,-418.8029999999999,-1929.2380000000012,418.8029999999999,1929.2380000000012,11887.208,11645.78,11409.398,11766.663,20637.482,21249.417,20911.578,21912.044,11868.0,11868.0,11868.0,11776.0,21712.0,21896.0,22264.0,21804.0,11647.462,238.90944072601542,11677.26225,203.97066826447352,11565.038625,312.27949623881364,20932.825666666668,306.5203232422064,21177.630250000002,549.8669006746228,20905.468624999998,619.2510017024164,11868.0,0.0,11845.0,45.9999999999005,11787.5,292.7422074112145,21957.333333333332,281.064642623946,21919.0,241.95591885023714,22045.875,273.4365622432984,-162.01100000000042,-0.013629020372151301,-854.7200000000012,-0.041415905293097355,276.0,0.023255813953488413,0.0,0.0,8057.564999999999,9568.0,-692.7090000000007,-276.0
GUI_TOTAL_LOAD_YEARAHEAD_202412312300-202512312300.csv,2024-12-30,2025-12-29,Week 32,32,Poland,PL,11500.0,11566.875,20008.119,21528.0,2025,2026-07-06 20:09:35,2025,12,4,32,winter,1,0,0,0,-0.663122658240795,-0.7485107481711013,66.875,-1519.8810000000012,66.875,1519.8810000000012,11725.197,11887.208,11645.78,11409.398,19782.762,20637.482,21249.417,20911.578,12144.0,11868.0,11868.0,11868.0,21712.0,21712.0,21896.0,22264.0,11752.728333333333,123.04613172444095,11666.89575,198.90323393111515,11607.78575,307.20015474275095,20556.553666666667,736.6690360050062,20645.30975,627.1348194129897,20790.558875000002,736.5707779932492,11960.0,159.34867429633672,11937.0,138.0,11764.5,248.02246442032828,21773.333333333332,106.23244953085738,21896.0,260.21529547664153,21953.875,240.6624414284257,-158.32200000000012,-0.01350271556204985,225.35699999999997,0.011391584248953812,-644.0,-0.05303030303030298,-184.0,-0.008474576271186418,8441.243999999999,10028.0,383.6790000000001,460.0
GUI_TOTAL_LOAD_YEARAHEAD_202412312300-202512312300.csv,2024-12-30,2025-12-29,Week 33,33,Poland,PL,11500.0,11312.52,20697.292,21712.0,2025,2026-07-06 20:09:35,2025,12,4,33,winter,1,0,0,0,-0.7485107481711011,-0.6631226582407952,-187.47999999999956,-1014.7079999999987,187.47999999999956,1014.7079999999987,11566.875,11725.197,11887.208,11645.78,20008.119,19782.762,20637.482,21249.417,11500.0,12144.0,11868.0,11868.0,21528.0,21712.0,21712.0,21896.0,11726.426666666666,160.17004021460798,11706.265000000001,136.85368975420062,11611.559625,306.3862732541963,20142.787666666667,442.98793091526034,20419.445,661.0466385255316,20782.715624999997,745.6077414401203,11837.333333333334,323.0933817541509,11845.0,264.24988174074934,11730.0,264.8212335034245,21650.666666666668,106.23244953089167,21712.0,150.23537089068702,21850.375,220.19338091778513,-254.35499999999956,-0.021989949748743687,689.1730000000025,0.034444667187355504,0.0,0.0,184.0,0.008547008547008517,9384.772,10212.0,943.5280000000021,184.0
GUI_TOTAL_LOAD_YEARAHEAD_202412312300-202512312300.csv,2024-12-30,2025-12-29,Week 34,34,Poland,PL,11868.0,11023.272,20522.509,21344.0,2025,2026-07-06 20:09:35,2025,12,4,34,winter,1,0,0,0,-0.8229838658936564,-0.5680647467311559,-844.7279999999992,-821.4910000000018,844.7279999999992,821.4910000000018,11312.52,11566.875,11725.197,11887.208,20697.292,20008.119,19782.762,20637.482,11500.0,11500.0,12144.0,11868.0,21712.0,21528.0,21712.0,21712.0,11534.864000000001,208.1924702601409,11622.949999999999,244.81144451599096,11653.882875,215.6836435977341,20162.72433333333,476.46446567040226,20281.41375,455.73490307284504,20835.980125000002,718.5743704177728,11714.666666666666,371.8135733581191,11753.0,313.11552713548616,11741.5,250.4481697163616,21650.666666666668,106.23244953089167,21666.0,91.99999999997652,21827.375,224.3179742495758,-289.2479999999996,-0.02556883877332372,-174.78300000000309,-0.008444727938321739,368.0,0.03200000000000003,-368.0,-0.016949152542372836,9499.236999999997,9476.0,114.46499999999651,-736.0
GUI_TOTAL_LOAD_YEARAHEAD_202412312300-202512312300.csv,2024-12-30,2025-12-29,Week 35,35,Poland,PL,12144.0,11819.31,21071.829,22080.0,2025,2026-07-06 20:09:35,2025,12,4,35,winter,1,0,0,0,-0.8854560256532096,-0.4647231720437691,-324.6900000000005,-1008.1709999999985,324.6900000000005,1008.1709999999985,11023.272,11312.52,11566.875,11725.197,20522.509,20697.292,20008.119,19782.762,11868.0,11500.0,11500.0,12144.0,21344.0,21712.0,21528.0,21712.0,11300.889000000001,271.9880797443591,11406.966,307.12808956200524,11542.114125,281.30187553566265,20409.306666666667,358.2609833439277,20252.6705,428.610362632812,20715.150375,672.8704431102854,11622.666666666666,212.46489906178255,11753.0,313.11552713548616,11799.0,212.9386229476649,21528.0,184.00000000000045,21574.0,176.16658782715425,21746.5,269.06770257954287,796.0379999999986,0.07221431168531445,549.3200000000033,0.026766707715903726,276.0,0.023255813953488413,736.0,0.034482758620689724,9252.519000000002,9936.0,-246.7179999999953,460.0
GUI_TOTAL_LOAD_YEARAHEAD_202412312300-202512312300.csv,2024-12-30,2025-12-29,Week 36,36,Poland,PL,12420.0,12223.685,21679.274,21160.0,2025,2026-07-06 20:09:35,2025,12,4,36,winter,1,0,0,0,-0.9350162426854147,-0.3546048870425359,-196.3150000000005,519.2740000000013,196.3150000000005,519.2740000000013,11819.31,11023.272,11312.52,11566.875,21071.829,20522.509,20697.292,20008.119,12144.0,11868.0,11500.0,11500.0,22080.0,21344.0,21712.0,21528.0,11385.034,402.94271864375685,11430.49425,341.3333077686045,11548.695,287.84522348608857,20763.876666666667,280.64791817600354,20574.93725,441.9290086263766,20610.123499999998,503.65841154895054,11837.333333333334,323.0933817541507,11753.0,313.11552713548616,11845.0,244.6478518780879,21712.0,368.0000000000002,21666.0,314.239823489421,21781.0,294.03012479288424,404.375,0.03421308012058244,607.4449999999997,0.028827350487705683,276.0,0.022727272727272707,-920.0,-0.04166666666666663,9455.589000000002,8740.0,203.0699999999997,-1196.0
GUI_TOTAL_LOAD_YEARAHEAD_202412312300-202512312300.csv,2024-12-30,2025-12-29,Week 37,37,Poland,PL,12328.0,12107.011,21220.022,21620.0,2025,2026-07-06 20:09:35,2025,12,4,37,winter,1,0,0,0,-0.970941817426052,-0.23931566428755774,-220.98899999999958,-399.97799999999916,220.98899999999958,399.97799999999916,12223.685,11819.31,11023.272,11312.52,21679.274,21071.829,20522.509,20697.292,12420.0,12144.0,11868.0,11500.0,21160.0,22080.0,21344.0,21712.0,11688.755666666666,610.7627756390764,11594.69675,532.9875839287968,11650.480875000001,365.1436194707032,21091.204,578.6258370269683,20992.726000000002,511.8563328245419,20706.085499999997,627.266279888504,12144.0,275.9999999999998,11983.0,393.0241722846063,11914.0,318.69734859266174,21528.0,486.81824123588484,21574.0,407.9934639999303,21643.0,294.03012479288424,-116.67399999999907,-0.009544912193008792,-459.2520000000004,-0.02118391971982092,-92.0,-0.007407407407407418,460.0,0.021739130434782705,9113.011,9292.0,-342.57800000000134,552.0
GUI_TOTAL_LOAD_YEARAHEAD_202412312300-202512312300.csv,2024-12-30,2025-12-29,Week 38,38,Poland,PL,12788.0,11911.079,21261.469,21712.0,2025,2026-07-06 20:09:35,2025,12,4,38,winter,1,0,0,0,-0.992708874098054,-0.12053668025532357,-876.9210000000003,-450.53099999999904,876.9210000000003,450.53099999999904,12107.011,12223.685,11819.31,11023.272,21220.022,21679.274,21071.829,20522.509,12328.0,12420.0,12144.0,11868.0,21620.0,21160.0,22080.0,21344.0,12050.002,208.12809689469964,11793.319500000001,540.7604149433208,11708.134750000001,399.12671497869326,21323.708333333332,316.7183272191042,21123.4085,476.8162736291547,20702.411125,623.7048867262022,12297.333333333334,140.53232131197865,12190.0,243.40912061794214,11971.5,349.24530879351727,21620.0,460.00000000000017,21551.0,400.138309421458,21608.5,275.7260545230753,-195.9320000000007,-0.016183350291826826,41.447000000000116,0.0019532024990360775,460.0,0.03731343283582089,92.0,0.004255319148936065,9350.390000000001,8924.0,237.37900000000081,-368.0
GUI_TOTAL_LOAD_YEARAHEAD_202412312300-202512312300.csv,2024-12-30,2025-12-29,Week 39,39,Poland,PL,12328.0,12292.275,21770.373,21712.0,2025,2026-07-06 20:09:35,2025,12,4,39,winter,1,0,0,0,-1.0,-1.8369701987210297e-16,-35.725000000000364,58.37299999999959,35.725000000000364,58.37299999999959,11911.079,12107.011,12223.685,11819.31,21261.469,21220.022,21679.274,21071.829,12788.0,12328.0,12420.0,12144.0,21712.0,21620.0,21160.0,22080.0,12080.591666666667,157.96871110869455,12015.27125,183.58404921703342,11711.118625000001,400.7426773112563,21386.92166666667,254.03125507791606,21308.148500000003,260.4651598920636,20780.4095,652.7649373886636,12512.0,243.40912061794194,12420.0,270.8406665673869,12086.5,447.846593632872,21497.333333333332,295.73862333711793,21643.0,378.3948554970885,21608.5,275.7260545230753,381.1959999999999,0.03200348180043133,508.90399999999863,0.02393550511490994,-460.0,-0.03597122302158273,0.0,0.0,9478.098,9384.0,127.70799999999872,460.0
GUI_TOTAL_LOAD_YEARAHEAD_202412312300-202512312300.csv,2024-12-30,2025-12-29,Week 40,40,Poland,PL,13064.0,12650.393,22526.38,22724.0,2025,2026-07-06 20:09:35,2025,12,4,40,winter,1,0,0,0,-0.992708874098054,0.1205366802553232,-413.60699999999997,-197.61999999999898,413.60699999999997,197.61999999999898,12292.275,11911.079,12107.011,12223.685,21770.373,21261.469,21220.022,21679.274,12328.0,12788.0,12328.0,12420.0,21712.0,21712.0,21620.0,21160.0,12103.455000000002,190.62287757771503,12133.5125,166.8488363629533,11782.003375,450.63609062716654,21417.288,306.4820163910512,21482.7845,282.45350702302153,21028.860875,594.4525639550571,12481.333333333334,265.5811238272276,12466.0,219.0038051419802,12109.5,455.87435612394813,21681.333333333332,53.11622476545227,21551.0,264.24988174074116,21608.5,275.7260545230753,358.1180000000004,0.0291335818634062,756.0070000000014,0.034726414655366744,736.0,0.05970149253731338,1012.0,0.04661016949152552,9875.987000000001,9660.0,397.88900000000103,276.0
GUI_TOTAL_LOAD_YEARAHEAD_202412312300-202512312300.csv,2024-12-30,2025-12-29,Week 41,41,Poland,PL,13616.0,12625.869,22469.021,22816.0,2025,2026-07-06 20:09:35,2025,12,4,41,winter,1,0,0,0,-0.9709418174260521,0.23931566428755738,-990.1309999999994,-346.97899999999936,990.1309999999994,346.97899999999936,12650.393,12292.275,11911.079,12107.011,22526.38,21770.373,21261.469,21220.022,13064.0,12328.0,12788.0,12328.0,22724.0,21712.0,21712.0,21620.0,12284.582333333334,369.7170275891273,12240.1895,314.6585688197151,11917.443125000002,532.1894291196836,21852.74066666667,636.4654616429827,21694.561,608.393033898821,21343.6435,641.6008663487736,12726.666666666666,371.8135733581189,12627.0,363.17672465802787,12305.0,491.14559959343933,22049.333333333332,584.2784724199024,21942.0,523.1341446831104,21758.0,476.7796735839961,-24.523999999999432,-0.0019385958997478747,-57.35900000000038,-0.0025463034895087944,552.0,0.04225352112676051,92.0,0.004048582995951344,9843.152,9200.0,-32.835000000000946,-460.0
GUI_TOTAL_LOAD_YEARAHEAD_202412312300-202512312300.csv,2024-12-30,2025-12-29,Week 42,42,Poland,PL,13432.0,13387.814,22898.448,22724.0,2025,2026-07-06 20:09:35,2025,12,4,42,winter,1,0,0,0,-0.9350162426854148,0.35460488704253557,-44.185999999999694,174.44800000000032,44.185999999999694,174.44800000000032,12625.869,12650.393,12292.275,11911.079,22469.021,22526.38,21770.373,21261.469,13616.0,13064.0,12328.0,12788.0,22816.0,22724.0,21712.0,21712.0,12522.845666666668,200.0561943288347,12369.904,346.7654359034909,12081.61175,521.3860172657601,22255.258,420.9009516965268,22006.81075,604.1599276870922,21565.109625,690.5368513669496,13002.666666666666,646.1867635083014,12949.0,538.4161958931026,12569.5,560.5586499198845,22417.333333333332,612.5661869001058,22241.0,611.9901959999004,21896.0,604.2856467409662,761.9449999999997,0.06034792535864253,429.4269999999997,0.019111958638518223,-184.0,-0.013513513513513487,-92.0,-0.0040322580645161255,9510.634,9292.0,-332.51800000000003,92.0
GUI_TOTAL_LOAD_YEARAHEAD_202412312300-202512312300.csv,2024-12-30,2025-12-29,Week 43,43,Poland,PL,13156.0,12832.791,22814.482,22908.0,2025,2026-07-06 20:09:35,2025,12,4,43,winter,1,0,0,0,-0.8854560256532101,0.464723172043768,-323.20900000000074,-93.51800000000003,323.20900000000074,93.51800000000003,13387.814,12625.869,12650.393,12292.275,22898.448,22469.021,22526.38,21770.373,13432.0,13616.0,13064.0,12328.0,22724.0,22816.0,22724.0,21712.0,12888.025333333333,433.00333733163154,12739.087749999999,462.30315632016556,12377.1795,505.69649081471874,22631.283,233.14237418153766,22416.055500000002,470.66805512763864,21862.102000000003,688.9979674656661,13370.666666666666,281.06464262395906,13110.0,569.608052377539,12765.0,553.6404196639919,22754.666666666668,53.11622476547104,22494.0,523.134144683111,22068.5,620.9391504579444,-555.023000000001,-0.04145732828376625,-83.96600000000035,-0.003666886070182618,-276.0,-0.020547945205479423,184.0,0.00809716599190291,9981.691,9752.0,471.0570000000007,460.0
GUI_TOTAL_LOAD_YEARAHEAD_202412312300-202512312300.csv,2024-12-30,2025-12-29,Week 44,44,Poland,PL,12880.0,12037.579,23107.125,23184.0,2025,2026-07-06 20:09:35,2025,12,4,44,winter,1,0,0,0,-0.822983865893657,0.5680647467311548,-842.4210000000003,-76.875,842.4210000000003,76.875,12832.791,13387.814,12625.869,12650.393,22814.482,22898.448,22469.021,22526.38,13156.0,13432.0,13616.0,13064.0,22908.0,22724.0,22816.0,22724.0,12948.824666666667,394.0024170056953,12874.216750000001,354.6227591703429,12503.864624999998,471.78582890485876,22727.317,227.5965509426601,22677.08275,211.2519337021314,22079.933625,678.8560450464462,13401.333333333334,231.52825601497125,13317.0,253.34824517516074,12891.5,504.9534632023123,22816.0,92.00000000001455,22793.0,88.08329391356294,22172.0,688.464959166409,-795.2119999999995,-0.06196719014593155,292.64300000000003,0.012827071857252736,-276.0,-0.020979020979020935,276.0,0.012048192771084265,11069.546,10304.0,1087.8549999999996,552.0
GUI_TOTAL_LOAD_YEARAHEAD_202412312300-202512312300.csv,2024-12-30,2025-12-29,Week 45,45,Poland,PL,13524.0,13146.643,22817.505,23920.0,2025,2026-07-06 20:09:35,2025,12,4,45,winter,1,0,0,0,-0.7485107481711011,0.6631226582407952,-377.35699999999997,-1102.494999999999,377.35699999999997,1102.494999999999,12037.579,12832.791,13387.814,12625.869,23107.125,22814.482,22898.448,22469.021,12880.0,13156.0,13432.0,13616.0,23184.0,22908.0,22724.0,22816.0,12752.728000000001,678.6686981016572,12721.01325,557.7491395411752,12480.601374999998,491.7411209017714,22940.018333333337,150.68527075433764,22822.269,265.7009394350029,22258.415,743.1273574050732,13156.0,276.00000000000153,13271.0,322.0000000000001,12949.0,468.46497048492165,22938.666666666668,231.52825601497497,22908.0,198.74271475116544,22425.0,633.1120415399336,1109.0640000000003,0.0921334763410484,-289.619999999999,-0.012533796393969343,644.0,0.050000000000000044,736.0,0.031746031746031855,9670.862000000001,10396.0,-1398.6839999999993,92.0
GUI_TOTAL_LOAD_YEARAHEAD_202412312300-202512312300.csv,2024-12-30,2025-12-29,Week 46,46,Poland,PL,14076.0,13575.961,23317.262,24196.0,2025,2026-07-06 20:09:35,2025,12,4,46,winter,1,0,0,0,-0.6631226582407955,0.7485107481711007,-500.03900000000067,-878.7380000000012,500.03900000000067,878.7380000000012,13146.643,12037.579,12832.791,13387.814,22817.505,23107.125,22814.482,22898.448,13524.0,12880.0,13156.0,13432.0,23920.0,23184.0,22908.0,22724.0,12672.337666666666,571.6770881864446,12851.206750000001,588.0927290784343,12610.555375,515.6968449046267,22913.03733333333,168.0916458254562,22909.39,137.43997390125716,22458.100375,630.3055380422273,13186.666666666666,323.0933817541522,13248.0,290.929544735491,13098.5,431.34308519190336,23337.333333333332,523.1341446831167,23184.0,525.8237981174519,22712.5,730.1238642469253,429.3179999999993,0.03265609327035035,499.7569999999978,0.021902350848613805,552.0,0.04081632653061229,276.0,0.011538461538461497,9741.301,10120.0,70.43899999999849,-276.0
GUI_TOTAL_LOAD_YEARAHEAD_202412312300-202512312300.csv,2024-12-30,2025-12-29,Week 47,47,Poland,PL,14444.0,14070.613,24666.434,24564.0,2025,2026-07-06 20:09:35,2025,12,4,47,winter,1,0,0,0,-0.5680647467311559,0.8229838658936564,-373.3870000000006,102.4340000000011,373.3870000000006,102.4340000000011,13575.961,13146.643,12037.579,12832.791,23317.262,22817.505,23107.125,22814.482,14076.0,13524.0,12880.0,13156.0,24196.0,23920.0,23184.0,22908.0,12920.061000000002,793.8257658478943,12898.2435,649.6231555609788,12818.665625,528.861913285783,23080.630666666664,250.9297252943411,23014.0935,244.30703950080294,22715.0745,471.91735685229025,13493.333333333334,598.5894530755901,13409.0,517.0312692026794,13259.5,528.3567517718235,23766.666666666668,523.1341446831167,23552.0,605.6181415160298,23023.0,770.9044780553032,494.65200000000004,0.03643587367406265,1349.1720000000023,0.0578615104981024,368.0,0.02614379084967311,368.0,0.015209125475285079,10595.821000000002,10120.0,854.5200000000023,0.0
GUI_TOTAL_LOAD_YEARAHEAD_202412312300-202512312300.csv,2024-12-30,2025-12-29,Week 48,48,Poland,PL,14904.0,14801.292,26134.957,25024.0,2025,2026-07-06 20:09:35,2025,12,4,48,winter,1,0,0,0,-0.4647231720437684,0.88545602565321,-102.70800000000054,1110.9569999999985,102.70800000000054,1110.9569999999985,14070.613,13575.961,13146.643,12037.579,24666.434,23317.262,22817.505,23107.125,14444.0,14076.0,13524.0,12880.0,24564.0,24196.0,23920.0,23184.0,13597.739,462.36982080147544,13207.698999999999,866.6306636578252,13040.957875,638.3951807541737,23600.400333333335,956.4309168007075,23477.0815,818.9445673306121,23077.082125,699.5803590686371,14014.666666666666,463.05651202994,13731.0,681.7731783127484,13524.0,525.0567316286794,24226.666666666668,323.09338175415365,23966.0,584.278472419898,23379.5,736.7183993901641,730.6790000000001,0.05192943619442869,1468.5229999999974,0.059535277778701046,460.0,0.031847133757961776,460.0,0.01872659176029967,11333.664999999999,10120.0,737.8439999999973,0.0
GUI_TOTAL_LOAD_YEARAHEAD_202412312300-202512312300.csv,2024-12-30,2025-12-29,Week 49,49,Poland,PL,15180.0,14135.026,25233.839,25484.0,2025,2026-07-06 20:09:35,2025,12,4,49,winter,1,0,0,0,-0.35460488704253595,0.9350162426854147,-1044.9740000000002,-250.16100000000006,1044.9740000000002,250.16100000000006,14801.292,14070.613,13575.961,13146.643,26134.957,24666.434,23317.262,22817.505,14904.0,14444.0,14076.0,13524.0,25024.0,24564.0,24196.0,23920.0,14149.288666666665,616.4425441874669,13898.62725,710.3934520702243,13309.820249999999,863.6118791118485,24706.217666666664,1409.2687229042338,24234.0395,1488.5679157759882,23528.15425,1244.730962131581,14474.666666666666,414.8509772597076,14237.0,583.6745668606782,13754.0,676.0591690081745,24594.666666666668,414.8509772597078,24426.0,478.0460228890055,23667.0,879.3445611038155,-666.2659999999996,-0.04501404336864645,-901.1179999999986,-0.03447941391294418,276.0,0.0185185185185186,460.0,0.018382352941176405,11098.813,10304.0,-234.85199999999895,184.0
GUI_TOTAL_LOAD_YEARAHEAD_202412312300-202512312300.csv,2024-12-30,2025-12-29,Week 50,50,Poland,PL,15364.0,13923.265,23917.495,25484.0,2025,2026-07-06 20:09:35,2025,12,4,50,winter,1,0,0,0,-0.2393156642875578,0.970941817426052,-1440.7350000000006,-1566.505000000001,1440.7350000000006,1566.505000000001,14135.026,14801.292,14070.613,13575.961,25233.839,26134.957,24666.434,23317.262,15180.0,14904.0,14444.0,14076.0,25484.0,25024.0,24564.0,24196.0,14335.643666666665,404.54732281194896,14145.722999999998,503.373747267375,13498.464875,857.6761964190588,25345.076666666664,740.5540589626543,24838.123,1180.517523553978,23873.7565,1291.5968013116699,14842.666666666666,371.81357335812083,14651.0,488.98670738579443,13949.5,837.3480245905768,25024.0,460.00000000000097,24817.0,558.9836014291133,24000.5,1007.1344072593884,-211.76100000000042,-0.014981295400517847,-1316.344000000001,-0.052165823836793135,184.0,0.0121212121212122,0.0,0.0,9994.23,10120.0,-1104.5830000000005,-184.0
GUI_TOTAL_LOAD_YEARAHEAD_202412312300-202512312300.csv,2024-12-30,2025-12-29,Week 51,51,Poland,PL,15364.0,14349.222,24692.76,25576.0,2025,2026-07-06 20:09:35,2025,12,4,51,winter,1,0,0,0,-0.12053668025532363,0.992708874098054,-1014.7780000000002,-883.2400000000016,1014.7780000000002,883.2400000000016,13923.265,14135.026,14801.292,14070.613,23917.495,25233.839,26134.957,24666.434,15364.0,15180.0,14904.0,14444.0,25484.0,25484.0,25024.0,24564.0,14286.527666666667,458.2001958034453,14232.548999999999,389.3837851143759,13565.39625,868.6304708080635,25095.430333333334,1115.1915304633055,24988.18125,935.4736215316836,24001.137375,1230.4723464585056,15149.333333333334,231.5282560149728,14973.0,400.13830942146416,14191.0,939.1856655026977,25330.666666666668,265.5811238272293,25139.0,440.41646956791,24345.5,979.7490932449448,425.95700000000033,0.03059318342357198,775.2649999999994,0.03241413868801901,0.0,0.0,92.0,0.0036101083032491488,10343.537999999999,10212.0,349.3079999999991,92.0
GUI_TOTAL_LOAD_YEARAHEAD_202412312300-202512312300.csv,2024-12-30,2025-12-29,Week 52,52,Poland,PL,12328.0,13209.167,23508.04,25484.0,2025,2026-07-06 20:09:35,2025,12,4,52,winter,1,0,0,0,6.432490598706546e-16,1.0,881.1669999999995,-1975.9599999999991,881.1669999999995,1975.9599999999991,14349.222,13923.265,14135.026,14801.292,24692.76,23917.495,25233.839,26134.957,15364.0,15364.0,15180.0,14904.0,25576.0,25484.0,25484.0,25024.0,14135.837666666666,212.97965997793486,14302.20125,375.42987513992733,13754.950125,851.2058040156098,24614.698,661.6348225923476,24994.762749999998,932.5434480038654,24235.922125,1148.1435458742467,15302.666666666666,106.23244953089761,15203.0,217.38751880762135,14467.0,915.7186093056137,25514.666666666668,53.11622476544505,25392.0,249.13717774215903,24679.0,868.2744793143341,-1140.0550000000003,-0.07945064896201348,-1184.7199999999975,-0.047978435784416074,-3036.0,-0.19760479041916168,-92.0,-0.003597122302158251,10298.873000000001,13156.0,-44.664999999997235,2944.0
GUI_TOTAL_LOAD_YEARAHEAD_202512312300-202612312300.csv,2025-12-29,2027-01-04,Week 1,1,Poland,PL,13331.0,13179.626,21969.778,20843.0,2027,2026-07-06 20:09:35,2027,1,1,1,winter,1,0,0,0,0.12053668025532305,0.992708874098054,-151.3739999999998,1126.7779999999984,151.3739999999998,1126.7779999999984,13209.167,14349.222,13923.265,14135.026,23508.04,24692.76,23917.495,25233.839,12328.0,15364.0,15364.0,15180.0,25484.0,25576.0,25484.0,25484.0,13827.218,576.0643370431682,13904.17,494.89378135582547,13901.398625,566.7951984449829,24039.431666666667,601.6990797800819,24338.033499999998,773.313266332396,24286.036500000002,1099.5566020227018,14352.0,1752.8354172597037,14559.0,1489.8603961445517,14398.0,1061.5654209031006,25514.666666666668,53.11622476544505,25507.0,45.99999999994207,24966.5,657.8160837194595,-29.540999999999258,-0.0022364014324294246,-1538.2620000000024,-0.06543557012834766,1003.0,0.08135950681375737,-4641.0,-0.18211426777585937,8790.151999999998,7512.0,-1508.7210000000032,-5644.0
GUI_TOTAL_LOAD_YEARAHEAD_202512312300-202612312300.csv,2025-12-29,2027-01-04,Week 2,2,Poland,PL,14832.0,14774.1,27617.655,27444.0,2027,2026-07-06 20:09:35,2027,1,1,2,winter,1,0,0,0,0.23931566428755774,0.970941817426052,-57.899999999999636,173.65499999999884,57.899999999999636,173.65499999999884,13179.626,13209.167,14349.222,13923.265,21969.778,23508.04,24692.76,23917.495,13331.0,12328.0,15364.0,15364.0,20843.0,25484.0,25576.0,25484.0,13579.338333333333,666.90240127047,13665.32,571.0317532542903,13905.521499999999,560.6069749841478,23390.19266666667,1365.3108578493284,23522.018249999997,1145.5251037809048,24180.070625,1286.2909905380664,13674.333333333334,1546.845930703292,14096.75,1519.5059229894434,14373.875,1086.173156085177,23967.666666666668,2706.4316605695653,24346.75,2336.235914885309,24581.875,1592.5564746658144,1594.4740000000002,0.12098021597881448,5647.877,0.25707483252675556,1501.0,0.1125947040732127,6601.0,0.31670105071246946,12843.554999999998,12612.0,4053.4030000000002,5100.0
GUI_TOTAL_LOAD_YEARAHEAD_202512312300-202612312300.csv,2025-12-29,2027-01-04,Week 3,3,Poland,PL,16426.0,16137.926,27575.676,27200.0,2027,2026-07-06 20:09:35,2027,1,1,3,winter,1,0,0,0,0.3546048870425356,0.9350162426854148,-288.0740000000005,375.6759999999995,288.0740000000005,375.6759999999995,14774.1,13179.626,13209.167,14349.222,27617.655,21969.778,23508.04,24692.76,14832.0,13331.0,12328.0,15364.0,27444.0,20843.0,25484.0,25576.0,13720.964333333332,912.1618370521313,13878.028750000001,808.3128943964614,14055.288875,617.1753186196655,24365.157666666666,2919.865865526388,24447.05825,2389.6809976742916,24717.61975,1704.7281603126098,13497.0,1260.2265669315184,13963.75,1389.3174283318651,14468.375,1089.437067939234,24590.333333333332,3390.026597732434,24836.75,2811.4773548201774,24987.875,1869.9818515162137,1363.825999999999,0.09231195132021575,-41.97899999999936,-0.0015200059527139542,1594.0,0.10747033441208198,-244.0,-0.008890832240198265,11437.75,10774.0,-1405.8049999999985,-1838.0
GUI_TOTAL_LOAD_YEARAHEAD_202512312300-202612312300.csv,2025-12-29,2027-01-04,Week 4,4,Poland,PL,15831.0,15772.417,26691.218,26588.0,2027,2026-07-06 20:09:35,2027,1,1,4,winter,1,0,0,0,0.4647231720437685,0.8854560256532099,-58.58300000000054,103.21800000000076,58.58300000000054,103.21800000000076,16137.926,14774.1,13179.626,13209.167,27575.676,27617.655,21969.778,23508.04,16426.0,14832.0,13331.0,12328.0,27200.0,27444.0,20843.0,25484.0,14697.217333333334,1480.6478078278142,14325.20475,1419.5487789612055,14313.703,961.3426104760314,25721.036333333333,3248.7528178767334,25167.78725,2874.126204711896,25081.275,1980.281045143427,14863.0,1547.7328580863045,14229.25,1789.8438246580808,14716.125,1290.0040351542802,25162.333333333332,3742.641357829166,25242.75,3060.083373047211,25317.375,2011.5058280871517,-365.509,-0.022649069031547175,-884.4579999999987,-0.03207384653054379,-595.0,-0.036223061000852264,-612.0,-0.022499999999999964,10918.801000000001,10757.0,-518.9489999999987,-17.0
GUI_TOTAL_LOAD_YEARAHEAD_202512312300-202612312300.csv,2025-12-29,2027-01-04,Week 5,5,Poland,PL,16319.0,15811.64,26628.289,26394.0,2027,2026-07-06 20:09:35,2027,1,1,5,winter,1,0,0,0,0.5680647467311558,0.8229838658936564,-507.3600000000006,234.28900000000067,507.3600000000006,234.28900000000067,15772.417,16137.926,14774.1,13179.626,26691.218,27575.676,27617.655,21969.778,15831.0,16426.0,14832.0,13331.0,26588.0,27200.0,27444.0,20843.0,15561.481,705.9573901029532,14966.017249999999,1323.0868709260608,14435.093625,1085.0592698222233,27294.849666666665,523.1815658658454,25963.581749999998,2696.5860572877987,25150.807625,2031.6630606085928,15696.333333333334,805.4876369835443,15105.0,1353.2334117463502,14832.0,1349.5505071795621,27077.333333333332,440.9867722884033,25518.75,3137.89328212417,25512.875,2054.4636726267186,39.222999999999956,0.0024868097261188105,-62.92900000000009,-0.002357666855068219,488.0,0.030825595350893797,-194.0,-0.007296524748006572,10816.649000000001,10075.0,-102.15200000000004,-682.0
GUI_TOTAL_LOAD_YEARAHEAD_202512312300-202612312300.csv,2025-12-29,2027-01-04,Week 6,6,Poland,PL,15919.0,15604.307,27733.885,28259.0,2027,2026-07-06 20:09:35,2027,1,1,6,winter,1,0,0,0,0.6631226582407952,0.7485107481711011,-314.6929999999993,-525.1150000000016,314.6929999999993,525.1150000000016,15811.64,15772.417,16137.926,14774.1,26628.289,26691.218,27575.676,27617.655,16319.0,15831.0,16426.0,14832.0,26394.0,26588.0,27200.0,27444.0,15907.327666666666,200.6646566645594,15624.02075,589.8266178131613,14644.670375,1176.8563064985542,26965.061,529.743356191032,27128.2095,541.8072361658889,25325.113875,2098.5225822269554,16192.0,317.17975975777597,15852.0,727.6459761908028,14974.375,1447.9989085927373,26727.333333333332,420.67723177436574,26906.5,496.3691502635222,25626.625,2077.697278754262,-207.33299999999872,-0.01311268154347045,1105.5959999999977,0.04151960345630901,-400.0,-0.024511305839818642,1865.0,0.070659998484504,12129.577999999998,12340.0,1312.9289999999964,2265.0
GUI_TOTAL_LOAD_YEARAHEAD_202512312300-202612312300.csv,2025-12-29,2027-01-04,Week 7,7,Poland,PL,15637.0,15536.739,26717.204,26450.0,2027,2026-07-06 20:09:35,2027,1,1,7,winter,1,0,0,0,0.7485107481711011,0.6631226582407953,-100.26100000000042,267.20400000000154,100.26100000000042,267.20400000000154,15604.307,15811.64,15772.417,16137.926,27733.885,26628.289,26691.218,27575.676,15919.0,16319.0,15831.0,16426.0,28259.0,26394.0,26588.0,27200.0,15729.454666666667,110.14111306095604,15831.572499999998,223.15820411312652,14854.800625,1179.719962185936,27017.797333333332,620.9478033811434,27157.267,578.6691063956324,25802.162625,2165.534000563657,16023.0,260.0922913121426,16123.75,292.74718899874404,15043.75,1482.223787807665,27080.333333333332,1025.3537600912887,27110.25,839.3332175006527,25973.5,2272.954653560617,-67.56800000000112,-0.00433008655879441,-1016.6809999999969,-0.03665844146970387,-282.0,-0.01771468057038761,-1809.0,-0.0640150040695,11180.465000000002,10813.0,-949.1129999999957,-1527.0
GUI_TOTAL_LOAD_YEARAHEAD_202512312300-202612312300.csv,2025-12-29,2027-01-04,Week 8,8,Poland,PL,15012.0,14676.08,26786.875,26794.0,2027,2026-07-06 20:09:35,2027,1,1,8,winter,1,0,0,0,0.8229838658936564,0.5680647467311559,-335.9200000000001,-7.125,335.9200000000001,7.125,15536.739,15604.307,15811.64,15772.417,26717.204,27733.885,26628.289,26691.218,15637.0,15919.0,16319.0,15831.0,26450.0,28259.0,26394.0,26588.0,15650.895333333334,143.24976283508093,15681.27575,131.80367433768166,15003.240249999999,1181.7257324619736,27026.459333333332,614.2595336662396,26942.648999999998,528.8098628310393,26055.218125,2135.4488453632875,15958.333333333334,342.6971452074469,15926.5,286.96283150726396,15077.875,1493.7479647326395,27034.333333333332,1060.9619848671978,26922.75,894.5558954028517,26082.75,2272.1236604928513,-860.6589999999997,-0.05539508644639002,69.67099999999846,0.0026077204785350805,-625.0,-0.03996930357485451,344.0,0.013005671077504832,12110.795,11782.0,930.3299999999981,969.0
GUI_TOTAL_LOAD_YEARAHEAD_202512312300-202612312300.csv,2025-12-29,2027-01-04,Week 9,9,Poland,PL,13450.0,13356.695,24154.068,24050.0,2027,2026-07-06 20:09:35,2027,1,1,9,winter,1,0,0,0,0.8854560256532099,0.4647231720437686,-93.30500000000029,104.0679999999993,93.30500000000029,104.0679999999993,14676.08,15536.739,15604.307,15811.64,26786.875,26717.204,27733.885,26628.289,15012.0,15637.0,15919.0,16319.0,26794.0,26450.0,28259.0,26394.0,15272.375333333332,517.5108231450921,15407.1915,501.24501316920765,15186.604375,955.7858196611887,27079.32133333333,567.9381192963382,26966.56325,515.6484716629145,26465.072500000002,1875.5705002839277,15522.666666666666,464.1835125608555,15721.75,549.7098477075579,15413.375,1011.4364519971697,27167.666666666668,960.6457897338358,26974.25,874.5667022398374,26246.5,2270.012083038957,-1319.3850000000002,-0.08990036849076866,-2632.8070000000007,-0.0982872022212371,-1562.0,-0.10405009325872638,-2744.0,-0.1024109875345226,10797.373,10600.0,-1313.4220000000005,-1182.0
GUI_TOTAL_LOAD_YEARAHEAD_202512312300-202612312300.csv,2025-12-29,2027-01-04,Week 10,10,Poland,PL,13925.0,13974.793,22963.663,22730.0,2027,2026-07-06 20:09:35,2027,1,1,10,winter,1,0,0,0,0.9350162426854148,0.35460488704253557,49.792999999999665,233.66300000000047,49.792999999999665,233.66300000000047,13356.695,14676.08,15536.739,15604.307,24154.068,26786.875,26717.204,27733.885,13450.0,15012.0,15637.0,15919.0,24050.0,26794.0,26450.0,28259.0,14523.171333333332,1098.0363180424952,14793.45525,1046.9015010631392,15208.738,903.2775776192576,25886.049,1500.3440106624373,26348.007999999998,1534.3769324858551,26738.10875,1143.9924898307895,14699.666666666666,1126.4574263297009,15004.5,1103.4631847053165,15428.25,976.7154505937864,25764.666666666668,1494.8730157887485,26388.25,1745.0467758773684,26647.375,1219.59465602306,618.098,0.04627626819359132,-1190.4049999999988,-0.049283830781630567,475.0,0.03531598513011147,-1320.0,-0.05488565488565489,8988.87,8805.0,-1808.5029999999988,-1795.0
GUI_TOTAL_LOAD_YEARAHEAD_202512312300-202612312300.csv,2025-12-29,2027-01-04,Week 11,11,Poland,PL,13000.0,12897.3,22279.63,22063.0,2027,2026-07-06 20:09:35,2027,1,1,11,winter,1,0,0,0,0.970941817426052,0.23931566428755804,-102.70000000000073,216.63000000000102,102.70000000000073,216.63000000000102,13974.793,13356.695,14676.08,15536.739,22963.663,24154.068,26786.875,26717.204,13925.0,13450.0,15012.0,15637.0,22730.0,24050.0,26794.0,26450.0,14002.522666666666,660.129453491,14386.07675,937.5333965309843,15108.824625,997.5127129557143,24634.868666666665,1956.4290071546416,25155.4525,1906.7703279287928,26156.35975,1687.1961372695262,14129.0,800.7327893873208,14506.0,997.9802937266174,15314.875,1100.5989846442935,24524.666666666668,2073.163122702444,25006.0,1947.3222640333572,26058.125,1786.6716412288615,-1077.4930000000004,-0.07710260896172128,-684.0329999999994,-0.029787625780782423,-925.0,-0.06642728904847395,-667.0,-0.029344478662560514,9382.330000000002,9063.0,393.46000000000095,258.0
GUI_TOTAL_LOAD_YEARAHEAD_202512312300-202612312300.csv,2025-12-29,2027-01-04,Week 12,12,Poland,PL,13888.0,13648.339,22850.17,22594.0,2027,2026-07-06 20:09:35,2027,1,1,12,winter,1,0,0,0,0.992708874098054,0.120536680255323,-239.66100000000006,256.16999999999825,239.66100000000006,256.16999999999825,12897.3,13974.793,13356.695,14676.08,22279.63,22963.663,24154.068,26786.875,13000.0,13925.0,13450.0,15012.0,22063.0,22730.0,24050.0,26794.0,13409.596,540.6909266050252,13726.217,771.9411998155566,14703.746375,1164.0020683295277,23132.453666666668,948.5500360161486,24046.059,1984.5730693521919,25494.354,2050.6088876957165,13458.333333333334,462.5563028792636,13846.75,863.7759643950887,14886.625,1261.2969444753683,22947.666666666668,1011.2251645075654,23909.25,2092.91365883386,25416.0,2194.2756045154024,751.0390000000007,0.0582322656680081,570.5399999999972,0.025608145198102283,888.0,0.0683076923076924,531.0,0.024067443230748387,9201.830999999998,8706.0,-180.49900000000343,-357.0
GUI_TOTAL_LOAD_YEARAHEAD_202512312300-202612312300.csv,2025-12-29,2027-01-04,Week 13,13,Poland,PL,13581.0,13462.032,23148.995,22700.0,2027,2026-07-06 20:09:35,2027,1,1,13,winter,1,0,0,0,1.0,-1.6081226496766366e-16,-118.96800000000076,448.994999999999,118.96800000000076,448.994999999999,13648.339,12897.3,13974.793,13356.695,22850.17,22279.63,22963.663,24154.068,13888.0,13000.0,13925.0,13450.0,22594.0,22063.0,22730.0,24050.0,13506.810666666666,552.5128895458757,13469.281749999998,457.3262953526005,14438.236625,1127.0803057479313,22697.821,366.5828005007113,23061.88275,787.243586403982,25014.222999999998,2176.169539290422,13604.333333333334,523.6948857238659,13565.75,434.5023014898762,14643.75,1240.3681193212806,22462.333333333332,352.4547252248918,22859.25,844.3859208521515,24916.75,2339.1089115302016,-186.3070000000007,-0.013650525532813984,298.8250000000007,0.013077583230234113,-307.0,-0.022105414746543817,106.0,0.004691511020624928,9686.963,9119.0,485.1320000000014,413.0
GUI_TOTAL_LOAD_YEARAHEAD_202512312300-202612312300.csv,2025-12-29,2027-01-04,Week 14,14,Poland,PL,11900.0,11868.643,22964.174,22988.0,2027,2026-07-06 20:09:35,2027,1,1,14,winter,1,0,0,0,0.992708874098054,-0.12053668025532288,-31.35699999999997,-23.82600000000093,31.35699999999997,23.82600000000093,13462.032,13648.339,12897.3,13974.793,23148.995,22850.17,22279.63,22963.663,13581.0,13888.0,13000.0,13925.0,22700.0,22594.0,22063.0,22730.0,13335.890333333335,391.0865440440708,13495.615999999998,451.6801349664941,14144.535625,1019.0209958187451,22759.59833333333,441.70272345579997,22810.6145,374.80411904213,24579.31125,2155.082949794731,13489.666666666666,450.9903916197474,13598.5,427.75421291515755,14301.5,1079.3838189316448,22452.333333333332,341.31266213452136,22521.75,311.34801000381424,24455.0,2370.2327191348,-1593.3889999999992,-0.11836170052188255,-184.8209999999999,-0.007983975114254416,-1681.0,-0.12377586333848756,288.0,0.01268722466960348,11095.530999999999,11088.0,1408.5679999999993,1969.0
GUI_TOTAL_LOAD_YEARAHEAD_202512312300-202612312300.csv,2025-12-29,2027-01-04,Week 15,15,Poland,PL,11718.0,11322.021,22822.933,22613.0,2027,2026-07-06 20:09:35,2027,1,1,15,winter,1,0,0,0,0.9709418174260521,-0.2393156642875575,-395.97899999999936,209.9330000000009,395.97899999999936,209.9330000000009,11868.643,13462.032,13648.339,12897.3,22964.174,23148.995,22850.17,22279.63,11900.0,13581.0,13888.0,13000.0,22988.0,22700.0,22594.0,22063.0,12993.004666666666,978.1714791713862,12969.0785,800.1059143940603,13677.577625,1106.679919694426,22987.779666666665,150.80456153661294,22810.74225,374.8737540206441,23983.097374999998,1785.8268416170624,13123.0,1070.2144644883099,13092.25,875.987966051284,13799.125,1151.851731219913,22760.666666666668,203.88558883195762,22586.25,386.5198356272745,23796.125,1833.6055376926486,-546.6219999999994,-0.04605598129457589,-141.24099999999817,-0.006150493372851007,-182.0,-0.015294117647058791,-375.0,-0.016312858882895465,11500.912,10895.0,405.3810000000012,-193.0
GUI_TOTAL_LOAD_YEARAHEAD_202512312300-202612312300.csv,2025-12-29,2027-01-04,Week 16,16,Poland,PL,13106.0,12916.549,22282.693,22050.0,2027,2026-07-06 20:09:35,2027,1,1,16,winter,1,0,0,0,0.9350162426854148,-0.35460488704253545,-189.4509999999991,232.6929999999993,189.4509999999991,232.6929999999993,11322.021,11868.643,13462.032,13648.339,22822.933,22964.174,23148.995,22850.17,11718.0,11900.0,13581.0,13888.0,22613.0,22988.0,22700.0,22594.0,12217.565333333332,1111.855146165338,12575.258749999999,1155.8227511212992,13150.737874999999,1098.3668480607973,22978.700666666668,163.51567201418558,22946.568,148.17202749265792,23496.3135,1429.2463833458166,12399.666666666666,1027.1038571309782,12771.75,1121.1953071016064,13309.25,1090.2695276201935,22767.0,196.2727693798113,22723.75,182.11054335211293,23316.5,1514.2738004922185,1594.5280000000002,0.1408342203216193,-540.2400000000016,-0.023670927833859157,1388.0,0.11845024748250554,-563.0,-0.024897183036306503,9366.143999999998,8944.0,-2134.768000000002,-1951.0
GUI_TOTAL_LOAD_YEARAHEAD_202512312300-202612312300.csv,2025-12-29,2027-01-04,Week 17,17,Poland,PL,12901.0,12750.725,21569.5,21550.0,2027,2026-07-06 20:09:35,2027,1,1,17,winter,1,0,0,0,0.8854560256532099,-0.4647231720437685,-150.27499999999964,19.5,150.27499999999964,19.5,12916.549,11322.021,11868.643,13462.032,22282.693,22822.933,22964.174,23148.995,13106.0,11718.0,11900.0,13581.0,22050.0,22613.0,22988.0,22700.0,12035.737666666668,810.2902914495207,12392.311249999999,972.7756433369473,12930.7965,909.1636890031111,22689.933333333334,359.68148665212266,22804.69875,372.7352742598037,22933.29075,586.5564601671748,12241.333333333334,754.3323759015863,12576.25,909.9569128993593,13071.0,845.8860105576612,22550.333333333332,472.1295726104789,22587.75,392.6884897727482,22723.5,626.6691995896164,-165.82400000000052,-0.012838104047760757,-713.1929999999993,-0.03200658914970467,-205.0,-0.015641690828628096,-500.0,-0.0226757369614512,8818.775,8649.0,-547.3689999999988,-295.0
GUI_TOTAL_LOAD_YEARAHEAD_202512312300-202612312300.csv,2025-12-29,2027-01-04,Week 18,18,Poland,PL,11488.0,11211.229,21778.608,21788.0,2027,2026-07-06 20:09:35,2027,1,1,18,winter,1,0,0,0,0.8229838658936565,-0.5680647467311557,-276.77100000000064,-9.391999999999825,276.77100000000064,9.391999999999825,12750.725,12916.549,11322.021,11868.643,21569.5,22282.693,22822.933,22964.174,12901.0,13106.0,11718.0,11900.0,21550.0,22050.0,22613.0,22988.0,12329.765,876.6614950458426,12214.484500000002,752.007508374549,12855.05025,893.7230756391832,22225.042,628.7020754880616,22409.825,632.5265961506576,22610.21975,526.8462115113153,12575.0,749.228269621481,12406.25,698.666527512708,13002.375,832.9162086994689,22071.0,531.811056673345,22300.25,631.4831087738357,22411.0,475.88263859305727,-1539.496000000001,-0.1207379188242238,209.10800000000017,0.009694615081480729,-1413.0,-0.10952639330284475,238.0,0.01104408352668207,10567.379,10300.0,1748.6040000000012,1651.0
GUI_TOTAL_LOAD_YEARAHEAD_202512312300-202612312300.csv,2025-12-29,2027-01-04,Week 19,19,Poland,PL,11962.0,11789.397,20864.216,20869.0,2027,2026-07-06 20:09:35,2027,1,1,19,winter,1,0,0,0,0.7485107481711013,-0.663122658240795,-172.60299999999916,-4.783999999999651,172.60299999999916,4.783999999999651,11211.229,12750.725,12916.549,11322.021,21778.608,21569.5,22282.693,22822.933,11488.0,12901.0,13106.0,11718.0,21788.0,21550.0,22050.0,22613.0,12292.834333333332,940.3600228451585,12050.131000000001,908.3708569492424,12509.60475,932.3434590567824,21876.933666666668,366.6224438797553,22113.4335,559.7648573918603,22462.087874999997,577.4426460976865,12498.333333333334,880.9576228930268,12303.25,818.30368242277,12697.75,890.9039951484307,21796.0,250.09598157511394,22000.25,456.6956499318425,22293.25,501.52588595776297,578.1680000000015,0.05157043888765456,-914.3919999999998,-0.04198578715407342,474.0,0.04126044568245124,-919.0,-0.04217918120066089,9074.819,8907.0,-1492.5600000000013,-1393.0
GUI_TOTAL_LOAD_YEARAHEAD_202512312300-202612312300.csv,2025-12-29,2027-01-04,Week 20,20,Poland,PL,12550.0,12404.999,21791.034,21217.0,2027,2026-07-06 20:09:35,2027,1,1,20,winter,1,0,0,0,0.6631226582407952,-0.7485107481711012,-145.0010000000002,574.0339999999997,145.0010000000002,574.0339999999997,11789.397,11211.229,12750.725,12916.549,20864.216,21778.608,21569.5,22282.693,11962.0,11488.0,12901.0,13106.0,20869.0,21788.0,21550.0,22050.0,11917.117,777.6543462901867,12166.975,808.0100673003393,12371.116875,948.6690483915686,21404.108,479.107574208631,21623.754249999998,588.2238340962012,22285.161125,810.9570290331577,12117.0,719.1390686091247,12364.25,767.6615465164311,12568.0,915.8338901163893,21402.333333333332,476.96366039076037,21564.25,506.4888119856825,22144.0,712.9381860602377,615.601999999999,0.05221658071231294,926.8179999999993,0.04442141511571762,588.0,0.0491556595886975,348.0,0.01667545162681483,9386.035,8667.0,311.21600000000035,-240.0
GUI_TOTAL_LOAD_YEARAHEAD_202512312300-202612312300.csv,2025-12-29,2027-01-04,Week 21,21,Poland,PL,11538.0,11395.375,20889.955,20875.0,2027,2026-07-06 20:09:35,2027,1,1,21,winter,1,0,0,0,0.5680647467311558,-0.8229838658936564,-142.625,14.955000000001746,142.625,14.955000000001746,12404.999,11789.397,11211.229,12750.725,21791.034,20864.216,21778.608,21569.5,12550.0,11962.0,11488.0,12901.0,21217.0,20869.0,21788.0,21550.0,11801.875,596.9828126403795,12039.087500000001,680.1995293174646,12215.699375,799.6807926548981,21477.952666666668,531.5478561497596,21500.839500000002,436.41415056295176,22152.769125,791.7669727611905,12000.0,532.0187966604182,12225.25,625.8164667056939,12400.75,746.9371268243218,21291.333333333332,463.9874279906217,21356.0,400.3123780249633,21971.875,753.8263228357081,-1009.6239999999998,-0.08138847895110668,-901.0789999999979,-0.041350906065311,-1012.0,-0.08063745019920321,-342.0,-0.016119149738417327,9494.580000000002,9337.0,108.54500000000189,670.0
GUI_TOTAL_LOAD_YEARAHEAD_202512312300-202612312300.csv,2025-12-29,2027-01-04,Week 22,22,Poland,PL,11680.0,11596.668,20647.205,21175.0,2027,2026-07-06 20:09:35,2027,1,1,22,winter,1,0,0,0,0.46472317204376906,-0.8854560256532096,-83.33200000000033,-527.7949999999983,83.33200000000033,527.7949999999983,11395.375,12404.999,11789.397,11211.229,20889.955,21791.034,20864.216,21778.608,11538.0,12550.0,11962.0,11488.0,20875.0,21217.0,20869.0,21788.0,11863.257,508.8483369767628,11700.25,528.1125652346334,11957.36725,661.3977368974862,21181.735,527.8253286657412,21330.95325,524.2112133985955,21870.389125,788.5420886645182,12016.666666666666,508.2099303765448,11884.5,491.99288612743044,12145.375,625.0739241995967,20987.0,199.20843355646014,21187.25,432.26872429080606,21743.75,777.7641489735665,201.29299999999967,0.01766444719897331,-242.75,-0.011620417564326968,142.0,0.01230715895302481,300.0,0.014371257485029876,9050.537000000002,9495.0,-444.04299999999967,158.0
GUI_TOTAL_LOAD_YEARAHEAD_202512312300-202612312300.csv,2025-12-29,2027-01-04,Week 23,23,Poland,PL,11731.0,11405.127,20467.566,20631.0,2027,2026-07-06 20:09:35,2027,1,1,23,winter,1,0,0,0,0.35460488704253584,-0.9350162426854147,-325.8729999999996,-163.4340000000011,325.8729999999996,163.4340000000011,11596.668,11395.375,12404.999,11789.397,20647.205,20889.955,21791.034,20864.216,11680.0,11538.0,12550.0,11962.0,21175.0,20875.0,21217.0,20869.0,11799.014000000001,534.362314474943,11796.609750000001,436.3314990840718,11923.370375,673.4892533818819,21109.398,602.6629389609944,21048.1025,507.1130366551145,21580.768000000004,754.1656943433584,11922.666666666666,547.9063180264783,11932.5,447.7957123510662,12117.875,642.0210137860397,21089.0,186.51541491259803,21034.0,187.86165122238475,21517.125,609.3165814489018,-191.54099999999926,-0.01651689950941071,-179.63900000000285,-0.008700402790595807,51.0,0.004366438356164348,-544.0,-0.02569067296340022,9062.438999999998,8900.0,11.901999999996406,-595.0
GUI_TOTAL_LOAD_YEARAHEAD_202512312300-202612312300.csv,2025-12-29,2027-01-04,Week 24,24,Poland,PL,11181.0,11147.989,20941.705,21220.0,2027,2026-07-06 20:09:35,2027,1,1,24,winter,1,0,0,0,0.23931566428755768,-0.970941817426052,-33.01100000000042,-278.29499999999825,33.01100000000042,278.29499999999825,11405.127,11596.668,11395.375,12404.999,20467.566,20647.205,20889.955,21791.034,11731.0,11680.0,11538.0,12550.0,20631.0,21175.0,20875.0,21217.0,11465.723333333333,113.50618781526548,11700.54225,478.69488989642934,11933.758625,663.4548342857789,20668.242000000002,211.9788512025294,20948.940000000002,587.4709845775957,21286.347125,652.9205655211862,11649.666666666666,100.01166598618457,11874.75,457.51311456612774,12119.5,640.8797524831426,20893.666666666668,272.47996868274953,20974.5,275.0145450698943,21269.375,491.6592715343816,-257.13800000000083,-0.022545825224041804,474.13900000000285,0.02316538273285662,-550.0,-0.04688432358707695,589.0,0.02854927051524414,9793.716000000002,10039.0,731.2770000000037,1139.0
GUI_TOTAL_LOAD_YEARAHEAD_202512312300-202612312300.csv,2025-12-29,2027-01-04,Week 25,25,Poland,PL,11319.0,11801.846,21491.821,21588.0,2027,2026-07-06 20:09:35,2027,1,1,25,winter,1,0,0,0,0.12053668025532308,-0.992708874098054,482.84599999999955,-96.17900000000009,482.84599999999955,96.17900000000009,11147.989,11405.127,11596.668,11395.375,20941.705,20467.566,20647.205,20889.955,11181.0,11731.0,11680.0,11538.0,21220.0,20631.0,21175.0,20875.0,11383.261333333334,225.1372732231505,11386.28975,183.92357042974723,11712.688624999999,578.3952730418646,20685.492000000002,239.3770427738269,20736.607750000003,220.57241893948353,21118.723625,518.9864908564523,11530.666666666666,303.8919764214449,11532.5,248.15385012796375,11878.875,575.6344170937404,21008.666666666668,327.84193345780517,20975.25,275.8989851376785,21165.625,377.7852517351303,653.857,0.05865246189245443,550.1159999999982,0.026268921274557044,138.0,0.012342366514622949,368.0,0.017342130065975514,9689.975,10269.0,-103.7410000000018,230.0
GUI_TOTAL_LOAD_YEARAHEAD_202512312300-202612312300.csv,2025-12-29,2027-01-04,Week 26,26,Poland,PL,12813.0,12812.262,22532.494,21919.0,2027,2026-07-06 20:09:35,2027,1,1,26,winter,1,0,0,0,-3.216245299353273e-16,-1.0,-0.7379999999993743,613.4939999999988,0.7379999999993743,613.4939999999988,11801.846,11147.989,11405.127,11596.668,21491.821,20941.705,20467.566,20647.205,11319.0,11181.0,11731.0,11680.0,21588.0,21220.0,20631.0,21175.0,11451.654,329.4022091744699,11487.9075,278.55784914754776,11594.07875,407.0224186970273,20967.03066666667,512.5969355160535,20887.07425,448.04299622337436,21109.01375,509.9967648964734,11410.333333333334,286.1491452605302,11477.75,269.7546724958288,11681.125,426.8430415771667,21146.333333333332,482.73422639517963,21153.5,394.41137576562625,21170.375,383.50412085698645,1010.4160000000011,0.08561508089497205,1040.6729999999989,0.048421815908479715,1494.0,0.13199045852107072,331.0,0.015332592180841154,9720.231999999998,9106.0,30.256999999997788,-1163.0
GUI_TOTAL_LOAD_YEARAHEAD_202512312300-202612312300.csv,2025-12-29,2027-01-04,Week 27,27,Poland,PL,11988.0,11658.516,22857.726,22813.0,2027,2026-07-06 20:09:35,2027,1,1,27,winter,1,0,0,0,-0.12053668025532283,-0.992708874098054,-329.4840000000004,44.72599999999875,329.4840000000004,44.72599999999875,12812.262,11801.846,11147.989,11405.127,22532.494,21491.821,20941.705,20467.566,12813.0,11319.0,11181.0,11731.0,21919.0,21588.0,21220.0,20631.0,11920.699,838.4781937170553,11791.806,731.5399802394296,11794.207875,557.6294098840199,21655.34,807.902381572827,21358.3965,887.6031062377554,21203.249499999998,689.4690971337111,11771.0,905.0325960980625,11761.0,739.2266228971995,11846.75,573.1810359737947,21575.666666666668,349.6631712567863,21339.5,551.9133386079143,21186.75,415.13534798046464,-1153.746000000001,-0.09005014102896125,325.23199999999997,0.01443391042287634,-825.0,-0.06438773121048935,894.0,0.04078653223230977,11199.21,10825.0,1478.978000000001,1719.0
GUI_TOTAL_LOAD_YEARAHEAD_202512312300-202612312300.csv,2025-12-29,2027-01-04,Week 28,28,Poland,PL,11988.0,,,20557.0,2027,2026-07-06 20:09:35,2027,1,1,28,winter,1,0,0,0,-0.23931566428755743,-0.9709418174260521,,,,,11658.516,12812.262,11801.846,11147.989,22857.726,22532.494,21491.821,20941.705,11988.0,12813.0,11319.0,11181.0,22813.0,21919.0,21588.0,21220.0,12090.874666666665,628.8367321851889,11855.15325,697.0524386765708,11777.84775,559.7067883245181,22294.013666666666,713.49756082016,21955.9365,892.5079992262945,21452.43825,882.622873779723,12040.0,748.356198611329,11825.25,746.8790062654047,11850.0,574.0009955192895,22106.666666666668,633.6957734854728,21885.0,681.3648068399191,21429.75,684.2820533752383,,,,,0.0,0.0,-2256.0,-0.09889098321132683,,8569.0,,-2256.0
GUI_TOTAL_LOAD_YEARAHEAD_202512312300-202612312300.csv,2025-12-29,2027-01-04,Week 29,29,Poland,PL,11988.0,,,20557.0,2027,2026-07-06 20:09:35,2027,1,1,29,winter,1,0,0,0,-0.3546048870425356,-0.9350162426854148,,,,,,11658.516,12812.262,11801.846,,22857.726,22532.494,21491.821,11988.0,11988.0,12813.0,11319.0,20557.0,22813.0,21919.0,21588.0,,,,,,,,,,,,,12263.0,476.31397208144006,12027.0,611.5831913975386,11779.75,506.5151950900725,21763.0,1136.0616180471982,21719.25,931.7082429602093,21347.25,750.2069714418842,,,,,0.0,0.0,0.0,0.0,,8569.0,,0.0
GUI_TOTAL_LOAD_YEARAHEAD_202512312300-202612312300.csv,2025-12-29,2027-01-04,Week 30,30,Poland,PL,11988.0,,,20557.0,2027,2026-07-06 20:09:35,2027,1,1,30,winter,1,0,0,0,-0.46472317204376806,-0.8854560256532101,,,,,,,11658.516,12812.262,,,22857.726,22532.494,11988.0,11988.0,11988.0,12813.0,20557.0,20557.0,22813.0,21919.0,,,,,,,,,,,,,11988.0,0.0,12194.25,412.499999999998,11836.0,500.7873800326764,21309.0,1302.5022072918025,21461.5,1106.3602487435999,21307.5,786.3576067631634,,,,,0.0,0.0,0.0,0.0,,8569.0,,0.0
GUI_TOTAL_LOAD_YEARAHEAD_202512312300-202612312300.csv,2025-12-29,2027-01-04,Week 31,31,Poland,PL,12100.0,,,20557.0,2027,2026-07-06 20:09:35,2027,1,1,31,winter,1,0,0,0,-0.5680647467311556,-0.8229838658936566,,,,,,,,11658.516,,,,22857.726,11988.0,11988.0,11988.0,11988.0,20557.0,20557.0,20557.0,22813.0,,,,,,,,,,,,,11988.0,0.0,11988.0,0.0,11874.5,498.9168267356723,20557.0,0.0,21121.0,1128.0,21230.25,830.3580552990404,,,,,112.0,0.009342676009342687,0.0,0.0,,8457.0,,-112.0
GUI_TOTAL_LOAD_YEARAHEAD_202512312300-202612312300.csv,2025-12-29,2027-01-04,Week 32,32,Poland,PL,11600.0,,,21800.0,2027,2026-07-06 20:09:35,2027,1,1,32,winter,1,0,0,0,-0.663122658240795,-0.7485107481711013,,,,,,,,,,,,,12100.0,11988.0,11988.0,11988.0,20557.0,20557.0,20557.0,20557.0,,,,,,,,,,,,,12025.333333333334,64.66323014923782,12016.0,56.0,11920.625,500.80847137403106,20557.0,0.0,20557.0,0.0,21221.0,838.3608156055848,,,,,-500.0,-0.04132231404958675,1243.0,0.06046602130661083,,10200.0,,1743.0
GUI_TOTAL_LOAD_YEARAHEAD_202512312300-202612312300.csv,2025-12-29,2027-01-04,Week 33,33,Poland,PL,10700.0,,,21700.0,2027,2026-07-06 20:09:35,2027,1,1,33,winter,1,0,0,0,-0.7485107481711011,-0.6631226582407952,,,,,,,,,,,,,11600.0,12100.0,11988.0,11988.0,21800.0,20557.0,20557.0,20557.0,,,,,,,,,,,,,11896.0,262.38902416069146,11919.0,219.12249237964303,11973.0,429.19759019426704,20971.333333333332,717.6463846027053,20867.75,621.5,21293.5,862.9792250437707,,,,,-900.0,-0.07758620689655171,-100.0,-0.004587155963302725,,11000.0,,800.0
GUI_TOTAL_LOAD_YEARAHEAD_202512312300-202612312300.csv,2025-12-29,2027-01-04,Week 34,34,Poland,PL,12100.0,,,21600.0,2027,2026-07-06 20:09:35,2027,1,1,34,winter,1,0,0,0,-0.8229838658936564,-0.5680647467311559,,,,,,,,,,,,,10700.0,11600.0,12100.0,11988.0,21700.0,21800.0,20557.0,20557.0,,,,,,,,,,,,,11466.666666666666,709.4598884597584,11597.0,635.2185975447088,11895.625,589.7204997769164,21352.333333333332,690.5912925409173,21153.5,689.987681049452,21307.5,869.32453252922,,,,,1400.0,0.13084112149532712,-100.0,-0.004608294930875556,,9500.0,,-1500.0
GUI_TOTAL_LOAD_YEARAHEAD_202512312300-202612312300.csv,2025-12-29,2027-01-04,Week 35,35,Poland,PL,12300.0,,,21700.0,2027,2026-07-06 20:09:35,2027,1,1,35,winter,1,0,0,0,-0.8854560256532096,-0.4647231720437691,,,,,,,,,,,,,12100.0,10700.0,11600.0,12100.0,21600.0,21700.0,21800.0,20557.0,,,,,,,,,,,,,11466.666666666666,709.4598884597584,11625.0,660.1767440112787,11806.5,473.7446569619459,21700.0,100.00000000001077,21414.25,577.303141050408,21267.625,844.2223704180611,,,,,200.0,0.016528925619834656,100.0,0.004629629629629539,,9400.0,,-100.0
GUI_TOTAL_LOAD_YEARAHEAD_202512312300-202612312300.csv,2025-12-29,2027-01-04,Week 36,36,Poland,PL,13100.0,,,21900.0,2027,2026-07-06 20:09:35,2027,1,1,36,winter,1,0,0,0,-0.9350162426854147,-0.3546048870425359,,,,,,,,,,,,,12300.0,12100.0,10700.0,11600.0,21700.0,21600.0,21700.0,21800.0,,,,,,,,,,,,,11700.0,871.7797887081344,11675.0,713.5591542869216,11845.5,502.77373496576075,21666.666666666668,57.735026918980964,21700.0,81.64965809277712,21128.5,613.2929852152964,,,,,800.0,0.06504065040650397,200.0,0.009216589861751112,,8800.0,,-600.0
GUI_TOTAL_LOAD_YEARAHEAD_202512312300-202612312300.csv,2025-12-29,2027-01-04,Week 37,37,Poland,PL,13200.0,,,22300.0,2027,2026-07-06 20:09:35,2027,1,1,37,winter,1,0,0,0,-0.970941817426052,-0.23931566428755774,,,,,,,,,,,,,13100.0,12300.0,12100.0,10700.0,21900.0,21700.0,21600.0,21700.0,,,,,,,,,,,,,12500.0,529.1502622129177,12050.0,998.3319421247959,11984.5,672.7731521736796,21733.333333333332,152.7525231652022,21725.0,125.83057392118198,21296.375,618.2974174526166,,,,,100.0,0.007633587786259444,400.0,0.0182648401826484,,9100.0,,300.0
GUI_TOTAL_LOAD_YEARAHEAD_202512312300-202612312300.csv,2025-12-29,2027-01-04,Week 38,38,Poland,PL,13600.0,,,22500.0,2027,2026-07-06 20:09:35,2027,1,1,38,winter,1,0,0,0,-0.992708874098054,-0.12053668025532357,,,,,,,,,,,,,13200.0,13100.0,12300.0,12100.0,22300.0,21900.0,21700.0,21600.0,,,,,,,,,,,,,12866.666666666666,493.2882862316244,12675.0,556.0275772537427,12136.0,798.4069853688103,21966.666666666668,305.5050463303928,21875.0,309.5695936834466,21514.25,627.5659897003463,,,,,400.0,0.030303030303030276,200.0,0.008968609865470878,,8900.0,,-200.0
GUI_TOTAL_LOAD_YEARAHEAD_202512312300-202612312300.csv,2025-12-29,2027-01-04,Week 39,39,Poland,PL,13300.0,,,22700.0,2027,2026-07-06 20:09:35,2027,1,1,39,winter,1,0,0,0,-1.0,-1.8369701987210297e-16,,,,,,,,,,,,,13600.0,13200.0,13100.0,12300.0,22500.0,22300.0,21900.0,21700.0,,,,,,,,,,,,,13300.0,264.57513110645897,13050.0,544.6711546122734,12337.5,945.5723890095054,22233.333333333332,305.5050463303928,22100.0,365.1483716701116,21757.125,578.2168247539803,,,,,-300.0,-0.022058823529411797,200.0,0.008888888888888946,,9400.0,,500.0
GUI_TOTAL_LOAD_YEARAHEAD_202512312300-202612312300.csv,2025-12-29,2027-01-04,Week 40,40,Poland,PL,13700.0,,,23200.0,2027,2026-07-06 20:09:35,2027,1,1,40,winter,1,0,0,0,-0.992708874098054,0.1205366802553232,,,,,,,,,,,,,13300.0,13600.0,13200.0,13100.0,22700.0,22500.0,22300.0,21900.0,,,,,,,,,,,,,13366.666666666666,208.16659994661305,13300.0,216.02468994692958,12487.5,996.3325606586259,22500.0,200.00000000000608,22350.0,341.565025531988,22025.0,416.619044897653,,,,,400.0,0.03007518796992481,500.0,0.022026431718061623,,9500.0,,100.0
GUI_TOTAL_LOAD_YEARAHEAD_202512312300-202612312300.csv,2025-12-29,2027-01-04,Week 41,41,Poland,PL,14200.0,,,23400.0,2027,2026-07-06 20:09:35,2027,1,1,41,winter,1,0,0,0,-0.9709418174260521,0.23931566428755738,,,,,,,,,,,,,13700.0,13300.0,13600.0,13200.0,23200.0,22700.0,22500.0,22300.0,,,,,,,,,,,,,13533.333333333334,208.16659994661305,13450.0,238.0476142847627,12750.0,1005.6980518170345,22800.0,360.5551275464023,22675.0,386.22100754188347,22200.0,573.2115042211142,,,,,500.0,0.03649635036496357,200.0,0.008620689655172376,,9200.0,,-300.0
GUI_TOTAL_LOAD_YEARAHEAD_202512312300-202612312300.csv,2025-12-29,2027-01-04,Week 42,42,Poland,PL,14200.0,,,23400.0,2027,2026-07-06 20:09:35,2027,1,1,42,winter,1,0,0,0,-0.9350162426854148,0.35460488704253557,,,,,,,,,,,,,14200.0,13700.0,13300.0,13600.0,23400.0,23200.0,22700.0,22500.0,,,,,,,,,,,,,13733.333333333334,450.9249752822891,13700.0,374.1657386773946,13187.5,701.9106577254589,23100.0,360.5551275464023,22950.0,420.3173404306175,22412.5,668.5538764484799,,,,,0.0,0.0,0.0,0.0,,9200.0,,0.0
GUI_TOTAL_LOAD_YEARAHEAD_202512312300-202612312300.csv,2025-12-29,2027-01-04,Week 43,43,Poland,PL,13900.0,,,23600.0,2027,2026-07-06 20:09:35,2027,1,1,43,winter,1,0,0,0,-0.8854560256532101,0.464723172043768,,,,,,,,,,,,,14200.0,14200.0,13700.0,13300.0,23400.0,23400.0,23200.0,22700.0,,,,,,,,,,,,,14033.333333333334,288.67513459481194,13850.0,435.8898943540676,13450.0,625.6425268702495,23333.333333333332,115.47005383793594,23175.0,330.4037933599849,22637.5,658.8680769753128,,,,,-300.0,-0.021126760563380254,200.0,0.008547008547008517,,9700.0,,500.0
GUI_TOTAL_LOAD_YEARAHEAD_202512312300-202612312300.csv,2025-12-29,2027-01-04,Week 44,44,Poland,PL,13500.0,,,24000.0,2027,2026-07-06 20:09:35,2027,1,1,44,winter,1,0,0,0,-0.822983865893657,0.5680647467311548,,,,,,,,,,,,,13900.0,14200.0,14200.0,13700.0,23600.0,23400.0,23400.0,23200.0,,,,,,,,,,,,,14100.0,173.20508075688772,14000.0,244.9489742783181,13650.0,430.9458036856936,23466.666666666668,115.47005383792462,23400.0,163.29931618554892,22875.0,613.5377506140718,,,,,-400.0,-0.02877697841726623,400.0,0.016949152542372836,,10500.0,,800.0
GUI_TOTAL_LOAD_YEARAHEAD_202512312300-202612312300.csv,2025-12-29,2027-01-04,Week 45,45,Poland,PL,13600.0,,,24500.0,2027,2026-07-06 20:09:35,2027,1,1,45,winter,1,0,0,0,-0.7485107481711011,0.6631226582407952,,,,,,,,,,,,,13500.0,13900.0,14200.0,14200.0,24000.0,23600.0,23400.0,23400.0,,,,,,,,,,,,,13866.666666666666,351.1884584284244,13950.0,331.66247903554023,13700.0,377.96447300925826,23666.666666666668,305.50504633038855,23600.0,282.8427124746207,23137.5,585.3875395228148,,,,,100.0,0.007407407407407307,500.0,0.02083333333333326,,10900.0,,400.0
GUI_TOTAL_LOAD_YEARAHEAD_202512312300-202612312300.csv,2025-12-29,2027-01-04,Week 46,46,Poland,PL,14700.0,,,24700.0,2027,2026-07-06 20:09:35,2027,1,1,46,winter,1,0,0,0,-0.6631226582407955,0.7485107481711007,,,,,,,,,,,,,13600.0,13500.0,13900.0,14200.0,24500.0,24000.0,23600.0,23400.0,,,,,,,,,,,,,13666.666666666666,208.16659994661242,13800.0,316.227766016838,13750.0,325.13733362121,24033.333333333332,450.9249752822891,23875.0,485.6267428111162,23412.5,649.037749287361,,,,,1100.0,0.0808823529411764,200.0,0.008163265306122547,,10000.0,,-900.0
GUI_TOTAL_LOAD_YEARAHEAD_202512312300-202612312300.csv,2025-12-29,2027-01-04,Week 47,47,Poland,PL,14800.0,,,25100.0,2027,2026-07-06 20:09:35,2027,1,1,47,winter,1,0,0,0,-0.5680647467311559,0.8229838658936564,,,,,,,,,,,,,14700.0,13600.0,13500.0,13900.0,24700.0,24500.0,24000.0,23600.0,,,,,,,,,,,,,13933.333333333334,665.8328118479386,13925.0,543.9056290693575,13887.5,458.06269065648115,24400.0,360.55512754639904,24200.0,496.655480858379,23687.5,672.813920358798,,,,,100.0,0.006802721088435382,400.0,0.0161943319838056,,10300.0,,300.0
GUI_TOTAL_LOAD_YEARAHEAD_202512312300-202612312300.csv,2025-12-29,2027-01-04,Week 48,48,Poland,PL,15300.0,,,25400.0,2027,2026-07-06 20:09:35,2027,1,1,48,winter,1,0,0,0,-0.4647231720437684,0.88545602565321,,,,,,,,,,,,,14800.0,14700.0,13600.0,13500.0,25100.0,24700.0,24500.0,24000.0,,,,,,,,,,,,,14366.666666666666,665.8328118479386,14150.0,695.221787153807,14075.0,489.1683905218569,24766.666666666668,305.50504633038895,24575.0,457.3474244670759,23987.5,703.9429765866822,,,,,500.0,0.03378378378378377,300.0,0.01195219123505975,,10100.0,,-200.0
GUI_TOTAL_LOAD_YEARAHEAD_202512312300-202612312300.csv,2025-12-29,2027-01-04,Week 49,49,Poland,PL,15300.0,,,25600.0,2027,2026-07-06 20:09:35,2027,1,1,49,winter,1,0,0,0,-0.35460488704253595,0.9350162426854147,,,,,,,,,,,,,15300.0,14800.0,14700.0,13600.0,25400.0,25100.0,24700.0,24500.0,,,,,,,,,,,,,14933.333333333334,321.4550253664308,14600.0,716.4728420068228,14275.0,622.7817778782354,25066.666666666668,351.18845842842353,24925.0,403.1128874149282,24262.5,778.1617532915109,,,,,0.0,0.0,200.0,0.007874015748031482,,10300.0,,200.0
GUI_TOTAL_LOAD_YEARAHEAD_202512312300-202612312300.csv,2025-12-29,2027-01-04,Week 50,50,Poland,PL,15400.0,,,25600.0,2027,2026-07-06 20:09:35,2027,1,1,50,winter,1,0,0,0,-0.2393156642875578,0.970941817426052,,,,,,,,,,,,,15300.0,15300.0,14800.0,14700.0,25600.0,25400.0,25100.0,24700.0,,,,,,,,,,,,,15133.333333333334,288.67513459481137,15025.0,320.1562118716425,14412.5,718.0081575342648,25366.666666666668,251.66114784235572,25200.0,391.57800414902465,24537.5,817.552969013544,,,,,100.0,0.006535947712418277,0.0,0.0,,10200.0,,-100.0
GUI_TOTAL_LOAD_YEARAHEAD_202512312300-202612312300.csv,2025-12-29,2027-01-04,Week 51,51,Poland,PL,15200.0,,,25600.0,2027,2026-07-06 20:09:35,2027,1,1,51,winter,1,0,0,0,-0.12053668025532363,0.992708874098054,,,,,,,,,,,,,15400.0,15300.0,15300.0,14800.0,25600.0,25600.0,25400.0,25100.0,,,,,,,,,,,,,15333.333333333334,57.73502691896231,15200.0,270.8012801545319,14562.5,789.0998488332192,25533.333333333332,115.47005383791867,25425.0,236.29078131263037,24812.5,747.2568883207841,,,,,-200.0,-0.012987012987012991,0.0,0.0,,10400.0,,200.0
GUI_TOTAL_LOAD_YEARAHEAD_202512312300-202612312300.csv,2025-12-29,2027-01-04,Week 52,52,Poland,PL,12400.0,,,25400.0,2027,2026-07-06 20:09:35,2027,1,1,52,winter,1,0,0,0,6.432490598706546e-16,1.0,,,,,,,,,,,,,15200.0,15400.0,15300.0,15300.0,25600.0,25600.0,25600.0,25400.0,,,,,,,,,,,,,15300.0,99.99999999999977,15300.0,81.64965809277187,14725.0,766.7184247539532,25600.0,0.0,25550.0,100.00000000000067,25062.5,604.5954964153453,,,,,-2800.0,-0.1842105263157895,-200.0,-0.0078125,,13000.0,,2600.0
GUI_TOTAL_LOAD_YEARAHEAD_202512312300-202612312300.csv,2025-12-29,2027-01-04,Week 1,1,Poland,PL,14100.0,,,24700.0,2027,2026-07-06 20:09:35,2027,1,1,1,winter,1,0,0,0,0.12053668025532305,0.992708874098054,,,,,,,,,,,,,12400.0,15200.0,15400.0,15300.0,25400.0,25600.0,25600.0,25600.0,,,,,,,,,,,,,14333.333333333334,1677.2994167212169,14575.0,1452.2970311429638,14587.5,1060.2391913418317,25533.333333333332,115.47005383792462,25550.0,100.0,25237.5,430.7385683749692,,,,,1700.0,0.1370967741935485,-700.0,-0.027559055118110187,,10600.0,,-2400.0
